date,value,name
2004-01-02,12.37,VXTLT
2004-01-05,12.99,VXTLT
2004-01-06,12.02,VXTLT
2004-01-07,11.03,VXTLT
2004-01-08,11.37,VXTLT
2004-01-09,10.52,VXTLT
2004-01-12,10.51,VXTLT
2004-01-13,10.23,VXTLT
2004-01-14,10.95,VXTLT
2004-01-15,10.84,VXTLT
2004-01-16,10.99,VXTLT
2004-01-20,11.76,VXTLT
2004-01-21,11.0,VXTLT
2004-01-22,11.12,VXTLT
2004-01-23,11.56,VXTLT
2004-01-26,12.21,VXTLT
2004-01-27,12.03,VXTLT
2004-01-28,12.04,VXTLT
2004-01-29,12.42,VXTLT
2004-01-30,11.88,VXTLT
2004-02-02,12.19,VXTLT
2004-02-03,12.29,VXTLT
2004-02-04,12.35,VXTLT
2004-02-05,13.2,VXTLT
2004-02-06,11.76,VXTLT
2004-02-09,11.41,VXTLT
2004-02-10,11.76,VXTLT
2004-02-11,10.46,VXTLT
2004-02-12,10.57,VXTLT
2004-02-13,10.28,VXTLT
2004-02-17,9.99,VXTLT
2004-02-18,10.26,VXTLT
2004-02-19,10.26,VXTLT
2004-02-20,10.3,VXTLT
2004-02-23,9.66,VXTLT
2004-02-24,9.91,VXTLT
2004-02-25,10.05,VXTLT
2004-02-26,10.0,VXTLT
2004-02-27,10.09,VXTLT
2004-03-01,10.51,VXTLT
2004-03-02,10.96,VXTLT
2004-03-03,11.11,VXTLT
2004-03-04,10.39,VXTLT
2004-03-05,9.62,VXTLT
2004-03-08,10.05,VXTLT
2004-03-09,10.46,VXTLT
2004-03-10,10.4,VXTLT
2004-03-11,10.79,VXTLT
2004-03-12,11.1,VXTLT
2004-03-15,11.06,VXTLT
2004-03-16,10.68,VXTLT
2004-03-17,11.23,VXTLT
2004-03-18,11.08,VXTLT
2004-03-19,10.76,VXTLT
2004-03-22,10.77,VXTLT
2004-03-23,10.69,VXTLT
2004-03-24,10.9,VXTLT
2004-03-25,11.29,VXTLT
2004-03-26,11.48,VXTLT
2004-03-29,11.78,VXTLT
2004-03-30,11.64,VXTLT
2004-03-31,11.51,VXTLT
2004-04-01,12.58,VXTLT
2004-04-02,12.14,VXTLT
2004-04-05,12.48,VXTLT
2004-04-06,11.43,VXTLT
2004-04-07,11.42,VXTLT
2004-04-08,11.71,VXTLT
2004-04-12,11.24,VXTLT
2004-04-13,11.43,VXTLT
2004-04-14,11.58,VXTLT
2004-04-15,11.84,VXTLT
2004-04-16,11.46,VXTLT
2004-04-19,12.53,VXTLT
2004-04-20,12.72,VXTLT
2004-04-21,12.06,VXTLT
2004-04-22,10.88,VXTLT
2004-04-23,11.21,VXTLT
2004-04-26,11.73,VXTLT
2004-04-27,11.79,VXTLT
2004-04-28,12.57,VXTLT
2004-04-29,12.36,VXTLT
2004-04-30,12.23,VXTLT
2004-05-03,12.89,VXTLT
2004-05-04,13.06,VXTLT
2004-05-05,13.19,VXTLT
2004-05-06,13.75,VXTLT
2004-05-07,12.33,VXTLT
2004-05-10,12.13,VXTLT
2004-05-11,11.67,VXTLT
2004-05-12,12.03,VXTLT
2004-05-13,11.84,VXTLT
2004-05-14,11.76,VXTLT
2004-05-17,11.71,VXTLT
2004-05-18,11.23,VXTLT
2004-05-19,11.64,VXTLT
2004-05-20,11.53,VXTLT
2004-05-21,11.56,VXTLT
2004-05-24,11.58,VXTLT
2004-05-25,10.87,VXTLT
2004-05-26,11.08,VXTLT
2004-05-27,11.06,VXTLT
2004-05-28,10.91,VXTLT
2004-06-01,11.66,VXTLT
2004-06-02,11.64,VXTLT
2004-06-03,11.78,VXTLT
2004-06-04,10.82,VXTLT
2004-06-07,10.14,VXTLT
2004-06-08,9.85,VXTLT
2004-06-09,10.22,VXTLT
2004-06-10,10.35,VXTLT
2004-06-14,11.33,VXTLT
2004-06-15,10.0,VXTLT
2004-06-16,10.21,VXTLT
2004-06-17,9.88,VXTLT
2004-06-18,9.56,VXTLT
2004-06-21,9.77,VXTLT
2004-06-22,10.12,VXTLT
2004-06-23,10.08,VXTLT
2004-06-24,10.66,VXTLT
2004-06-25,10.24,VXTLT
2004-06-28,10.32,VXTLT
2004-06-29,10.36,VXTLT
2004-06-30,9.79,VXTLT
2004-07-01,9.5,VXTLT
2004-07-02,9.09,VXTLT
2004-07-06,9.57,VXTLT
2004-07-07,9.69,VXTLT
2004-07-08,9.44,VXTLT
2004-07-09,9.49,VXTLT
2004-07-12,10.04,VXTLT
2004-07-13,10.33,VXTLT
2004-07-14,10.18,VXTLT
2004-07-15,10.27,VXTLT
2004-07-16,9.11,VXTLT
2004-07-19,9.76,VXTLT
2004-07-20,9.94,VXTLT
2004-07-21,9.71,VXTLT
2004-07-22,9.26,VXTLT
2004-07-23,9.35,VXTLT
2004-07-26,9.35,VXTLT
2004-07-27,10.16,VXTLT
2004-07-28,10.08,VXTLT
2004-07-29,10.12,VXTLT
2004-07-30,10.09,VXTLT
2004-08-02,10.67,VXTLT
2004-08-03,10.77,VXTLT
2004-08-04,10.59,VXTLT
2004-08-05,10.72,VXTLT
2004-08-06,9.89,VXTLT
2004-08-09,10.11,VXTLT
2004-08-10,9.9,VXTLT
2004-08-11,9.78,VXTLT
2004-08-12,9.54,VXTLT
2004-08-13,9.67,VXTLT
2004-08-16,9.53,VXTLT
2004-08-17,10.02,VXTLT
2004-08-18,10.31,VXTLT
2004-08-19,10.29,VXTLT
2004-08-20,10.35,VXTLT
2004-08-23,10.44,VXTLT
2004-08-24,10.66,VXTLT
2004-08-25,10.46,VXTLT
2004-08-26,10.43,VXTLT
2004-08-27,9.96,VXTLT
2004-08-30,10.45,VXTLT
2004-08-31,10.34,VXTLT
2004-09-01,10.56,VXTLT
2004-09-02,11.17,VXTLT
2004-09-03,8.9,VXTLT
2004-09-07,9.25,VXTLT
2004-09-08,9.65,VXTLT
2004-09-09,8.97,VXTLT
2004-09-10,9.02,VXTLT
2004-09-13,9.2,VXTLT
2004-09-14,8.73,VXTLT
2004-09-15,8.75,VXTLT
2004-09-16,9.54,VXTLT
2004-09-17,9.03,VXTLT
2004-09-20,9.44,VXTLT
2004-09-21,9.31,VXTLT
2004-09-22,9.33,VXTLT
2004-09-23,9.75,VXTLT
2004-09-24,9.63,VXTLT
2004-09-27,9.65,VXTLT
2004-09-28,10.16,VXTLT
2004-09-29,9.78,VXTLT
2004-09-30,10.13,VXTLT
2004-10-01,9.67,VXTLT
2004-10-04,10.1,VXTLT
2004-10-05,9.16,VXTLT
2004-10-06,9.46,VXTLT
2004-10-07,9.65,VXTLT
2004-10-08,8.33,VXTLT
2004-10-11,8.61,VXTLT
2004-10-12,8.36,VXTLT
2004-10-13,7.91,VXTLT
2004-10-14,8.93,VXTLT
2004-10-15,8.42,VXTLT
2004-10-18,8.11,VXTLT
2004-10-19,8.3,VXTLT
2004-10-20,8.71,VXTLT
2004-10-21,8.5,VXTLT
2004-10-22,8.53,VXTLT
2004-10-25,9.41,VXTLT
2004-10-26,9.32,VXTLT
2004-10-27,9.42,VXTLT
2004-10-28,9.64,VXTLT
2004-10-29,9.21,VXTLT
2004-11-01,9.79,VXTLT
2004-11-02,9.52,VXTLT
2004-11-03,9.32,VXTLT
2004-11-04,9.31,VXTLT
2004-11-05,9.17,VXTLT
2004-11-08,9.56,VXTLT
2004-11-09,9.3,VXTLT
2004-11-10,8.72,VXTLT
2004-11-11,9.17,VXTLT
2004-11-12,8.82,VXTLT
2004-11-15,8.9,VXTLT
2004-11-16,8.88,VXTLT
2004-11-17,8.49,VXTLT
2004-11-18,8.58,VXTLT
2004-11-19,9.03,VXTLT
2004-11-22,8.9,VXTLT
2004-11-23,9.13,VXTLT
2004-11-24,9.12,VXTLT
2004-11-26,9.42,VXTLT
2004-11-29,10.1,VXTLT
2004-11-30,9.81,VXTLT
2004-12-01,10.11,VXTLT
2004-12-02,10.23,VXTLT
2004-12-03,9.24,VXTLT
2004-12-06,8.59,VXTLT
2004-12-07,8.33,VXTLT
2004-12-08,8.84,VXTLT
2004-12-09,8.87,VXTLT
2004-12-10,8.86,VXTLT
2004-12-13,9.08,VXTLT
2004-12-14,9.26,VXTLT
2004-12-15,9.81,VXTLT
2004-12-16,10.43,VXTLT
2004-12-17,10.48,VXTLT
2004-12-20,10.06,VXTLT
2004-12-21,9.92,VXTLT
2004-12-22,9.7,VXTLT
2004-12-23,9.18,VXTLT
2004-12-27,10.41,VXTLT
2004-12-28,10.19,VXTLT
2004-12-29,10.16,VXTLT
2004-12-30,10.43,VXTLT
2004-12-31,10.21,VXTLT
2005-01-03,10.59,VXTLT
2005-01-04,10.37,VXTLT
2005-01-05,10.5,VXTLT
2005-01-06,10.63,VXTLT
2005-01-07,9.19,VXTLT
2005-01-10,9.38,VXTLT
2005-01-11,9.59,VXTLT
2005-01-12,9.28,VXTLT
2005-01-13,8.91,VXTLT
2005-01-14,9.39,VXTLT
2005-01-18,9.98,VXTLT
2005-01-19,9.34,VXTLT
2005-01-20,9.64,VXTLT
2005-01-21,9.57,VXTLT
2005-01-24,9.86,VXTLT
2005-01-25,9.65,VXTLT
2005-01-26,9.73,VXTLT
2005-01-27,9.53,VXTLT
2005-01-28,9.53,VXTLT
2005-01-31,9.84,VXTLT
2005-02-01,9.76,VXTLT
2005-02-02,9.47,VXTLT
2005-02-03,9.86,VXTLT
2005-02-04,9.64,VXTLT
2005-02-07,9.37,VXTLT
2005-02-08,10.01,VXTLT
2005-02-09,10.56,VXTLT
2005-02-10,11.12,VXTLT
2005-02-11,10.66,VXTLT
2005-02-14,11.18,VXTLT
2005-02-15,11.51,VXTLT
2005-02-16,10.39,VXTLT
2005-02-17,10.17,VXTLT
2005-02-18,10.21,VXTLT
2005-02-22,10.81,VXTLT
2005-02-23,10.27,VXTLT
2005-02-24,10.48,VXTLT
2005-02-25,10.29,VXTLT
2005-02-28,11.46,VXTLT
2005-03-01,11.07,VXTLT
2005-03-02,11.13,VXTLT
2005-03-03,11.06,VXTLT
2005-03-04,9.33,VXTLT
2005-03-07,9.92,VXTLT
2005-03-08,10.09,VXTLT
2005-03-09,11.24,VXTLT
2005-03-10,10.83,VXTLT
2005-03-11,11.51,VXTLT
2005-03-14,11.72,VXTLT
2005-03-15,11.82,VXTLT
2005-03-16,11.63,VXTLT
2005-03-17,11.29,VXTLT
2005-03-18,10.76,VXTLT
2005-03-21,11.46,VXTLT
2005-03-22,11.36,VXTLT
2005-03-23,10.97,VXTLT
2005-03-24,10.91,VXTLT
2005-03-28,11.28,VXTLT
2005-03-29,11.11,VXTLT
2005-03-30,11.08,VXTLT
2005-03-31,10.73,VXTLT
2005-04-01,9.66,VXTLT
2005-04-04,9.67,VXTLT
2005-04-05,9.99,VXTLT
2005-04-06,9.58,VXTLT
2005-04-07,9.96,VXTLT
2005-04-08,9.83,VXTLT
2005-04-11,9.37,VXTLT
2005-04-12,8.88,VXTLT
2005-04-13,8.73,VXTLT
2005-04-14,8.82,VXTLT
2005-04-15,9.47,VXTLT
2005-04-18,10.64,VXTLT
2005-04-19,9.91,VXTLT
2005-04-20,9.8,VXTLT
2005-04-21,10.06,VXTLT
2005-04-22,9.69,VXTLT
2005-04-25,10.15,VXTLT
2005-04-26,10.35,VXTLT
2005-04-27,10.23,VXTLT
2005-04-28,10.23,VXTLT
2005-04-29,10.78,VXTLT
2005-05-02,10.75,VXTLT
2005-05-03,10.97,VXTLT
2005-05-04,10.68,VXTLT
2005-05-05,10.74,VXTLT
2005-05-06,10.22,VXTLT
2005-05-09,10.32,VXTLT
2005-05-10,10.24,VXTLT
2005-05-11,10.66,VXTLT
2005-05-12,10.62,VXTLT
2005-05-13,10.59,VXTLT
2005-05-16,10.88,VXTLT
2005-05-17,10.51,VXTLT
2005-05-18,10.01,VXTLT
2005-05-19,10.03,VXTLT
2005-05-20,9.61,VXTLT
2005-05-23,9.89,VXTLT
2005-05-24,10.5,VXTLT
2005-05-25,10.37,VXTLT
2005-05-26,10.18,VXTLT
2005-05-27,10.01,VXTLT
2005-05-31,10.09,VXTLT
2005-06-01,10.94,VXTLT
2005-06-02,10.64,VXTLT
2005-06-06,11.73,VXTLT
2005-06-07,11.78,VXTLT
2005-06-08,11.45,VXTLT
2005-06-09,11.31,VXTLT
2005-06-10,10.77,VXTLT
2005-06-13,11.1,VXTLT
2005-06-14,10.93,VXTLT
2005-06-15,10.69,VXTLT
2005-06-16,10.43,VXTLT
2005-06-17,10.19,VXTLT
2005-06-20,12.89,VXTLT
2005-06-21,9.88,VXTLT
2005-06-23,10.43,VXTLT
2005-06-24,9.95,VXTLT
2005-06-27,10.77,VXTLT
2005-06-28,11.17,VXTLT
2005-06-29,10.93,VXTLT
2005-06-30,10.26,VXTLT
2005-07-01,9.93,VXTLT
2005-07-05,11.26,VXTLT
2005-07-06,11.28,VXTLT
2005-07-07,11.5,VXTLT
2005-07-08,10.45,VXTLT
2005-07-11,11.22,VXTLT
2005-07-12,10.36,VXTLT
2005-07-13,10.63,VXTLT
2005-07-14,10.24,VXTLT
2005-07-15,10.3,VXTLT
2005-07-18,10.7,VXTLT
2005-07-19,10.97,VXTLT
2005-07-20,10.1,VXTLT
2005-07-21,10.5,VXTLT
2005-07-22,10.5,VXTLT
2005-07-25,10.85,VXTLT
2005-07-26,10.5,VXTLT
2005-07-27,8.94,VXTLT
2005-07-28,12.36,VXTLT
2005-07-29,9.96,VXTLT
2005-08-01,11.1,VXTLT
2005-08-02,11.43,VXTLT
2005-08-03,10.74,VXTLT
2005-08-04,10.54,VXTLT
2005-08-05,10.5,VXTLT
2005-08-08,10.88,VXTLT
2005-08-09,10.33,VXTLT
2005-08-10,10.17,VXTLT
2005-08-11,10.03,VXTLT
2005-08-12,10.03,VXTLT
2005-08-15,10.51,VXTLT
2005-08-16,9.24,VXTLT
2005-08-17,10.46,VXTLT
2005-08-18,10.31,VXTLT
2005-08-19,10.5,VXTLT
2005-08-22,10.44,VXTLT
2005-08-23,10.25,VXTLT
2005-08-24,10.36,VXTLT
2005-08-25,10.19,VXTLT
2005-08-26,9.13,VXTLT
2005-08-29,10.48,VXTLT
2005-08-30,10.29,VXTLT
2005-08-31,10.4,VXTLT
2005-09-01,10.64,VXTLT
2005-09-02,8.39,VXTLT
2005-09-06,10.59,VXTLT
2005-09-07,10.83,VXTLT
2005-09-08,10.64,VXTLT
2005-09-09,10.19,VXTLT
2005-09-12,10.13,VXTLT
2005-09-13,10.05,VXTLT
2005-09-14,10.5,VXTLT
2005-09-15,10.39,VXTLT
2005-09-16,10.25,VXTLT
2005-09-19,11.25,VXTLT
2005-09-20,10.5,VXTLT
2005-09-21,10.2,VXTLT
2005-09-22,10.16,VXTLT
2005-09-23,10.69,VXTLT
2005-09-26,10.68,VXTLT
2005-09-27,10.75,VXTLT
2005-09-28,9.85,VXTLT
2005-09-29,10.53,VXTLT
2005-09-30,10.75,VXTLT
2005-10-03,10.97,VXTLT
2005-10-04,10.8,VXTLT
2005-10-05,10.69,VXTLT
2005-10-06,10.66,VXTLT
2005-10-07,9.83,VXTLT
2005-10-10,9.51,VXTLT
2005-10-11,10.75,VXTLT
2005-10-12,10.55,VXTLT
2005-10-13,11.29,VXTLT
2005-10-14,11.01,VXTLT
2005-10-17,9.86,VXTLT
2005-10-18,10.45,VXTLT
2005-10-19,10.2,VXTLT
2005-10-20,10.06,VXTLT
2005-10-21,9.61,VXTLT
2005-10-24,8.54,VXTLT
2005-10-25,10.4,VXTLT
2005-10-26,10.4,VXTLT
2005-10-27,10.43,VXTLT
2005-10-28,10.46,VXTLT
2005-10-31,10.64,VXTLT
2005-11-01,10.36,VXTLT
2005-11-02,10.38,VXTLT
2005-11-03,10.5,VXTLT
2005-11-04,10.35,VXTLT
2005-11-07,10.25,VXTLT
2005-11-08,10.36,VXTLT
2005-11-09,10.18,VXTLT
2005-11-10,10.85,VXTLT
2005-11-11,9.8,VXTLT
2005-11-14,11.1,VXTLT
2005-11-15,9.9,VXTLT
2005-11-16,10.34,VXTLT
2005-11-17,10.31,VXTLT
2005-11-18,10.26,VXTLT
2005-11-21,8.45,VXTLT
2005-11-22,9.91,VXTLT
2005-11-23,8.72,VXTLT
2005-11-25,8.71,VXTLT
2005-11-28,9.66,VXTLT
2005-11-29,10.02,VXTLT
2005-11-30,9.75,VXTLT
2005-12-01,9.89,VXTLT
2005-12-02,9.45,VXTLT
2005-12-05,9.62,VXTLT
2005-12-06,9.3,VXTLT
2005-12-07,9.11,VXTLT
2005-12-08,8.85,VXTLT
2005-12-09,8.15,VXTLT
2005-12-12,9.06,VXTLT
2005-12-13,9.04,VXTLT
2005-12-14,8.66,VXTLT
2005-12-15,8.76,VXTLT
2005-12-16,8.3,VXTLT
2005-12-19,6.85,VXTLT
2005-12-20,8.6,VXTLT
2005-12-21,6.88,VXTLT
2005-12-22,8.39,VXTLT
2005-12-23,8.86,VXTLT
2005-12-27,8.95,VXTLT
2005-12-28,8.98,VXTLT
2005-12-29,8.8,VXTLT
2005-12-30,8.96,VXTLT
2006-01-03,9.36,VXTLT
2006-01-04,9.14,VXTLT
2006-01-05,9.04,VXTLT
2006-01-06,8.61,VXTLT
2006-01-09,8.47,VXTLT
2006-01-10,8.51,VXTLT
2006-01-11,8.58,VXTLT
2006-01-12,7.3,VXTLT
2006-01-13,7.99,VXTLT
2006-01-17,8.73,VXTLT
2006-01-18,9.28,VXTLT
2006-01-19,8.89,VXTLT
2006-01-20,8.98,VXTLT
2006-01-23,9.28,VXTLT
2006-01-24,9.1,VXTLT
2006-01-25,9.23,VXTLT
2006-01-26,9.29,VXTLT
2006-01-27,9.15,VXTLT
2006-01-30,9.69,VXTLT
2006-01-31,9.34,VXTLT
2006-02-01,9.61,VXTLT
2006-02-02,9.48,VXTLT
2006-02-03,8.93,VXTLT
2006-02-06,8.91,VXTLT
2006-02-07,9.18,VXTLT
2006-02-08,9.49,VXTLT
2006-02-09,9.63,VXTLT
2006-02-10,8.65,VXTLT
2006-02-13,9.51,VXTLT
2006-02-14,9.52,VXTLT
2006-02-15,9.0,VXTLT
2006-02-16,8.49,VXTLT
2006-02-17,6.97,VXTLT
2006-02-21,7.29,VXTLT
2006-02-22,8.09,VXTLT
2006-02-23,8.13,VXTLT
2006-02-24,8.14,VXTLT
2006-02-27,8.29,VXTLT
2006-02-28,7.99,VXTLT
2006-03-01,8.62,VXTLT
2006-03-02,8.91,VXTLT
2006-03-03,9.84,VXTLT
2006-03-06,10.02,VXTLT
2006-03-07,9.65,VXTLT
2006-03-08,9.39,VXTLT
2006-03-09,9.49,VXTLT
2006-03-10,9.19,VXTLT
2006-03-13,9.61,VXTLT
2006-03-14,8.9,VXTLT
2006-03-15,8.98,VXTLT
2006-03-16,8.66,VXTLT
2006-03-17,8.29,VXTLT
2006-03-20,8.62,VXTLT
2006-03-21,8.68,VXTLT
2006-03-22,8.75,VXTLT
2006-03-23,8.9,VXTLT
2006-03-24,8.63,VXTLT
2006-03-27,8.79,VXTLT
2006-03-28,8.57,VXTLT
2006-03-29,8.69,VXTLT
2006-03-30,9.35,VXTLT
2006-03-31,9.27,VXTLT
2006-04-03,9.14,VXTLT
2006-04-04,9.16,VXTLT
2006-04-05,8.58,VXTLT
2006-04-06,9.2,VXTLT
2006-04-07,9.37,VXTLT
2006-04-10,9.46,VXTLT
2006-04-11,9.25,VXTLT
2006-04-12,9.53,VXTLT
2006-04-13,9.86,VXTLT
2006-04-17,10.12,VXTLT
2006-04-18,9.67,VXTLT
2006-04-19,10.07,VXTLT
2006-04-20,9.36,VXTLT
2006-04-21,9.03,VXTLT
2006-04-24,7.97,VXTLT
2006-04-25,9.65,VXTLT
2006-04-26,9.92,VXTLT
2006-04-27,9.19,VXTLT
2006-04-28,8.39,VXTLT
2006-05-01,9.46,VXTLT
2006-05-02,9.05,VXTLT
2006-05-03,9.35,VXTLT
2006-05-04,9.6,VXTLT
2006-05-05,9.13,VXTLT
2006-05-08,8.94,VXTLT
2006-05-09,9.45,VXTLT
2006-05-10,9.6,VXTLT
2006-05-11,9.67,VXTLT
2006-05-12,10.38,VXTLT
2006-05-15,10.12,VXTLT
2006-05-16,10.33,VXTLT
2006-05-17,10.02,VXTLT
2006-05-18,9.84,VXTLT
2006-05-19,10.3,VXTLT
2006-05-22,10.78,VXTLT
2006-05-23,9.85,VXTLT
2006-05-24,10.38,VXTLT
2006-05-25,10.0,VXTLT
2006-05-26,10.12,VXTLT
2006-05-30,10.74,VXTLT
2006-05-31,10.51,VXTLT
2006-06-01,9.99,VXTLT
2006-06-02,9.24,VXTLT
2006-06-05,9.94,VXTLT
2006-06-06,9.39,VXTLT
2006-06-07,9.9,VXTLT
2006-06-08,9.89,VXTLT
2006-06-09,9.62,VXTLT
2006-06-12,9.62,VXTLT
2006-06-13,9.97,VXTLT
2006-06-14,9.31,VXTLT
2006-06-15,8.68,VXTLT
2006-06-16,8.89,VXTLT
2006-06-19,9.77,VXTLT
2006-06-20,9.33,VXTLT
2006-06-21,10.05,VXTLT
2006-06-22,9.65,VXTLT
2006-06-23,10.1,VXTLT
2006-06-26,10.04,VXTLT
2006-06-27,9.82,VXTLT
2006-06-28,9.77,VXTLT
2006-06-29,9.1,VXTLT
2006-06-30,8.95,VXTLT
2006-07-03,9.67,VXTLT
2006-07-05,9.92,VXTLT
2006-07-06,9.73,VXTLT
2006-07-07,9.56,VXTLT
2006-07-10,9.53,VXTLT
2006-07-11,9.44,VXTLT
2006-07-12,9.17,VXTLT
2006-07-13,9.41,VXTLT
2006-07-14,9.42,VXTLT
2006-07-17,9.67,VXTLT
2006-07-18,9.9,VXTLT
2006-07-19,9.36,VXTLT
2006-07-20,9.26,VXTLT
2006-07-21,9.11,VXTLT
2006-07-24,9.53,VXTLT
2006-07-25,9.3,VXTLT
2006-07-26,9.02,VXTLT
2006-07-27,9.11,VXTLT
2006-07-28,8.85,VXTLT
2006-07-31,8.96,VXTLT
2006-08-01,8.85,VXTLT
2006-08-02,9.27,VXTLT
2006-08-03,9.25,VXTLT
2006-08-04,9.02,VXTLT
2006-08-07,8.95,VXTLT
2006-08-08,8.73,VXTLT
2006-08-09,8.6,VXTLT
2006-08-10,8.62,VXTLT
2006-08-11,8.24,VXTLT
2006-08-14,8.13,VXTLT
2006-08-15,8.62,VXTLT
2006-08-16,8.45,VXTLT
2006-08-17,8.52,VXTLT
2006-08-18,7.85,VXTLT
2006-08-21,8.34,VXTLT
2006-08-22,8.1,VXTLT
2006-08-23,8.11,VXTLT
2006-08-24,7.88,VXTLT
2006-08-25,7.48,VXTLT
2006-08-28,8.56,VXTLT
2006-08-29,8.2,VXTLT
2006-08-30,8.47,VXTLT
2006-08-31,8.58,VXTLT
2006-09-01,7.79,VXTLT
2006-09-05,8.45,VXTLT
2006-09-06,8.23,VXTLT
2006-09-07,7.99,VXTLT
2006-09-08,8.17,VXTLT
2006-09-11,7.87,VXTLT
2006-09-12,7.97,VXTLT
2006-09-13,8.12,VXTLT
2006-09-14,8.18,VXTLT
2006-09-15,8.37,VXTLT
2006-09-18,7.95,VXTLT
2006-09-19,8.01,VXTLT
2006-09-20,8.32,VXTLT
2006-09-21,8.44,VXTLT
2006-09-22,8.98,VXTLT
2006-09-25,9.57,VXTLT
2006-09-26,9.19,VXTLT
2006-09-27,9.06,VXTLT
2006-09-28,8.68,VXTLT
2006-09-29,8.46,VXTLT
2006-10-02,8.24,VXTLT
2006-10-03,8.23,VXTLT
2006-10-04,6.63,VXTLT
2006-10-05,7.99,VXTLT
2006-10-06,7.61,VXTLT
2006-10-09,8.2,VXTLT
2006-10-10,7.95,VXTLT
2006-10-11,7.77,VXTLT
2006-10-12,7.7,VXTLT
2006-10-13,7.54,VXTLT
2006-10-16,7.36,VXTLT
2006-10-17,8.22,VXTLT
2006-10-18,7.9,VXTLT
2006-10-19,7.37,VXTLT
2006-10-20,7.34,VXTLT
2006-10-23,7.59,VXTLT
2006-10-24,7.84,VXTLT
2006-10-25,7.4,VXTLT
2006-10-26,7.65,VXTLT
2006-10-27,8.0,VXTLT
2006-10-30,8.27,VXTLT
2006-10-31,8.37,VXTLT
2006-11-01,8.53,VXTLT
2006-11-02,8.38,VXTLT
2006-11-03,7.71,VXTLT
2006-11-06,7.88,VXTLT
2006-11-07,7.4,VXTLT
2006-11-08,7.8,VXTLT
2006-11-09,7.78,VXTLT
2006-11-13,8.51,VXTLT
2006-11-14,8.56,VXTLT
2006-11-15,8.52,VXTLT
2006-11-16,8.23,VXTLT
2006-11-17,8.06,VXTLT
2006-11-20,8.26,VXTLT
2006-11-21,7.9,VXTLT
2006-11-22,6.75,VXTLT
2006-11-24,7.42,VXTLT
2006-11-27,7.45,VXTLT
2006-11-28,8.14,VXTLT
2006-11-29,7.69,VXTLT
2006-11-30,8.23,VXTLT
2006-12-01,8.26,VXTLT
2006-12-04,8.06,VXTLT
2006-12-05,8.17,VXTLT
2006-12-06,8.01,VXTLT
2006-12-07,8.17,VXTLT
2006-12-08,7.28,VXTLT
2006-12-11,7.87,VXTLT
2006-12-12,7.37,VXTLT
2006-12-13,7.17,VXTLT
2006-12-14,7.44,VXTLT
2006-12-15,6.61,VXTLT
2006-12-18,7.3,VXTLT
2006-12-19,7.07,VXTLT
2006-12-20,7.07,VXTLT
2006-12-21,7.23,VXTLT
2006-12-22,6.92,VXTLT
2006-12-26,7.77,VXTLT
2006-12-27,7.31,VXTLT
2006-12-28,7.77,VXTLT
2006-12-29,7.44,VXTLT
2007-01-03,8.28,VXTLT
2007-01-04,8.52,VXTLT
2007-01-05,8.18,VXTLT
2007-01-08,7.24,VXTLT
2007-01-09,7.43,VXTLT
2007-01-10,8.17,VXTLT
2007-01-11,8.08,VXTLT
2007-01-12,8.19,VXTLT
2007-01-16,8.2,VXTLT
2007-01-17,8.12,VXTLT
2007-01-18,7.91,VXTLT
2007-01-19,7.44,VXTLT
2007-01-22,7.86,VXTLT
2007-01-23,7.7,VXTLT
2007-01-24,7.44,VXTLT
2007-01-25,7.88,VXTLT
2007-01-26,7.94,VXTLT
2007-01-29,8.08,VXTLT
2007-01-30,8.32,VXTLT
2007-01-31,8.03,VXTLT
2007-02-01,7.79,VXTLT
2007-02-02,7.52,VXTLT
2007-02-05,7.58,VXTLT
2007-02-06,7.28,VXTLT
2007-02-07,7.57,VXTLT
2007-02-08,7.43,VXTLT
2007-02-09,7.85,VXTLT
2007-02-12,8.13,VXTLT
2007-02-13,7.91,VXTLT
2007-02-14,7.9,VXTLT
2007-02-15,8.27,VXTLT
2007-02-16,7.4,VXTLT
2007-02-20,7.83,VXTLT
2007-02-21,7.93,VXTLT
2007-02-22,7.92,VXTLT
2007-02-23,7.78,VXTLT
2007-02-26,8.1,VXTLT
2007-02-27,9.02,VXTLT
2007-02-28,9.0,VXTLT
2007-03-01,9.23,VXTLT
2007-03-02,10.2,VXTLT
2007-03-05,10.21,VXTLT
2007-03-06,9.39,VXTLT
2007-03-07,8.89,VXTLT
2007-03-08,9.02,VXTLT
2007-03-09,7.71,VXTLT
2007-03-12,8.59,VXTLT
2007-03-13,8.78,VXTLT
2007-03-14,8.79,VXTLT
2007-03-15,8.29,VXTLT
2007-03-16,8.61,VXTLT
2007-03-19,8.9,VXTLT
2007-03-20,8.44,VXTLT
2007-03-21,7.54,VXTLT
2007-03-22,7.96,VXTLT
2007-03-23,8.34,VXTLT
2007-03-26,8.68,VXTLT
2007-03-27,8.91,VXTLT
2007-03-28,9.04,VXTLT
2007-03-29,8.46,VXTLT
2007-03-30,8.6,VXTLT
2007-04-02,9.11,VXTLT
2007-04-03,8.82,VXTLT
2007-04-04,8.66,VXTLT
2007-04-05,8.34,VXTLT
2007-04-09,8.26,VXTLT
2007-04-10,8.05,VXTLT
2007-04-11,8.03,VXTLT
2007-04-12,7.74,VXTLT
2007-04-13,7.65,VXTLT
2007-04-16,7.8,VXTLT
2007-04-17,7.49,VXTLT
2007-04-18,7.7,VXTLT
2007-04-19,7.61,VXTLT
2007-04-20,7.47,VXTLT
2007-04-23,7.46,VXTLT
2007-04-24,7.75,VXTLT
2007-04-25,7.57,VXTLT
2007-04-26,7.55,VXTLT
2007-04-27,7.42,VXTLT
2007-04-30,7.57,VXTLT
2007-05-01,7.7,VXTLT
2007-05-02,7.68,VXTLT
2007-05-03,7.44,VXTLT
2007-05-04,7.19,VXTLT
2007-05-07,7.1,VXTLT
2007-05-08,7.06,VXTLT
2007-05-09,7.13,VXTLT
2007-05-10,6.81,VXTLT
2007-05-11,6.85,VXTLT
2007-05-14,7.28,VXTLT
2007-05-15,6.75,VXTLT
2007-05-16,6.84,VXTLT
2007-05-17,6.75,VXTLT
2007-05-18,7.33,VXTLT
2007-05-21,7.61,VXTLT
2007-05-22,7.38,VXTLT
2007-05-23,7.59,VXTLT
2007-05-24,7.47,VXTLT
2007-05-25,7.06,VXTLT
2007-05-29,7.29,VXTLT
2007-05-30,7.46,VXTLT
2007-05-31,7.92,VXTLT
2007-06-01,7.8,VXTLT
2007-06-04,7.52,VXTLT
2007-06-05,7.43,VXTLT
2007-06-06,7.54,VXTLT
2007-06-07,8.86,VXTLT
2007-06-08,9.54,VXTLT
2007-06-11,9.19,VXTLT
2007-06-12,11.84,VXTLT
2007-06-13,11.25,VXTLT
2007-06-14,10.69,VXTLT
2007-06-15,9.94,VXTLT
2007-06-18,9.74,VXTLT
2007-06-19,8.72,VXTLT
2007-06-20,9.26,VXTLT
2007-06-21,9.84,VXTLT
2007-06-22,10.28,VXTLT
2007-06-25,9.84,VXTLT
2007-06-26,10.01,VXTLT
2007-06-27,9.93,VXTLT
2007-06-28,9.45,VXTLT
2007-06-29,8.89,VXTLT
2007-07-02,9.13,VXTLT
2007-07-03,8.98,VXTLT
2007-07-05,9.31,VXTLT
2007-07-06,9.28,VXTLT
2007-07-09,9.37,VXTLT
2007-07-10,9.11,VXTLT
2007-07-11,9.66,VXTLT
2007-07-12,8.43,VXTLT
2007-07-13,9.88,VXTLT
2007-07-16,9.01,VXTLT
2007-07-17,9.23,VXTLT
2007-07-18,9.42,VXTLT
2007-07-19,8.79,VXTLT
2007-07-20,8.98,VXTLT
2007-07-23,9.46,VXTLT
2007-07-24,9.48,VXTLT
2007-07-25,9.58,VXTLT
2007-07-26,11.86,VXTLT
2007-07-27,11.55,VXTLT
2007-07-30,11.09,VXTLT
2007-07-31,11.06,VXTLT
2007-08-01,9.73,VXTLT
2007-08-02,9.6,VXTLT
2007-08-03,9.63,VXTLT
2007-08-06,9.69,VXTLT
2007-08-07,8.89,VXTLT
2007-08-08,8.88,VXTLT
2007-08-09,10.01,VXTLT
2007-08-10,9.45,VXTLT
2007-08-13,10.33,VXTLT
2007-08-14,9.25,VXTLT
2007-08-15,7.87,VXTLT
2007-08-16,10.22,VXTLT
2007-08-17,9.73,VXTLT
2007-08-20,10.17,VXTLT
2007-08-21,9.93,VXTLT
2007-08-22,9.02,VXTLT
2007-08-23,9.09,VXTLT
2007-08-24,9.04,VXTLT
2007-08-27,9.11,VXTLT
2007-08-28,9.37,VXTLT
2007-08-29,9.2,VXTLT
2007-08-30,9.52,VXTLT
2007-08-31,9.27,VXTLT
2007-09-04,9.37,VXTLT
2007-09-05,9.9,VXTLT
2007-09-06,10.32,VXTLT
2007-09-07,9.95,VXTLT
2007-09-10,11.5,VXTLT
2007-09-11,11.3,VXTLT
2007-09-12,11.64,VXTLT
2007-09-13,11.85,VXTLT
2007-09-14,12.23,VXTLT
2007-09-17,12.12,VXTLT
2007-09-18,9.62,VXTLT
2007-09-19,9.25,VXTLT
2007-09-20,10.43,VXTLT
2007-09-21,10.68,VXTLT
2007-09-24,10.48,VXTLT
2007-09-25,10.58,VXTLT
2007-09-26,10.91,VXTLT
2007-09-27,11.15,VXTLT
2007-09-28,11.02,VXTLT
2007-10-01,10.89,VXTLT
2007-10-02,11.2,VXTLT
2007-10-03,10.91,VXTLT
2007-10-04,10.96,VXTLT
2007-10-05,10.11,VXTLT
2007-10-08,10.66,VXTLT
2007-10-09,10.69,VXTLT
2007-10-10,10.24,VXTLT
2007-10-11,10.41,VXTLT
2007-10-12,9.48,VXTLT
2007-10-15,9.76,VXTLT
2007-10-16,10.03,VXTLT
2007-10-17,9.77,VXTLT
2007-10-18,9.82,VXTLT
2007-10-19,10.59,VXTLT
2007-10-22,11.02,VXTLT
2007-10-23,11.26,VXTLT
2007-10-24,11.72,VXTLT
2007-10-25,11.31,VXTLT
2007-10-26,11.51,VXTLT
2007-10-29,11.77,VXTLT
2007-10-30,11.77,VXTLT
2007-10-31,11.22,VXTLT
2007-11-01,11.75,VXTLT
2007-11-02,12.19,VXTLT
2007-11-05,12.52,VXTLT
2007-11-06,12.29,VXTLT
2007-11-07,13.01,VXTLT
2007-11-08,13.1,VXTLT
2007-11-09,12.95,VXTLT
2007-11-12,13.06,VXTLT
2007-11-13,12.39,VXTLT
2007-11-14,11.79,VXTLT
2007-11-15,12.09,VXTLT
2007-11-16,11.35,VXTLT
2007-11-19,12.85,VXTLT
2007-11-20,12.92,VXTLT
2007-11-21,14.43,VXTLT
2007-11-23,14.77,VXTLT
2007-11-26,15.97,VXTLT
2007-11-27,15.96,VXTLT
2007-11-28,15.16,VXTLT
2007-11-29,15.52,VXTLT
2007-11-30,14.95,VXTLT
2007-12-03,15.51,VXTLT
2007-12-04,16.16,VXTLT
2007-12-05,15.81,VXTLT
2007-12-06,15.8,VXTLT
2007-12-07,15.03,VXTLT
2007-12-10,14.2,VXTLT
2007-12-11,12.83,VXTLT
2007-12-12,14.91,VXTLT
2007-12-13,14.73,VXTLT
2007-12-14,13.86,VXTLT
2007-12-17,14.41,VXTLT
2007-12-18,13.32,VXTLT
2007-12-19,13.1,VXTLT
2007-12-20,15.94,VXTLT
2007-12-21,13.81,VXTLT
2007-12-24,16.01,VXTLT
2007-12-26,14.34,VXTLT
2007-12-27,14.15,VXTLT
2007-12-28,14.62,VXTLT
2007-12-31,15.08,VXTLT
2008-01-02,14.43,VXTLT
2008-01-03,14.37,VXTLT
2008-01-04,13.95,VXTLT
2008-01-07,14.43,VXTLT
2008-01-08,14.12,VXTLT
2008-01-09,14.08,VXTLT
2008-01-10,13.86,VXTLT
2008-01-11,14.06,VXTLT
2008-01-14,14.12,VXTLT
2008-01-15,14.23,VXTLT
2008-01-16,14.69,VXTLT
2008-01-17,14.94,VXTLT
2008-01-18,15.48,VXTLT
2008-01-22,16.97,VXTLT
2008-01-23,18.66,VXTLT
2008-01-24,19.53,VXTLT
2008-01-25,18.53,VXTLT
2008-01-28,18.76,VXTLT
2008-01-29,17.45,VXTLT
2008-01-30,16.31,VXTLT
2008-01-31,17.62,VXTLT
2008-02-01,16.4,VXTLT
2008-02-04,16.68,VXTLT
2008-02-05,17.74,VXTLT
2008-02-06,17.33,VXTLT
2008-02-07,17.04,VXTLT
2008-02-08,17.63,VXTLT
2008-02-11,18.43,VXTLT
2008-02-12,17.89,VXTLT
2008-02-13,17.6,VXTLT
2008-02-14,18.47,VXTLT
2008-02-15,18.22,VXTLT
2008-02-19,18.62,VXTLT
2008-02-20,18.84,VXTLT
2008-02-21,18.58,VXTLT
2008-02-22,18.54,VXTLT
2008-02-25,18.37,VXTLT
2008-02-26,17.53,VXTLT
2008-02-27,16.99,VXTLT
2008-02-28,17.41,VXTLT
2008-02-29,17.86,VXTLT
2008-03-03,18.33,VXTLT
2008-03-04,18.79,VXTLT
2008-03-05,18.02,VXTLT
2008-03-06,18.48,VXTLT
2008-03-07,18.72,VXTLT
2008-03-10,18.78,VXTLT
2008-03-11,17.69,VXTLT
2008-03-12,17.7,VXTLT
2008-03-13,18.05,VXTLT
2008-03-14,19.2,VXTLT
2008-03-17,20.02,VXTLT
2008-03-18,18.31,VXTLT
2008-03-19,18.48,VXTLT
2008-03-20,17.71,VXTLT
2008-03-24,18.2,VXTLT
2008-03-25,18.22,VXTLT
2008-03-26,17.46,VXTLT
2008-03-27,16.93,VXTLT
2008-03-28,16.33,VXTLT
2008-03-31,17.28,VXTLT
2008-04-01,15.97,VXTLT
2008-04-02,15.57,VXTLT
2008-04-03,15.08,VXTLT
2008-04-04,14.4,VXTLT
2008-04-07,14.66,VXTLT
2008-04-08,14.4,VXTLT
2008-04-09,14.57,VXTLT
2008-04-10,14.46,VXTLT
2008-04-11,14.14,VXTLT
2008-04-14,14.12,VXTLT
2008-04-15,14.33,VXTLT
2008-04-16,14.37,VXTLT
2008-04-17,14.59,VXTLT
2008-04-18,13.91,VXTLT
2008-04-21,13.54,VXTLT
2008-04-22,13.52,VXTLT
2008-04-23,13.7,VXTLT
2008-04-24,13.7,VXTLT
2008-04-25,13.28,VXTLT
2008-04-28,13.95,VXTLT
2008-04-29,14.06,VXTLT
2008-04-30,13.56,VXTLT
2008-05-01,13.15,VXTLT
2008-05-02,12.96,VXTLT
2008-05-05,13.49,VXTLT
2008-05-06,13.4,VXTLT
2008-05-07,13.33,VXTLT
2008-05-08,13.8,VXTLT
2008-05-09,13.17,VXTLT
2008-05-12,13.39,VXTLT
2008-05-13,13.23,VXTLT
2008-05-14,13.72,VXTLT
2008-05-15,13.0,VXTLT
2008-05-16,11.96,VXTLT
2008-05-19,12.57,VXTLT
2008-05-20,12.61,VXTLT
2008-05-21,12.86,VXTLT
2008-05-22,12.38,VXTLT
2008-05-23,12.17,VXTLT
2008-05-27,13.42,VXTLT
2008-05-28,13.51,VXTLT
2008-05-29,14.36,VXTLT
2008-05-30,13.76,VXTLT
2008-06-02,14.52,VXTLT
2008-06-03,14.38,VXTLT
2008-06-04,14.34,VXTLT
2008-06-05,14.35,VXTLT
2008-06-06,15.06,VXTLT
2008-06-09,16.49,VXTLT
2008-06-10,15.87,VXTLT
2008-06-11,16.0,VXTLT
2008-06-12,15.25,VXTLT
2008-06-13,15.49,VXTLT
2008-06-16,15.27,VXTLT
2008-06-17,14.26,VXTLT
2008-06-18,14.09,VXTLT
2008-06-19,13.67,VXTLT
2008-06-20,13.41,VXTLT
2008-06-23,12.98,VXTLT
2008-06-24,12.97,VXTLT
2008-06-25,12.21,VXTLT
2008-06-26,12.44,VXTLT
2008-06-27,12.2,VXTLT
2008-06-30,12.3,VXTLT
2008-07-01,12.24,VXTLT
2008-07-02,12.79,VXTLT
2008-07-03,12.24,VXTLT
2008-07-07,12.23,VXTLT
2008-07-08,11.56,VXTLT
2008-07-09,11.2,VXTLT
2008-07-10,11.56,VXTLT
2008-07-11,14.84,VXTLT
2008-07-14,14.57,VXTLT
2008-07-15,14.84,VXTLT
2008-07-16,14.11,VXTLT
2008-07-17,14.34,VXTLT
2008-07-18,14.02,VXTLT
2008-07-21,13.69,VXTLT
2008-07-22,13.54,VXTLT
2008-07-23,12.99,VXTLT
2008-07-24,12.5,VXTLT
2008-07-25,12.27,VXTLT
2008-07-28,12.83,VXTLT
2008-07-29,12.4,VXTLT
2008-07-30,12.35,VXTLT
2008-07-31,11.67,VXTLT
2008-08-01,11.45,VXTLT
2008-08-04,11.68,VXTLT
2008-08-05,11.62,VXTLT
2008-08-06,11.71,VXTLT
2008-08-07,11.44,VXTLT
2008-08-08,11.09,VXTLT
2008-08-11,10.67,VXTLT
2008-08-12,10.54,VXTLT
2008-08-13,11.26,VXTLT
2008-08-14,11.14,VXTLT
2008-08-15,11.38,VXTLT
2008-08-18,12.21,VXTLT
2008-08-19,11.93,VXTLT
2008-08-20,12.06,VXTLT
2008-08-21,12.16,VXTLT
2008-08-22,11.86,VXTLT
2008-08-25,11.69,VXTLT
2008-08-26,11.83,VXTLT
2008-08-27,11.46,VXTLT
2008-08-28,11.56,VXTLT
2008-08-29,11.83,VXTLT
2008-09-02,11.86,VXTLT
2008-09-03,11.73,VXTLT
2008-09-04,11.96,VXTLT
2008-09-05,11.73,VXTLT
2008-09-08,12.98,VXTLT
2008-09-09,13.32,VXTLT
2008-09-10,13.26,VXTLT
2008-09-11,13.18,VXTLT
2008-09-12,13.55,VXTLT
2008-09-15,17.74,VXTLT
2008-09-16,17.51,VXTLT
2008-09-17,21.21,VXTLT
2008-09-18,28.09,VXTLT
2008-09-19,20.19,VXTLT
2008-09-22,18.69,VXTLT
2008-09-23,17.73,VXTLT
2008-09-24,16.82,VXTLT
2008-09-25,16.77,VXTLT
2008-09-26,17.41,VXTLT
2008-09-29,23.68,VXTLT
2008-09-30,18.18,VXTLT
2008-10-01,20.19,VXTLT
2008-10-02,21.07,VXTLT
2008-10-03,22.53,VXTLT
2008-10-06,20.58,VXTLT
2008-10-07,25.18,VXTLT
2008-10-08,21.06,VXTLT
2008-10-09,24.19,VXTLT
2008-10-10,25.94,VXTLT
2008-10-14,23.8,VXTLT
2008-10-16,23.14,VXTLT
2008-10-17,18.49,VXTLT
2008-10-20,17.62,VXTLT
2008-10-21,18.51,VXTLT
2008-10-22,19.74,VXTLT
2008-10-23,21.27,VXTLT
2008-10-24,22.09,VXTLT
2008-10-27,22.56,VXTLT
2008-10-28,21.99,VXTLT
2008-10-29,26.98,VXTLT
2008-10-30,19.05,VXTLT
2008-10-31,18.05,VXTLT
2008-11-03,17.22,VXTLT
2008-11-05,23.87,VXTLT
2008-11-06,19.43,VXTLT
2008-11-07,18.97,VXTLT
2008-11-10,19.61,VXTLT
2008-11-11,19.74,VXTLT
2008-11-13,18.64,VXTLT
2008-11-14,20.62,VXTLT
2008-11-18,20.14,VXTLT
2008-11-19,23.35,VXTLT
2008-11-20,28.72,VXTLT
2008-11-21,37.45,VXTLT
2008-11-24,27.94,VXTLT
2008-11-25,29.33,VXTLT
2008-11-26,29.67,VXTLT
2008-11-28,30.66,VXTLT
2008-12-01,31.86,VXTLT
2008-12-02,34.17,VXTLT
2008-12-03,36.71,VXTLT
2008-12-04,35.95,VXTLT
2008-12-05,36.4,VXTLT
2008-12-08,35.1,VXTLT
2008-12-09,35.22,VXTLT
2008-12-10,34.61,VXTLT
2008-12-11,34.04,VXTLT
2008-12-12,32.79,VXTLT
2008-12-15,33.91,VXTLT
2008-12-16,31.61,VXTLT
2008-12-17,31.23,VXTLT
2008-12-18,33.5,VXTLT
2008-12-19,33.1,VXTLT
2008-12-22,35.43,VXTLT
2008-12-23,30.76,VXTLT
2008-12-24,30.07,VXTLT
2008-12-26,29.78,VXTLT
2008-12-29,29.16,VXTLT
2008-12-30,28.3,VXTLT
2008-12-31,31.19,VXTLT
2009-01-02,31.12,VXTLT
2009-01-05,30.64,VXTLT
2009-01-06,29.71,VXTLT
2009-01-07,27.5,VXTLT
2009-01-08,26.89,VXTLT
2009-01-09,26.22,VXTLT
2009-01-12,23.59,VXTLT
2009-01-13,23.34,VXTLT
2009-01-14,22.81,VXTLT
2009-01-15,23.04,VXTLT
2009-01-16,23.68,VXTLT
2009-01-20,25.89,VXTLT
2009-01-21,26.47,VXTLT
2009-01-22,28.35,VXTLT
2009-01-23,27.02,VXTLT
2009-01-26,27.18,VXTLT
2009-01-27,25.44,VXTLT
2009-01-28,25.42,VXTLT
2009-01-29,26.53,VXTLT
2009-01-30,26.6,VXTLT
2009-02-02,27.88,VXTLT
2009-02-03,28.19,VXTLT
2009-02-04,28.33,VXTLT
2009-02-05,27.97,VXTLT
2009-02-06,28.22,VXTLT
2009-02-09,28.74,VXTLT
2009-02-10,27.95,VXTLT
2009-02-11,26.12,VXTLT
2009-02-12,26.03,VXTLT
2009-02-13,26.26,VXTLT
2009-02-17,27.77,VXTLT
2009-02-18,27.37,VXTLT
2009-02-19,27.97,VXTLT
2009-02-20,28.17,VXTLT
2009-02-23,27.99,VXTLT
2009-02-24,25.82,VXTLT
2009-02-25,25.31,VXTLT
2009-02-26,25.8,VXTLT
2009-02-27,25.89,VXTLT
2009-03-02,26.66,VXTLT
2009-03-03,26.54,VXTLT
2009-03-04,26.08,VXTLT
2009-03-05,25.82,VXTLT
2009-03-06,25.49,VXTLT
2009-03-09,26.3,VXTLT
2009-03-10,25.41,VXTLT
2009-03-11,24.88,VXTLT
2009-03-12,24.74,VXTLT
2009-03-13,24.94,VXTLT
2009-03-16,25.82,VXTLT
2009-03-17,25.63,VXTLT
2009-03-18,25.54,VXTLT
2009-03-19,22.58,VXTLT
2009-03-20,21.94,VXTLT
2009-03-23,20.78,VXTLT
2009-03-24,20.23,VXTLT
2009-03-25,20.85,VXTLT
2009-03-26,20.21,VXTLT
2009-03-27,20.11,VXTLT
2009-03-30,19.74,VXTLT
2009-03-31,19.15,VXTLT
2009-04-01,18.66,VXTLT
2009-04-02,18.67,VXTLT
2009-04-03,19.34,VXTLT
2009-04-06,20.14,VXTLT
2009-04-07,19.22,VXTLT
2009-04-08,18.61,VXTLT
2009-04-09,18.66,VXTLT
2009-04-13,18.51,VXTLT
2009-04-14,17.36,VXTLT
2009-04-15,17.01,VXTLT
2009-04-16,17.24,VXTLT
2009-04-17,17.46,VXTLT
2009-04-20,17.89,VXTLT
2009-04-21,18.04,VXTLT
2009-04-22,18.76,VXTLT
2009-04-23,18.76,VXTLT
2009-04-24,19.04,VXTLT
2009-04-27,20.53,VXTLT
2009-04-28,21.38,VXTLT
2009-04-29,20.78,VXTLT
2009-04-30,20.3,VXTLT
2009-05-01,20.87,VXTLT
2009-05-04,20.94,VXTLT
2009-05-05,19.81,VXTLT
2009-05-06,19.72,VXTLT
2009-05-07,20.7,VXTLT
2009-05-08,20.12,VXTLT
2009-05-11,20.26,VXTLT
2009-05-12,19.54,VXTLT
2009-05-13,19.27,VXTLT
2009-05-14,18.49,VXTLT
2009-05-15,17.91,VXTLT
2009-05-18,18.03,VXTLT
2009-05-19,18.05,VXTLT
2009-05-20,18.13,VXTLT
2009-05-21,20.03,VXTLT
2009-05-22,21.16,VXTLT
2009-05-26,22.23,VXTLT
2009-05-27,23.06,VXTLT
2009-05-28,23.06,VXTLT
2009-05-29,22.03,VXTLT
2009-06-01,24.25,VXTLT
2009-06-02,23.54,VXTLT
2009-06-03,22.42,VXTLT
2009-06-04,21.39,VXTLT
2009-06-05,20.79,VXTLT
2009-06-08,21.47,VXTLT
2009-06-09,21.27,VXTLT
2009-06-10,23.58,VXTLT
2009-06-11,22.71,VXTLT
2009-06-12,23.84,VXTLT
2009-06-15,24.23,VXTLT
2009-06-16,23.3,VXTLT
2009-06-17,22.92,VXTLT
2009-06-18,23.6,VXTLT
2009-06-19,22.68,VXTLT
2009-06-22,22.28,VXTLT
2009-06-23,21.68,VXTLT
2009-06-24,20.52,VXTLT
2009-06-25,18.74,VXTLT
2009-06-26,18.11,VXTLT
2009-06-29,18.78,VXTLT
2009-06-30,19.3,VXTLT
2009-07-01,18.94,VXTLT
2009-07-02,18.45,VXTLT
2009-07-06,19.56,VXTLT
2009-07-07,19.73,VXTLT
2009-07-08,19.24,VXTLT
2009-07-09,18.88,VXTLT
2009-07-10,18.97,VXTLT
2009-07-13,19.03,VXTLT
2009-07-14,20.34,VXTLT
2009-07-15,20.8,VXTLT
2009-07-16,19.63,VXTLT
2009-07-17,18.55,VXTLT
2009-07-20,17.92,VXTLT
2009-07-21,17.15,VXTLT
2009-07-22,16.95,VXTLT
2009-07-23,17.11,VXTLT
2009-07-24,16.93,VXTLT
2009-07-27,18.13,VXTLT
2009-07-28,18.25,VXTLT
2009-07-29,17.92,VXTLT
2009-07-30,17.62,VXTLT
2009-07-31,17.99,VXTLT
2009-08-03,19.81,VXTLT
2009-08-04,20.13,VXTLT
2009-08-05,19.67,VXTLT
2009-08-06,19.51,VXTLT
2009-08-07,19.5,VXTLT
2009-08-10,19.62,VXTLT
2009-08-11,19.77,VXTLT
2009-08-12,19.67,VXTLT
2009-08-13,18.76,VXTLT
2009-08-14,18.65,VXTLT
2009-08-17,19.61,VXTLT
2009-08-18,18.58,VXTLT
2009-08-19,18.48,VXTLT
2009-08-20,17.84,VXTLT
2009-08-21,17.55,VXTLT
2009-08-24,16.5,VXTLT
2009-08-25,16.55,VXTLT
2009-08-26,15.87,VXTLT
2009-08-27,15.91,VXTLT
2009-08-28,16.11,VXTLT
2009-08-31,16.49,VXTLT
2009-09-01,17.24,VXTLT
2009-09-02,17.1,VXTLT
2009-09-03,17.17,VXTLT
2009-09-04,17.1,VXTLT
2009-09-08,17.88,VXTLT
2009-09-09,17.32,VXTLT
2009-09-10,17.28,VXTLT
2009-09-11,17.43,VXTLT
2009-09-14,17.97,VXTLT
2009-09-15,17.19,VXTLT
2009-09-16,17.34,VXTLT
2009-09-17,17.57,VXTLT
2009-09-18,16.97,VXTLT
2009-09-21,16.73,VXTLT
2009-09-22,16.42,VXTLT
2009-09-23,16.57,VXTLT
2009-09-24,16.25,VXTLT
2009-09-25,16.03,VXTLT
2009-09-28,16.5,VXTLT
2009-09-29,16.62,VXTLT
2009-09-30,16.47,VXTLT
2009-10-01,17.09,VXTLT
2009-10-02,16.13,VXTLT
2009-10-05,16.46,VXTLT
2009-10-06,16.59,VXTLT
2009-10-07,15.69,VXTLT
2009-10-08,16.08,VXTLT
2009-10-09,16.33,VXTLT
2009-10-12,16.57,VXTLT
2009-10-13,16.51,VXTLT
2009-10-14,17.13,VXTLT
2009-10-15,16.95,VXTLT
2009-10-16,15.79,VXTLT
2009-10-19,15.54,VXTLT
2009-10-20,15.04,VXTLT
2009-10-21,15.65,VXTLT
2009-10-22,15.48,VXTLT
2009-10-23,16.01,VXTLT
2009-10-26,16.67,VXTLT
2009-10-27,16.13,VXTLT
2009-10-28,16.08,VXTLT
2009-10-29,16.57,VXTLT
2009-10-30,16.62,VXTLT
2009-11-02,16.97,VXTLT
2009-11-03,17.48,VXTLT
2009-11-04,16.72,VXTLT
2009-11-05,16.27,VXTLT
2009-11-06,15.29,VXTLT
2009-11-09,15.61,VXTLT
2009-11-10,15.22,VXTLT
2009-11-11,15.34,VXTLT
2009-11-12,14.95,VXTLT
2009-11-13,14.34,VXTLT
2009-11-16,14.61,VXTLT
2009-11-17,13.38,VXTLT
2009-11-18,13.1,VXTLT
2009-11-19,12.93,VXTLT
2009-11-20,12.64,VXTLT
2009-11-23,12.72,VXTLT
2009-11-24,12.19,VXTLT
2009-11-25,12.27,VXTLT
2009-11-27,13.47,VXTLT
2009-11-30,13.8,VXTLT
2009-12-01,13.58,VXTLT
2009-12-02,13.3,VXTLT
2009-12-03,13.74,VXTLT
2009-12-04,13.16,VXTLT
2009-12-07,13.27,VXTLT
2009-12-08,12.89,VXTLT
2009-12-09,12.26,VXTLT
2009-12-10,12.36,VXTLT
2009-12-11,12.63,VXTLT
2009-12-14,12.46,VXTLT
2009-12-15,12.17,VXTLT
2009-12-16,11.53,VXTLT
2009-12-17,11.79,VXTLT
2009-12-18,12.06,VXTLT
2009-12-21,12.32,VXTLT
2009-12-22,12.39,VXTLT
2009-12-23,12.38,VXTLT
2009-12-24,12.42,VXTLT
2009-12-28,14.06,VXTLT
2009-12-29,13.8,VXTLT
2009-12-30,13.41,VXTLT
2009-12-31,13.44,VXTLT
2010-01-04,14.2,VXTLT
2010-01-05,13.54,VXTLT
2010-01-06,14.01,VXTLT
2010-01-07,13.83,VXTLT
2010-01-08,13.35,VXTLT
2010-01-11,12.73,VXTLT
2010-01-12,12.44,VXTLT
2010-01-13,12.69,VXTLT
2010-01-14,12.37,VXTLT
2010-01-15,11.93,VXTLT
2010-01-19,11.66,VXTLT
2010-01-20,11.19,VXTLT
2010-01-21,11.46,VXTLT
2010-01-22,11.84,VXTLT
2010-01-25,12.0,VXTLT
2010-01-26,12.1,VXTLT
2010-01-27,11.88,VXTLT
2010-01-28,11.52,VXTLT
2010-01-29,11.58,VXTLT
2010-02-01,12.08,VXTLT
2010-02-02,11.67,VXTLT
2010-02-03,12.1,VXTLT
2010-02-04,12.81,VXTLT
2010-02-05,12.84,VXTLT
2010-02-08,13.02,VXTLT
2010-02-09,13.34,VXTLT
2010-02-10,13.57,VXTLT
2010-02-11,13.29,VXTLT
2010-02-12,12.51,VXTLT
2010-02-16,12.76,VXTLT
2010-02-17,12.73,VXTLT
2010-02-18,12.64,VXTLT
2010-02-19,12.34,VXTLT
2010-02-22,11.01,VXTLT
2010-02-23,11.52,VXTLT
2010-02-24,11.06,VXTLT
2010-02-25,11.25,VXTLT
2010-02-26,10.89,VXTLT
2010-03-01,11.65,VXTLT
2010-03-02,11.68,VXTLT
2010-03-03,11.76,VXTLT
2010-03-04,11.15,VXTLT
2010-03-05,11.25,VXTLT
2010-03-08,11.61,VXTLT
2010-03-09,11.2,VXTLT
2010-03-10,11.04,VXTLT
2010-03-11,11.13,VXTLT
2010-03-12,10.99,VXTLT
2010-03-15,11.0,VXTLT
2010-03-16,11.1,VXTLT
2010-03-17,10.94,VXTLT
2010-03-18,10.94,VXTLT
2010-03-19,10.79,VXTLT
2010-03-22,10.46,VXTLT
2010-03-23,10.31,VXTLT
2010-03-24,11.45,VXTLT
2010-03-25,12.09,VXTLT
2010-03-26,11.52,VXTLT
2010-03-29,12.18,VXTLT
2010-03-30,12.25,VXTLT
2010-03-31,11.82,VXTLT
2010-04-01,11.88,VXTLT
2010-04-05,11.71,VXTLT
2010-04-06,11.88,VXTLT
2010-04-07,11.94,VXTLT
2010-04-08,11.39,VXTLT
2010-04-09,11.09,VXTLT
2010-04-12,10.58,VXTLT
2010-04-13,10.82,VXTLT
2010-04-14,10.44,VXTLT
2010-04-15,10.23,VXTLT
2010-04-16,10.06,VXTLT
2010-04-19,10.39,VXTLT
2010-04-20,10.26,VXTLT
2010-04-21,10.5,VXTLT
2010-04-22,11.09,VXTLT
2010-04-23,11.05,VXTLT
2010-04-26,11.51,VXTLT
2010-04-27,13.28,VXTLT
2010-04-28,13.03,VXTLT
2010-04-29,11.87,VXTLT
2010-04-30,12.58,VXTLT
2010-05-03,12.02,VXTLT
2010-05-04,14.04,VXTLT
2010-05-05,14.98,VXTLT
2010-05-06,21.42,VXTLT
2010-05-07,22.57,VXTLT
2010-05-10,16.73,VXTLT
2010-05-11,15.65,VXTLT
2010-05-12,14.06,VXTLT
2010-05-13,11.91,VXTLT
2010-05-14,19.29,VXTLT
2010-05-17,21.54,VXTLT
2010-05-18,22.05,VXTLT
2010-05-19,22.36,VXTLT
2010-05-20,25.13,VXTLT
2010-05-21,23.99,VXTLT
2010-05-24,21.74,VXTLT
2010-05-25,20.89,VXTLT
2010-05-26,19.7,VXTLT
2010-05-27,18.52,VXTLT
2010-05-28,19.59,VXTLT
2010-06-01,20.56,VXTLT
2010-06-02,18.9,VXTLT
2010-06-03,18.01,VXTLT
2010-06-04,19.27,VXTLT
2010-06-07,20.98,VXTLT
2010-06-08,21.3,VXTLT
2010-06-09,20.63,VXTLT
2010-06-10,19.2,VXTLT
2010-06-11,19.17,VXTLT
2010-06-14,17.99,VXTLT
2010-06-15,17.53,VXTLT
2010-06-16,17.05,VXTLT
2010-06-17,16.88,VXTLT
2010-06-18,16.09,VXTLT
2010-06-21,14.34,VXTLT
2010-06-22,15.06,VXTLT
2010-06-23,15.11,VXTLT
2010-06-24,16.18,VXTLT
2010-06-25,16.17,VXTLT
2010-06-28,16.28,VXTLT
2010-06-29,17.73,VXTLT
2010-06-30,17.23,VXTLT
2010-07-01,16.81,VXTLT
2010-07-02,15.64,VXTLT
2010-07-06,15.7,VXTLT
2010-07-07,15.43,VXTLT
2010-07-08,15.3,VXTLT
2010-07-09,14.61,VXTLT
2010-07-12,14.03,VXTLT
2010-07-13,13.99,VXTLT
2010-07-14,14.99,VXTLT
2010-07-15,14.48,VXTLT
2010-07-16,14.09,VXTLT
2010-07-19,13.46,VXTLT
2010-07-20,13.7,VXTLT
2010-07-21,14.89,VXTLT
2010-07-22,14.01,VXTLT
2010-07-23,14.12,VXTLT
2010-07-26,13.72,VXTLT
2010-07-27,14.47,VXTLT
2010-07-28,14.18,VXTLT
2010-07-29,13.94,VXTLT
2010-07-30,14.71,VXTLT
2010-08-02,14.36,VXTLT
2010-08-03,15.42,VXTLT
2010-08-04,15.78,VXTLT
2010-08-05,15.77,VXTLT
2010-08-06,15.29,VXTLT
2010-08-09,15.38,VXTLT
2010-08-10,15.16,VXTLT
2010-08-11,15.48,VXTLT
2010-08-12,16.08,VXTLT
2010-08-13,16.45,VXTLT
2010-08-16,18.45,VXTLT
2010-08-17,18.7,VXTLT
2010-08-18,19.27,VXTLT
2010-08-19,20.0,VXTLT
2010-08-20,19.42,VXTLT
2010-08-23,19.2,VXTLT
2010-08-24,19.8,VXTLT
2010-08-25,21.16,VXTLT
2010-08-26,21.24,VXTLT
2010-08-27,20.72,VXTLT
2010-08-30,21.4,VXTLT
2010-08-31,21.56,VXTLT
2010-09-01,20.63,VXTLT
2010-09-02,19.77,VXTLT
2010-09-03,17.99,VXTLT
2010-09-07,19.11,VXTLT
2010-09-08,18.63,VXTLT
2010-09-09,18.39,VXTLT
2010-09-10,18.12,VXTLT
2010-09-13,18.27,VXTLT
2010-09-14,18.61,VXTLT
2010-09-15,18.38,VXTLT
2010-09-16,17.68,VXTLT
2010-09-17,17.65,VXTLT
2010-09-20,18.01,VXTLT
2010-09-21,16.84,VXTLT
2010-09-22,16.62,VXTLT
2010-09-23,16.46,VXTLT
2010-09-24,15.89,VXTLT
2010-09-27,16.32,VXTLT
2010-09-28,16.6,VXTLT
2010-09-29,16.61,VXTLT
2010-09-30,16.93,VXTLT
2010-10-01,16.75,VXTLT
2010-10-04,17.12,VXTLT
2010-10-05,16.81,VXTLT
2010-10-06,16.39,VXTLT
2010-10-07,16.97,VXTLT
2010-10-08,15.54,VXTLT
2010-10-11,14.58,VXTLT
2010-10-12,14.18,VXTLT
2010-10-13,14.94,VXTLT
2010-10-14,16.38,VXTLT
2010-10-15,16.74,VXTLT
2010-10-18,16.6,VXTLT
2010-10-19,16.99,VXTLT
2010-10-20,16.47,VXTLT
2010-10-21,17.49,VXTLT
2010-10-22,17.26,VXTLT
2010-10-25,17.78,VXTLT
2010-10-26,18.56,VXTLT
2010-10-27,17.88,VXTLT
2010-10-28,18.26,VXTLT
2010-10-29,18.4,VXTLT
2010-11-01,18.44,VXTLT
2010-11-02,17.89,VXTLT
2010-11-03,16.23,VXTLT
2010-11-04,16.27,VXTLT
2010-11-05,15.91,VXTLT
2010-11-08,16.28,VXTLT
2010-11-09,17.47,VXTLT
2010-11-10,17.47,VXTLT
2010-11-11,18.1,VXTLT
2010-11-12,18.67,VXTLT
2010-11-15,18.88,VXTLT
2010-11-16,19.13,VXTLT
2010-11-17,18.29,VXTLT
2010-11-18,18.55,VXTLT
2010-11-19,17.61,VXTLT
2010-11-22,17.53,VXTLT
2010-11-23,17.06,VXTLT
2010-11-24,18.41,VXTLT
2010-11-26,18.92,VXTLT
2010-11-29,18.78,VXTLT
2010-11-30,18.45,VXTLT
2010-12-01,18.75,VXTLT
2010-12-02,18.37,VXTLT
2010-12-03,17.88,VXTLT
2010-12-06,18.42,VXTLT
2010-12-07,18.99,VXTLT
2010-12-08,18.16,VXTLT
2010-12-09,17.46,VXTLT
2010-12-10,17.47,VXTLT
2010-12-13,17.29,VXTLT
2010-12-14,18.09,VXTLT
2010-12-15,17.45,VXTLT
2010-12-16,17.45,VXTLT
2010-12-17,16.78,VXTLT
2010-12-20,15.74,VXTLT
2010-12-21,14.66,VXTLT
2010-12-22,15.02,VXTLT
2010-12-23,15.63,VXTLT
2010-12-27,15.57,VXTLT
2010-12-28,16.04,VXTLT
2010-12-29,16.24,VXTLT
2010-12-30,16.15,VXTLT
2010-12-31,17.04,VXTLT
2011-01-03,17.5,VXTLT
2011-01-04,17.02,VXTLT
2011-01-05,17.51,VXTLT
2011-01-06,17.86,VXTLT
2011-01-07,16.29,VXTLT
2011-01-10,16.45,VXTLT
2011-01-11,15.95,VXTLT
2011-01-12,15.75,VXTLT
2011-01-13,15.41,VXTLT
2011-01-14,15.07,VXTLT
2011-01-18,16.6,VXTLT
2011-01-19,16.64,VXTLT
2011-01-20,16.47,VXTLT
2011-01-21,15.9,VXTLT
2011-01-24,15.2,VXTLT
2011-01-25,15.85,VXTLT
2011-01-26,15.61,VXTLT
2011-01-27,15.52,VXTLT
2011-01-28,16.42,VXTLT
2011-01-31,16.55,VXTLT
2011-02-01,16.57,VXTLT
2011-02-02,16.56,VXTLT
2011-02-03,16.21,VXTLT
2011-02-04,15.44,VXTLT
2011-02-07,15.42,VXTLT
2011-02-08,15.15,VXTLT
2011-02-09,15.17,VXTLT
2011-02-10,14.98,VXTLT
2011-02-11,15.08,VXTLT
2011-02-14,15.1,VXTLT
2011-02-15,14.27,VXTLT
2011-02-16,14.7,VXTLT
2011-02-17,14.58,VXTLT
2011-02-18,14.57,VXTLT
2011-02-22,16.08,VXTLT
2011-02-23,15.35,VXTLT
2011-02-24,14.84,VXTLT
2011-02-25,14.56,VXTLT
2011-02-28,14.58,VXTLT
2011-03-01,15.08,VXTLT
2011-03-02,15.22,VXTLT
2011-03-03,14.74,VXTLT
2011-03-04,13.91,VXTLT
2011-03-07,14.51,VXTLT
2011-03-08,14.17,VXTLT
2011-03-09,13.96,VXTLT
2011-03-10,13.69,VXTLT
2011-03-11,13.58,VXTLT
2011-03-14,14.52,VXTLT
2011-03-15,15.54,VXTLT
2011-03-16,17.01,VXTLT
2011-03-17,16.52,VXTLT
2011-03-18,15.53,VXTLT
2011-03-21,14.69,VXTLT
2011-03-22,14.2,VXTLT
2011-03-23,14.24,VXTLT
2011-03-24,13.66,VXTLT
2011-03-25,13.7,VXTLT
2011-03-28,13.7,VXTLT
2011-03-29,13.26,VXTLT
2011-03-30,13.41,VXTLT
2011-03-31,13.36,VXTLT
2011-04-01,12.78,VXTLT
2011-04-04,12.75,VXTLT
2011-04-05,12.98,VXTLT
2011-04-06,12.9,VXTLT
2011-04-07,12.59,VXTLT
2011-04-08,12.77,VXTLT
2011-04-11,12.34,VXTLT
2011-04-12,12.21,VXTLT
2011-04-13,12.23,VXTLT
2011-04-14,12.03,VXTLT
2011-04-15,13.12,VXTLT
2011-04-18,13.8,VXTLT
2011-04-19,12.76,VXTLT
2011-04-20,12.47,VXTLT
2011-04-21,12.4,VXTLT
2011-04-25,12.96,VXTLT
2011-04-26,14.31,VXTLT
2011-04-27,13.21,VXTLT
2011-04-28,12.62,VXTLT
2011-04-29,13.13,VXTLT
2011-05-02,13.74,VXTLT
2011-05-03,13.28,VXTLT
2011-05-04,13.91,VXTLT
2011-05-05,15.17,VXTLT
2011-05-06,15.1,VXTLT
2011-05-09,14.87,VXTLT
2011-05-10,14.07,VXTLT
2011-05-11,14.97,VXTLT
2011-05-12,14.16,VXTLT
2011-05-13,14.21,VXTLT
2011-05-16,14.2,VXTLT
2011-05-17,14.26,VXTLT
2011-05-18,13.47,VXTLT
2011-05-19,13.27,VXTLT
2011-05-20,13.71,VXTLT
2011-05-23,14.32,VXTLT
2011-05-24,13.64,VXTLT
2011-05-25,13.62,VXTLT
2011-05-26,12.78,VXTLT
2011-05-27,12.55,VXTLT
2011-05-31,13.18,VXTLT
2011-06-01,14.22,VXTLT
2011-06-02,14.44,VXTLT
2011-06-03,14.07,VXTLT
2011-06-06,14.64,VXTLT
2011-06-07,14.43,VXTLT
2011-06-08,14.17,VXTLT
2011-06-09,15.19,VXTLT
2011-06-10,14.63,VXTLT
2011-06-13,14.51,VXTLT
2011-06-14,14.17,VXTLT
2011-06-15,16.1,VXTLT
2011-06-16,16.52,VXTLT
2011-06-17,15.96,VXTLT
2011-06-20,15.91,VXTLT
2011-06-21,15.34,VXTLT
2011-06-22,14.61,VXTLT
2011-06-23,15.16,VXTLT
2011-06-24,15.96,VXTLT
2011-06-27,16.28,VXTLT
2011-06-28,15.16,VXTLT
2011-06-29,14.46,VXTLT
2011-06-30,14.43,VXTLT
2011-07-01,13.97,VXTLT
2011-07-05,14.81,VXTLT
2011-07-06,15.25,VXTLT
2011-07-07,15.17,VXTLT
2011-07-08,13.94,VXTLT
2011-07-11,14.07,VXTLT
2011-07-12,14.58,VXTLT
2011-07-13,14.26,VXTLT
2011-07-14,15.24,VXTLT
2011-07-15,14.86,VXTLT
2011-07-18,15.19,VXTLT
2011-07-19,15.97,VXTLT
2011-07-20,15.87,VXTLT
2011-07-21,15.81,VXTLT
2011-07-22,15.91,VXTLT
2011-07-25,17.7,VXTLT
2011-07-26,18.14,VXTLT
2011-07-27,18.94,VXTLT
2011-07-28,18.01,VXTLT
2011-07-29,19.07,VXTLT
2011-08-01,18.15,VXTLT
2011-08-02,19.27,VXTLT
2011-08-03,19.32,VXTLT
2011-08-04,23.98,VXTLT
2011-08-05,23.32,VXTLT
2011-08-08,28.96,VXTLT
2011-08-09,27.93,VXTLT
2011-08-10,30.12,VXTLT
2011-08-11,27.95,VXTLT
2011-08-12,27.52,VXTLT
2011-08-15,25.83,VXTLT
2011-08-16,25.58,VXTLT
2011-08-17,24.22,VXTLT
2011-08-18,29.15,VXTLT
2011-08-19,29.97,VXTLT
2011-08-22,28.94,VXTLT
2011-08-23,27.3,VXTLT
2011-08-24,26.37,VXTLT
2011-08-25,27.87,VXTLT
2011-08-26,25.96,VXTLT
2011-08-29,24.26,VXTLT
2011-08-30,24.77,VXTLT
2011-08-31,23.3,VXTLT
2011-09-01,23.73,VXTLT
2011-09-02,25.98,VXTLT
2011-09-06,27.27,VXTLT
2011-09-07,25.62,VXTLT
2011-09-08,25.22,VXTLT
2011-09-09,26.17,VXTLT
2011-09-12,28.23,VXTLT
2011-09-13,26.88,VXTLT
2011-09-14,26.85,VXTLT
2011-09-15,24.93,VXTLT
2011-09-16,24.58,VXTLT
2011-09-19,25.62,VXTLT
2011-09-20,25.05,VXTLT
2011-09-21,23.68,VXTLT
2011-09-22,29.26,VXTLT
2011-09-23,27.95,VXTLT
2011-09-26,27.13,VXTLT
2011-09-27,26.42,VXTLT
2011-09-28,26.82,VXTLT
2011-09-29,21.07,VXTLT
2011-09-30,26.0,VXTLT
2011-10-03,24.44,VXTLT
2011-10-04,23.16,VXTLT
2011-10-05,27.8,VXTLT
2011-10-06,26.41,VXTLT
2011-10-07,26.38,VXTLT
2011-10-10,26.76,VXTLT
2011-10-11,25.3,VXTLT
2011-10-12,24.88,VXTLT
2011-10-13,24.43,VXTLT
2011-10-14,20.24,VXTLT
2011-10-17,24.52,VXTLT
2011-10-18,24.93,VXTLT
2011-10-19,24.74,VXTLT
2011-10-20,23.98,VXTLT
2011-10-21,23.24,VXTLT
2011-10-24,22.33,VXTLT
2011-10-25,23.29,VXTLT
2011-10-26,22.74,VXTLT
2011-10-27,22.35,VXTLT
2011-10-28,22.22,VXTLT
2011-10-31,25.4,VXTLT
2011-11-01,27.66,VXTLT
2011-11-02,24.89,VXTLT
2011-11-03,24.83,VXTLT
2011-11-04,24.44,VXTLT
2011-11-07,24.55,VXTLT
2011-11-08,24.03,VXTLT
2011-11-09,25.58,VXTLT
2011-11-10,24.54,VXTLT
2011-11-11,24.21,VXTLT
2011-11-14,24.82,VXTLT
2011-11-15,23.82,VXTLT
2011-11-16,23.5,VXTLT
2011-11-17,24.54,VXTLT
2011-11-18,22.76,VXTLT
2011-11-21,23.86,VXTLT
2011-11-22,22.93,VXTLT
2011-11-23,23.55,VXTLT
2011-11-25,23.55,VXTLT
2011-11-28,23.94,VXTLT
2011-11-29,23.2,VXTLT
2011-11-30,21.77,VXTLT
2011-12-01,21.14,VXTLT
2011-12-02,20.6,VXTLT
2011-12-05,21.17,VXTLT
2011-12-06,20.7,VXTLT
2011-12-07,21.17,VXTLT
2011-12-08,21.67,VXTLT
2011-12-09,21.71,VXTLT
2011-12-12,21.96,VXTLT
2011-12-13,20.32,VXTLT
2011-12-14,20.05,VXTLT
2011-12-15,18.34,VXTLT
2011-12-16,18.61,VXTLT
2011-12-19,19.35,VXTLT
2011-12-20,19.04,VXTLT
2011-12-21,18.83,VXTLT
2011-12-22,18.53,VXTLT
2011-12-23,18.33,VXTLT
2011-12-27,19.25,VXTLT
2011-12-28,19.52,VXTLT
2011-12-29,19.26,VXTLT
2011-12-30,19.34,VXTLT
2012-01-03,19.4,VXTLT
2012-01-04,18.84,VXTLT
2012-01-05,18.91,VXTLT
2012-01-06,18.13,VXTLT
2012-01-09,18.06,VXTLT
2012-01-10,18.06,VXTLT
2012-01-11,18.31,VXTLT
2012-01-12,18.25,VXTLT
2012-01-13,18.38,VXTLT
2012-01-17,18.21,VXTLT
2012-01-18,17.65,VXTLT
2012-01-19,17.77,VXTLT
2012-01-20,18.53,VXTLT
2012-01-23,19.26,VXTLT
2012-01-24,18.87,VXTLT
2012-01-25,17.88,VXTLT
2012-01-26,17.14,VXTLT
2012-01-27,16.5,VXTLT
2012-01-30,18.14,VXTLT
2012-01-31,18.2,VXTLT
2012-02-01,17.28,VXTLT
2012-02-02,17.11,VXTLT
2012-02-03,18.29,VXTLT
2012-02-06,18.24,VXTLT
2012-02-07,18.84,VXTLT
2012-02-08,19.38,VXTLT
2012-02-09,18.18,VXTLT
2012-02-10,17.82,VXTLT
2012-02-13,17.58,VXTLT
2012-02-14,17.09,VXTLT
2012-02-15,16.88,VXTLT
2012-02-16,17.21,VXTLT
2012-02-17,17.12,VXTLT
2012-02-21,17.38,VXTLT
2012-02-22,16.62,VXTLT
2012-02-23,16.51,VXTLT
2012-02-24,16.09,VXTLT
2012-02-27,15.97,VXTLT
2012-02-28,15.87,VXTLT
2012-02-29,16.44,VXTLT
2012-03-01,16.42,VXTLT
2012-03-02,15.99,VXTLT
2012-03-05,16.48,VXTLT
2012-03-06,16.41,VXTLT
2012-03-07,15.68,VXTLT
2012-03-08,16.16,VXTLT
2012-03-09,15.13,VXTLT
2012-03-12,13.96,VXTLT
2012-03-13,15.01,VXTLT
2012-03-14,17.23,VXTLT
2012-03-15,16.02,VXTLT
2012-03-16,16.06,VXTLT
2012-03-19,16.9,VXTLT
2012-03-20,17.28,VXTLT
2012-03-21,16.67,VXTLT
2012-03-22,16.69,VXTLT
2012-03-23,15.79,VXTLT
2012-03-26,16.14,VXTLT
2012-03-27,16.03,VXTLT
2012-03-28,16.12,VXTLT
2012-03-29,15.93,VXTLT
2012-03-30,16.6,VXTLT
2012-04-02,17.04,VXTLT
2012-04-03,18.08,VXTLT
2012-04-04,17.66,VXTLT
2012-04-05,17.44,VXTLT
2012-04-09,16.8,VXTLT
2012-04-10,17.33,VXTLT
2012-04-11,17.2,VXTLT
2012-04-12,16.83,VXTLT
2012-04-13,16.86,VXTLT
2012-04-16,16.98,VXTLT
2012-04-17,16.36,VXTLT
2012-04-18,15.99,VXTLT
2012-04-19,15.67,VXTLT
2012-04-20,14.89,VXTLT
2012-04-23,15.55,VXTLT
2012-04-24,15.98,VXTLT
2012-04-25,15.07,VXTLT
2012-04-26,14.02,VXTLT
2012-04-27,13.71,VXTLT
2012-04-30,13.9,VXTLT
2012-05-01,14.71,VXTLT
2012-05-02,14.71,VXTLT
2012-05-03,14.48,VXTLT
2012-05-04,14.08,VXTLT
2012-05-07,14.27,VXTLT
2012-05-08,14.64,VXTLT
2012-05-09,14.77,VXTLT
2012-05-10,14.2,VXTLT
2012-05-11,15.57,VXTLT
2012-05-14,18.68,VXTLT
2012-05-15,17.99,VXTLT
2012-05-16,18.0,VXTLT
2012-05-17,19.99,VXTLT
2012-05-18,19.06,VXTLT
2012-05-21,18.85,VXTLT
2012-05-22,17.77,VXTLT
2012-05-23,18.95,VXTLT
2012-05-24,17.87,VXTLT
2012-05-25,17.74,VXTLT
2012-05-29,17.52,VXTLT
2012-05-30,19.42,VXTLT
2012-05-31,20.29,VXTLT
2012-06-01,23.19,VXTLT
2012-06-04,22.49,VXTLT
2012-06-05,21.06,VXTLT
2012-06-06,20.2,VXTLT
2012-06-07,19.26,VXTLT
2012-06-08,19.62,VXTLT
2012-06-11,20.71,VXTLT
2012-06-12,20.76,VXTLT
2012-06-13,21.31,VXTLT
2012-06-14,20.43,VXTLT
2012-06-15,20.36,VXTLT
2012-06-18,18.45,VXTLT
2012-06-19,17.6,VXTLT
2012-06-20,16.68,VXTLT
2012-06-21,16.74,VXTLT
2012-06-22,15.88,VXTLT
2012-06-25,16.27,VXTLT
2012-06-26,15.9,VXTLT
2012-06-27,15.99,VXTLT
2012-06-28,15.97,VXTLT
2012-06-29,15.59,VXTLT
2012-07-02,15.54,VXTLT
2012-07-03,15.54,VXTLT
2012-07-05,15.64,VXTLT
2012-07-06,15.13,VXTLT
2012-07-09,15.82,VXTLT
2012-07-10,15.78,VXTLT
2012-07-11,15.9,VXTLT
2012-07-12,15.8,VXTLT
2012-07-13,15.01,VXTLT
2012-07-16,15.5,VXTLT
2012-07-17,15.51,VXTLT
2012-07-18,15.09,VXTLT
2012-07-19,14.78,VXTLT
2012-07-20,14.52,VXTLT
2012-07-23,15.79,VXTLT
2012-07-24,16.16,VXTLT
2012-07-25,16.34,VXTLT
2012-07-26,16.09,VXTLT
2012-07-27,16.27,VXTLT
2012-07-30,16.73,VXTLT
2012-07-31,16.94,VXTLT
2012-08-01,16.79,VXTLT
2012-08-02,15.96,VXTLT
2012-08-03,15.31,VXTLT
2012-08-06,15.48,VXTLT
2012-08-07,15.65,VXTLT
2012-08-08,15.69,VXTLT
2012-08-09,15.15,VXTLT
2012-08-10,14.82,VXTLT
2012-08-13,14.46,VXTLT
2012-08-14,15.08,VXTLT
2012-08-15,15.57,VXTLT
2012-08-16,16.21,VXTLT
2012-08-17,15.61,VXTLT
2012-08-20,15.69,VXTLT
2012-08-21,15.32,VXTLT
2012-08-22,14.96,VXTLT
2012-08-23,15.36,VXTLT
2012-08-24,15.63,VXTLT
2012-08-27,16.0,VXTLT
2012-08-28,16.13,VXTLT
2012-08-29,16.03,VXTLT
2012-08-30,16.35,VXTLT
2012-08-31,16.0,VXTLT
2012-09-04,16.3,VXTLT
2012-09-05,15.77,VXTLT
2012-09-06,15.65,VXTLT
2012-09-07,15.43,VXTLT
2012-09-10,16.26,VXTLT
2012-09-11,15.93,VXTLT
2012-09-12,16.99,VXTLT
2012-09-13,16.27,VXTLT
2012-09-14,18.56,VXTLT
2012-09-17,18.21,VXTLT
2012-09-18,16.64,VXTLT
2012-09-19,16.51,VXTLT
2012-09-20,16.71,VXTLT
2012-09-21,15.75,VXTLT
2012-09-24,15.76,VXTLT
2012-09-25,15.84,VXTLT
2012-09-26,16.06,VXTLT
2012-09-27,15.92,VXTLT
2012-09-28,15.78,VXTLT
2012-10-01,16.44,VXTLT
2012-10-02,16.0,VXTLT
2012-10-03,16.04,VXTLT
2012-10-04,16.15,VXTLT
2012-10-05,15.83,VXTLT
2012-10-08,16.19,VXTLT
2012-10-09,16.41,VXTLT
2012-10-10,16.23,VXTLT
2012-10-11,16.28,VXTLT
2012-10-12,16.39,VXTLT
2012-10-15,16.51,VXTLT
2012-10-16,16.7,VXTLT
2012-10-17,17.25,VXTLT
2012-10-18,17.16,VXTLT
2012-10-19,17.08,VXTLT
2012-10-22,17.16,VXTLT
2012-10-23,17.05,VXTLT
2012-10-24,16.41,VXTLT
2012-10-25,17.15,VXTLT
2012-10-26,17.17,VXTLT
2012-10-31,17.04,VXTLT
2012-11-01,17.11,VXTLT
2012-11-02,16.47,VXTLT
2012-11-05,16.71,VXTLT
2012-11-06,16.97,VXTLT
2012-11-07,16.23,VXTLT
2012-11-08,15.43,VXTLT
2012-11-09,14.95,VXTLT
2012-11-12,14.79,VXTLT
2012-11-13,14.3,VXTLT
2012-11-14,14.75,VXTLT
2012-11-15,15.27,VXTLT
2012-11-16,14.96,VXTLT
2012-11-19,14.78,VXTLT
2012-11-20,13.34,VXTLT
2012-11-21,13.43,VXTLT
2012-11-23,16.3,VXTLT
2012-11-26,13.69,VXTLT
2012-11-27,13.31,VXTLT
2012-11-28,13.59,VXTLT
2012-11-29,13.28,VXTLT
2012-11-30,13.4,VXTLT
2012-12-03,13.59,VXTLT
2012-12-04,13.19,VXTLT
2012-12-05,13.24,VXTLT
2012-12-06,13.59,VXTLT
2012-12-07,13.11,VXTLT
2012-12-10,13.39,VXTLT
2012-12-11,13.39,VXTLT
2012-12-12,13.12,VXTLT
2012-12-13,13.92,VXTLT
2012-12-14,13.35,VXTLT
2012-12-17,14.35,VXTLT
2012-12-18,14.16,VXTLT
2012-12-19,13.73,VXTLT
2012-12-20,13.82,VXTLT
2012-12-21,13.5,VXTLT
2012-12-24,13.5,VXTLT
2012-12-26,13.67,VXTLT
2012-12-27,14.01,VXTLT
2012-12-28,14.41,VXTLT
2012-12-31,14.08,VXTLT
2013-01-02,13.94,VXTLT
2013-01-03,14.32,VXTLT
2013-01-04,13.99,VXTLT
2013-01-07,13.74,VXTLT
2013-01-08,13.07,VXTLT
2013-01-09,12.88,VXTLT
2013-01-10,12.9,VXTLT
2013-01-11,12.91,VXTLT
2013-01-14,12.54,VXTLT
2013-01-15,12.23,VXTLT
2013-01-16,12.69,VXTLT
2013-01-17,12.95,VXTLT
2013-01-18,12.71,VXTLT
2013-01-22,12.93,VXTLT
2013-01-23,12.72,VXTLT
2013-01-24,12.67,VXTLT
2013-01-25,13.82,VXTLT
2013-01-28,14.67,VXTLT
2013-01-29,15.02,VXTLT
2013-01-30,14.65,VXTLT
2013-01-31,14.75,VXTLT
2013-02-01,14.82,VXTLT
2013-02-04,14.6,VXTLT
2013-02-05,14.66,VXTLT
2013-02-06,14.33,VXTLT
2013-02-07,13.96,VXTLT
2013-02-08,13.07,VXTLT
2013-02-11,13.11,VXTLT
2013-02-12,13.07,VXTLT
2013-02-13,13.51,VXTLT
2013-02-14,13.24,VXTLT
2013-02-15,13.0,VXTLT
2013-02-19,13.77,VXTLT
2013-02-20,13.89,VXTLT
2013-02-21,13.92,VXTLT
2013-02-22,13.62,VXTLT
2013-02-25,13.94,VXTLT
2013-02-26,13.65,VXTLT
2013-02-27,13.46,VXTLT
2013-02-28,12.97,VXTLT
2013-03-01,12.98,VXTLT
2013-03-04,13.02,VXTLT
2013-03-05,12.88,VXTLT
2013-03-06,12.85,VXTLT
2013-03-07,13.47,VXTLT
2013-03-08,12.87,VXTLT
2013-03-11,12.49,VXTLT
2013-03-12,12.43,VXTLT
2013-03-13,11.79,VXTLT
2013-03-14,12.01,VXTLT
2013-03-15,11.67,VXTLT
2013-03-18,12.05,VXTLT
2013-03-19,12.55,VXTLT
2013-03-20,12.38,VXTLT
2013-03-21,12.74,VXTLT
2013-03-22,12.46,VXTLT
2013-03-25,12.4,VXTLT
2013-03-26,11.89,VXTLT
2013-03-27,12.22,VXTLT
2013-03-28,11.79,VXTLT
2013-04-01,12.42,VXTLT
2013-04-02,12.15,VXTLT
2013-04-03,12.43,VXTLT
2013-04-04,12.89,VXTLT
2013-04-05,12.87,VXTLT
2013-04-08,12.88,VXTLT
2013-04-09,12.32,VXTLT
2013-04-10,12.34,VXTLT
2013-04-11,12.43,VXTLT
2013-04-12,12.71,VXTLT
2013-04-15,14.24,VXTLT
2013-04-16,13.18,VXTLT
2013-04-17,13.65,VXTLT
2013-04-18,13.2,VXTLT
2013-04-19,12.86,VXTLT
2013-04-22,12.56,VXTLT
2013-04-23,12.47,VXTLT
2013-04-24,12.25,VXTLT
2013-04-25,12.0,VXTLT
2013-04-26,12.13,VXTLT
2013-04-29,12.56,VXTLT
2013-04-30,12.48,VXTLT
2013-05-01,12.97,VXTLT
2013-05-02,12.61,VXTLT
2013-05-03,11.99,VXTLT
2013-05-06,11.96,VXTLT
2013-05-07,12.04,VXTLT
2013-05-08,11.83,VXTLT
2013-05-09,12.34,VXTLT
2013-05-10,12.73,VXTLT
2013-05-13,14.36,VXTLT
2013-05-14,14.75,VXTLT
2013-05-15,14.87,VXTLT
2013-05-16,14.4,VXTLT
2013-05-17,14.2,VXTLT
2013-05-20,14.8,VXTLT
2013-05-21,14.88,VXTLT
2013-05-22,15.41,VXTLT
2013-05-23,15.27,VXTLT
2013-05-24,14.94,VXTLT
2013-05-28,15.62,VXTLT
2013-05-29,15.98,VXTLT
2013-05-30,16.18,VXTLT
2013-05-31,16.69,VXTLT
2013-06-03,16.6,VXTLT
2013-06-04,16.8,VXTLT
2013-06-05,17.21,VXTLT
2013-06-06,16.95,VXTLT
2013-06-07,15.68,VXTLT
2013-06-10,15.98,VXTLT
2013-06-11,16.17,VXTLT
2013-06-12,16.75,VXTLT
2013-06-13,16.94,VXTLT
2013-06-14,16.55,VXTLT
2013-06-17,16.4,VXTLT
2013-06-18,16.3,VXTLT
2013-06-19,15.61,VXTLT
2013-06-20,16.94,VXTLT
2013-06-21,18.16,VXTLT
2013-06-24,18.69,VXTLT
2013-06-25,17.97,VXTLT
2013-06-26,17.39,VXTLT
2013-06-27,16.45,VXTLT
2013-06-28,16.1,VXTLT
2013-07-01,15.75,VXTLT
2013-07-02,15.78,VXTLT
2013-07-03,16.37,VXTLT
2013-07-05,16.17,VXTLT
2013-07-08,16.49,VXTLT
2013-07-09,16.21,VXTLT
2013-07-10,16.36,VXTLT
2013-07-11,15.56,VXTLT
2013-07-12,15.41,VXTLT
2013-07-15,15.37,VXTLT
2013-07-16,15.23,VXTLT
2013-07-17,14.61,VXTLT
2013-07-18,14.37,VXTLT
2013-07-19,13.7,VXTLT
2013-07-22,13.81,VXTLT
2013-07-23,13.95,VXTLT
2013-07-24,14.54,VXTLT
2013-07-25,14.41,VXTLT
2013-07-26,14.45,VXTLT
2013-07-29,15.34,VXTLT
2013-07-30,15.35,VXTLT
2013-07-31,15.73,VXTLT
2013-08-01,16.08,VXTLT
2013-08-02,14.56,VXTLT
2013-08-05,14.95,VXTLT
2013-08-06,14.68,VXTLT
2013-08-07,14.66,VXTLT
2013-08-08,14.44,VXTLT
2013-08-09,13.74,VXTLT
2013-08-12,13.89,VXTLT
2013-08-13,14.7,VXTLT
2013-08-14,15.0,VXTLT
2013-08-15,16.04,VXTLT
2013-08-16,16.57,VXTLT
2013-08-19,17.31,VXTLT
2013-08-20,16.95,VXTLT
2013-08-21,16.89,VXTLT
2013-08-22,16.41,VXTLT
2013-08-23,15.76,VXTLT
2013-08-26,15.78,VXTLT
2013-08-27,16.14,VXTLT
2013-08-28,16.6,VXTLT
2013-08-29,16.69,VXTLT
2013-08-30,16.81,VXTLT
2013-09-03,17.7,VXTLT
2013-09-04,17.08,VXTLT
2013-09-05,17.12,VXTLT
2013-09-06,16.18,VXTLT
2013-09-09,15.91,VXTLT
2013-09-10,15.6,VXTLT
2013-09-11,15.02,VXTLT
2013-09-12,15.01,VXTLT
2013-09-13,14.89,VXTLT
2013-09-16,15.2,VXTLT
2013-09-17,14.63,VXTLT
2013-09-18,14.76,VXTLT
2013-09-19,14.5,VXTLT
2013-09-20,13.79,VXTLT
2013-09-23,13.79,VXTLT
2013-09-24,13.89,VXTLT
2013-09-25,13.91,VXTLT
2013-09-26,14.23,VXTLT
2013-09-27,14.33,VXTLT
2013-09-30,15.69,VXTLT
2013-10-01,15.25,VXTLT
2013-10-02,14.78,VXTLT
2013-10-03,14.74,VXTLT
2013-10-04,14.54,VXTLT
2013-10-07,15.1,VXTLT
2013-10-08,15.72,VXTLT
2013-10-09,14.99,VXTLT
2013-10-10,14.71,VXTLT
2013-10-11,14.26,VXTLT
2013-10-14,14.53,VXTLT
2013-10-15,14.73,VXTLT
2013-10-16,14.49,VXTLT
2013-10-17,13.58,VXTLT
2013-10-18,13.09,VXTLT
2013-10-21,13.19,VXTLT
2013-10-22,12.18,VXTLT
2013-10-23,11.72,VXTLT
2013-10-24,11.74,VXTLT
2013-10-25,11.42,VXTLT
2013-10-28,11.43,VXTLT
2013-10-29,11.68,VXTLT
2013-10-30,11.37,VXTLT
2013-10-31,11.79,VXTLT
2013-11-01,12.26,VXTLT
2013-11-04,11.98,VXTLT
2013-11-05,12.33,VXTLT
2013-11-06,11.89,VXTLT
2013-11-07,11.93,VXTLT
2013-11-08,12.44,VXTLT
2013-11-11,12.85,VXTLT
2013-11-12,12.37,VXTLT
2013-11-13,13.03,VXTLT
2013-11-14,12.07,VXTLT
2013-11-15,11.23,VXTLT
2013-11-18,10.98,VXTLT
2013-11-19,11.39,VXTLT
2013-11-20,13.08,VXTLT
2013-11-21,13.08,VXTLT
2013-11-22,12.31,VXTLT
2013-11-25,12.46,VXTLT
2013-11-26,12.92,VXTLT
2013-11-27,12.96,VXTLT
2013-11-29,13.23,VXTLT
2013-12-02,13.76,VXTLT
2013-12-03,13.56,VXTLT
2013-12-04,13.74,VXTLT
2013-12-05,13.7,VXTLT
2013-12-06,12.85,VXTLT
2013-12-09,12.61,VXTLT
2013-12-10,12.37,VXTLT
2013-12-11,12.86,VXTLT
2013-12-12,12.77,VXTLT
2013-12-13,12.36,VXTLT
2013-12-16,12.44,VXTLT
2013-12-17,12.5,VXTLT
2013-12-18,11.77,VXTLT
2013-12-19,11.38,VXTLT
2013-12-20,11.31,VXTLT
2013-12-23,11.2,VXTLT
2013-12-24,11.3,VXTLT
2013-12-26,11.54,VXTLT
2013-12-27,11.62,VXTLT
2013-12-30,11.59,VXTLT
2013-12-31,11.52,VXTLT
2014-01-02,11.61,VXTLT
2014-01-03,11.45,VXTLT
2014-01-06,11.46,VXTLT
2014-01-07,10.97,VXTLT
2014-01-08,10.93,VXTLT
2014-01-09,10.3,VXTLT
2014-01-10,9.62,VXTLT
2014-01-13,8.94,VXTLT
2014-01-14,9.25,VXTLT
2014-01-15,9.54,VXTLT
2014-01-16,9.25,VXTLT
2014-01-17,9.3,VXTLT
2014-01-21,9.54,VXTLT
2014-01-22,9.48,VXTLT
2014-01-23,10.0,VXTLT
2014-01-24,10.84,VXTLT
2014-01-27,11.33,VXTLT
2014-01-28,10.77,VXTLT
2014-01-29,10.75,VXTLT
2014-01-30,10.49,VXTLT
2014-01-31,11.13,VXTLT
2014-02-03,12.48,VXTLT
2014-02-04,12.41,VXTLT
2014-02-05,12.36,VXTLT
2014-02-06,11.99,VXTLT
2014-02-07,11.03,VXTLT
2014-02-10,11.01,VXTLT
2014-02-11,10.83,VXTLT
2014-02-12,10.64,VXTLT
2014-02-13,10.39,VXTLT
2014-02-14,10.19,VXTLT
2014-02-18,10.93,VXTLT
2014-02-19,11.03,VXTLT
2014-02-20,10.82,VXTLT
2014-02-21,10.64,VXTLT
2014-02-24,10.53,VXTLT
2014-02-25,10.78,VXTLT
2014-02-26,11.18,VXTLT
2014-02-27,11.06,VXTLT
2014-02-28,10.91,VXTLT
2014-03-03,11.48,VXTLT
2014-03-04,11.17,VXTLT
2014-03-05,10.92,VXTLT
2014-03-06,10.49,VXTLT
2014-03-07,10.08,VXTLT
2014-03-10,9.9,VXTLT
2014-03-11,9.86,VXTLT
2014-03-12,10.12,VXTLT
2014-03-13,10.92,VXTLT
2014-03-14,11.95,VXTLT
2014-03-17,11.37,VXTLT
2014-03-18,11.06,VXTLT
2014-03-19,10.84,VXTLT
2014-03-20,9.95,VXTLT
2014-03-21,10.16,VXTLT
2014-03-24,10.39,VXTLT
2014-03-25,10.26,VXTLT
2014-03-26,10.68,VXTLT
2014-03-27,11.12,VXTLT
2014-03-28,11.36,VXTLT
2014-03-31,11.68,VXTLT
2014-04-01,11.28,VXTLT
2014-04-02,11.25,VXTLT
2014-04-03,11.31,VXTLT
2014-04-04,9.9,VXTLT
2014-04-07,9.98,VXTLT
2014-04-08,10.02,VXTLT
2014-04-09,9.88,VXTLT
2014-04-10,10.36,VXTLT
2014-04-11,11.36,VXTLT
2014-04-14,11.73,VXTLT
2014-04-15,11.85,VXTLT
2014-04-16,11.46,VXTLT
2014-04-17,11.27,VXTLT
2014-04-21,11.4,VXTLT
2014-04-22,11.08,VXTLT
2014-04-23,11.21,VXTLT
2014-04-24,11.49,VXTLT
2014-04-25,11.84,VXTLT
2014-04-28,12.18,VXTLT
2014-04-29,11.81,VXTLT
2014-04-30,11.69,VXTLT
2014-05-01,11.59,VXTLT
2014-05-02,11.11,VXTLT
2014-05-05,11.56,VXTLT
2014-05-06,11.65,VXTLT
2014-05-07,11.4,VXTLT
2014-05-08,11.16,VXTLT
2014-05-09,11.11,VXTLT
2014-05-12,11.25,VXTLT
2014-05-13,11.0,VXTLT
2014-05-14,11.69,VXTLT
2014-05-15,12.55,VXTLT
2014-05-16,11.95,VXTLT
2014-05-19,11.94,VXTLT
2014-05-20,11.89,VXTLT
2014-05-21,11.52,VXTLT
2014-05-22,11.1,VXTLT
2014-05-23,10.86,VXTLT
2014-05-27,11.13,VXTLT
2014-05-28,12.1,VXTLT
2014-05-29,11.68,VXTLT
2014-05-30,11.35,VXTLT
2014-06-02,12.07,VXTLT
2014-06-03,11.73,VXTLT
2014-06-04,11.66,VXTLT
2014-06-05,11.38,VXTLT
2014-06-06,10.58,VXTLT
2014-06-09,10.24,VXTLT
2014-06-10,10.2,VXTLT
2014-06-11,10.18,VXTLT
2014-06-12,10.14,VXTLT
2014-06-13,10.31,VXTLT
2014-06-16,10.39,VXTLT
2014-06-17,10.79,VXTLT
2014-06-18,9.9,VXTLT
2014-06-19,10.64,VXTLT
2014-06-20,10.58,VXTLT
2014-06-23,10.61,VXTLT
2014-06-24,10.72,VXTLT
2014-06-25,10.76,VXTLT
2014-06-26,10.51,VXTLT
2014-06-27,10.73,VXTLT
2014-06-30,10.99,VXTLT
2014-07-01,11.07,VXTLT
2014-07-02,10.93,VXTLT
2014-07-03,10.17,VXTLT
2014-07-07,10.5,VXTLT
2014-07-08,10.59,VXTLT
2014-07-09,10.64,VXTLT
2014-07-10,10.79,VXTLT
2014-07-11,10.8,VXTLT
2014-07-14,11.04,VXTLT
2014-07-15,10.38,VXTLT
2014-07-16,10.35,VXTLT
2014-07-17,11.2,VXTLT
2014-07-18,10.89,VXTLT
2014-07-21,11.23,VXTLT
2014-07-22,11.11,VXTLT
2014-07-23,11.11,VXTLT
2014-07-24,10.87,VXTLT
2014-07-25,11.16,VXTLT
2014-07-28,11.5,VXTLT
2014-07-29,11.69,VXTLT
2014-07-30,11.28,VXTLT
2014-07-31,11.98,VXTLT
2014-08-01,11.69,VXTLT
2014-08-04,11.68,VXTLT
2014-08-05,11.82,VXTLT
2014-08-06,12.03,VXTLT
2014-08-07,12.55,VXTLT
2014-08-08,12.92,VXTLT
2014-08-11,12.67,VXTLT
2014-08-12,12.51,VXTLT
2014-08-13,12.09,VXTLT
2014-08-14,12.17,VXTLT
2014-08-15,13.19,VXTLT
2014-08-18,12.45,VXTLT
2014-08-19,12.47,VXTLT
2014-08-20,12.3,VXTLT
2014-08-21,11.82,VXTLT
2014-08-22,11.82,VXTLT
2014-08-25,11.58,VXTLT
2014-08-26,11.44,VXTLT
2014-08-27,11.69,VXTLT
2014-08-28,12.2,VXTLT
2014-08-29,12.39,VXTLT
2014-09-02,12.97,VXTLT
2014-09-03,12.74,VXTLT
2014-09-04,12.73,VXTLT
2014-09-05,11.9,VXTLT
2014-09-08,12.45,VXTLT
2014-09-09,12.52,VXTLT
2014-09-10,12.67,VXTLT
2014-09-11,12.23,VXTLT
2014-09-12,12.7,VXTLT
2014-09-15,13.04,VXTLT
2014-09-16,13.12,VXTLT
2014-09-17,11.76,VXTLT
2014-09-18,11.75,VXTLT
2014-09-19,11.27,VXTLT
2014-09-22,11.6,VXTLT
2014-09-23,11.62,VXTLT
2014-09-24,11.71,VXTLT
2014-09-25,12.09,VXTLT
2014-09-26,12.32,VXTLT
2014-09-29,12.87,VXTLT
2014-09-30,12.47,VXTLT
2014-10-01,12.92,VXTLT
2014-10-02,12.79,VXTLT
2014-10-03,12.23,VXTLT
2014-10-06,12.42,VXTLT
2014-10-07,13.48,VXTLT
2014-10-08,13.43,VXTLT
2014-10-09,13.48,VXTLT
2014-10-10,13.8,VXTLT
2014-10-13,14.99,VXTLT
2014-10-14,15.97,VXTLT
2014-10-15,19.71,VXTLT
2014-10-16,17.14,VXTLT
2014-10-17,15.59,VXTLT
2014-10-20,14.84,VXTLT
2014-10-21,14.5,VXTLT
2014-10-22,14.64,VXTLT
2014-10-23,14.13,VXTLT
2014-10-24,14.42,VXTLT
2014-10-27,14.01,VXTLT
2014-10-28,12.86,VXTLT
2014-10-29,13.21,VXTLT
2014-10-30,12.9,VXTLT
2014-10-31,12.96,VXTLT
2014-11-03,12.97,VXTLT
2014-11-04,13.48,VXTLT
2014-11-05,13.3,VXTLT
2014-11-06,12.66,VXTLT
2014-11-07,12.1,VXTLT
2014-11-10,12.28,VXTLT
2014-11-11,12.32,VXTLT
2014-11-12,12.55,VXTLT
2014-11-13,12.58,VXTLT
2014-11-14,12.62,VXTLT
2014-11-17,12.75,VXTLT
2014-11-18,12.37,VXTLT
2014-11-19,12.17,VXTLT
2014-11-20,12.46,VXTLT
2014-11-21,11.74,VXTLT
2014-11-24,11.59,VXTLT
2014-11-25,11.91,VXTLT
2014-11-26,11.81,VXTLT
2014-11-28,12.17,VXTLT
2014-12-01,12.91,VXTLT
2014-12-02,12.59,VXTLT
2014-12-03,12.49,VXTLT
2014-12-04,12.25,VXTLT
2014-12-05,11.79,VXTLT
2014-12-08,12.21,VXTLT
2014-12-09,12.51,VXTLT
2014-12-10,13.04,VXTLT
2014-12-11,13.58,VXTLT
2014-12-12,15.79,VXTLT
2014-12-15,15.48,VXTLT
2014-12-16,16.94,VXTLT
2014-12-17,14.97,VXTLT
2014-12-18,13.23,VXTLT
2014-12-19,13.7,VXTLT
2014-12-22,13.55,VXTLT
2014-12-23,13.69,VXTLT
2014-12-24,14.06,VXTLT
2014-12-26,14.09,VXTLT
2014-12-29,14.46,VXTLT
2014-12-30,14.83,VXTLT
2014-12-31,14.34,VXTLT
2015-01-02,15.37,VXTLT
2015-01-05,16.14,VXTLT
2015-01-06,17.28,VXTLT
2015-01-07,16.77,VXTLT
2015-01-08,15.55,VXTLT
2015-01-09,15.93,VXTLT
2015-01-12,16.92,VXTLT
2015-01-13,16.26,VXTLT
2015-01-14,16.91,VXTLT
2015-01-15,18.58,VXTLT
2015-01-16,18.3,VXTLT
2015-01-20,19.05,VXTLT
2015-01-21,17.72,VXTLT
2015-01-22,16.99,VXTLT
2015-01-23,18.0,VXTLT
2015-01-26,17.61,VXTLT
2015-01-27,17.21,VXTLT
2015-01-28,17.67,VXTLT
2015-01-29,16.92,VXTLT
2015-01-30,17.53,VXTLT
2015-02-02,17.41,VXTLT
2015-02-03,18.34,VXTLT
2015-02-04,18.56,VXTLT
2015-02-05,18.04,VXTLT
2015-02-06,17.34,VXTLT
2015-02-09,17.57,VXTLT
2015-02-10,17.72,VXTLT
2015-02-11,17.66,VXTLT
2015-02-12,17.42,VXTLT
2015-02-13,16.9,VXTLT
2015-02-17,17.43,VXTLT
2015-02-18,17.84,VXTLT
2015-02-19,17.82,VXTLT
2015-02-20,17.95,VXTLT
2015-02-23,17.81,VXTLT
2015-02-24,17.42,VXTLT
2015-02-25,17.04,VXTLT
2015-02-26,16.82,VXTLT
2015-02-27,16.72,VXTLT
2015-03-02,17.0,VXTLT
2015-03-03,16.88,VXTLT
2015-03-04,16.24,VXTLT
2015-03-05,15.94,VXTLT
2015-03-06,15.5,VXTLT
2015-03-09,15.84,VXTLT
2015-03-10,16.34,VXTLT
2015-03-11,16.37,VXTLT
2015-03-12,16.34,VXTLT
2015-03-13,15.99,VXTLT
2015-03-16,16.26,VXTLT
2015-03-17,16.68,VXTLT
2015-03-18,15.69,VXTLT
2015-03-19,15.96,VXTLT
2015-03-20,15.34,VXTLT
2015-03-23,15.64,VXTLT
2015-03-24,15.78,VXTLT
2015-03-25,15.96,VXTLT
2015-03-26,15.8,VXTLT
2015-03-27,15.98,VXTLT
2015-03-30,16.19,VXTLT
2015-03-31,16.01,VXTLT
2015-04-01,15.9,VXTLT
2015-04-02,15.9,VXTLT
2015-04-06,15.22,VXTLT
2015-04-07,15.22,VXTLT
2015-04-08,14.79,VXTLT
2015-04-09,14.34,VXTLT
2015-04-10,14.26,VXTLT
2015-04-13,14.45,VXTLT
2015-04-14,14.6,VXTLT
2015-04-15,14.25,VXTLT
2015-04-16,14.24,VXTLT
2015-04-17,14.62,VXTLT
2015-04-20,14.63,VXTLT
2015-04-21,14.38,VXTLT
2015-04-22,14.49,VXTLT
2015-04-23,14.73,VXTLT
2015-04-24,14.26,VXTLT
2015-04-27,14.66,VXTLT
2015-04-28,14.71,VXTLT
2015-04-29,15.23,VXTLT
2015-04-30,15.81,VXTLT
2015-05-01,16.42,VXTLT
2015-05-04,17.11,VXTLT
2015-05-05,17.3,VXTLT
2015-05-06,17.92,VXTLT
2015-05-07,17.0,VXTLT
2015-05-08,15.79,VXTLT
2015-05-11,18.13,VXTLT
2015-05-12,18.11,VXTLT
2015-05-13,17.75,VXTLT
2015-05-14,17.11,VXTLT
2015-05-15,16.75,VXTLT
2015-05-18,17.84,VXTLT
2015-05-19,17.82,VXTLT
2015-05-20,17.61,VXTLT
2015-05-21,17.34,VXTLT
2015-05-22,16.77,VXTLT
2015-05-26,16.94,VXTLT
2015-05-27,16.1,VXTLT
2015-05-28,16.36,VXTLT
2015-05-29,16.56,VXTLT
2015-06-01,16.66,VXTLT
2015-06-02,16.79,VXTLT
2015-06-03,17.27,VXTLT
2015-06-04,17.39,VXTLT
2015-06-05,16.32,VXTLT
2015-06-08,16.81,VXTLT
2015-06-09,16.61,VXTLT
2015-06-10,17.11,VXTLT
2015-06-11,16.43,VXTLT
2015-06-12,16.72,VXTLT
2015-06-15,16.72,VXTLT
2015-06-16,16.47,VXTLT
2015-06-17,15.98,VXTLT
2015-06-18,15.99,VXTLT
2015-06-19,16.39,VXTLT
2015-06-22,16.71,VXTLT
2015-06-23,16.59,VXTLT
2015-06-24,16.62,VXTLT
2015-06-25,16.98,VXTLT
2015-06-26,17.06,VXTLT
2015-06-29,18.98,VXTLT
2015-06-30,18.58,VXTLT
2015-07-01,18.02,VXTLT
2015-07-02,17.94,VXTLT
2015-07-06,17.99,VXTLT
2015-07-07,17.96,VXTLT
2015-07-08,18.54,VXTLT
2015-07-09,17.77,VXTLT
2015-07-10,17.88,VXTLT
2015-07-13,16.9,VXTLT
2015-07-14,16.12,VXTLT
2015-07-15,15.98,VXTLT
2015-07-16,15.4,VXTLT
2015-07-17,14.9,VXTLT
2015-07-20,15.21,VXTLT
2015-07-21,14.48,VXTLT
2015-07-22,14.55,VXTLT
2015-07-23,14.24,VXTLT
2015-07-24,14.79,VXTLT
2015-07-27,15.46,VXTLT
2015-07-28,15.08,VXTLT
2015-07-29,14.47,VXTLT
2015-07-30,14.59,VXTLT
2015-07-31,14.92,VXTLT
2015-08-03,15.8,VXTLT
2015-08-04,15.36,VXTLT
2015-08-05,15.08,VXTLT
2015-08-06,15.27,VXTLT
2015-08-07,14.93,VXTLT
2015-08-10,14.78,VXTLT
2015-08-11,15.29,VXTLT
2015-08-12,15.43,VXTLT
2015-08-13,15.45,VXTLT
2015-08-14,15.1,VXTLT
2015-08-17,15.24,VXTLT
2015-08-18,15.39,VXTLT
2015-08-19,15.42,VXTLT
2015-08-20,18.65,VXTLT
2015-08-21,21.08,VXTLT
2015-08-24,18.37,VXTLT
2015-08-25,18.97,VXTLT
2015-08-26,19.24,VXTLT
2015-08-27,18.75,VXTLT
2015-08-28,18.26,VXTLT
2015-08-31,16.98,VXTLT
2015-09-01,18.04,VXTLT
2015-09-02,17.63,VXTLT
2015-09-03,16.9,VXTLT
2015-09-04,16.22,VXTLT
2015-09-08,16.71,VXTLT
2015-09-09,16.61,VXTLT
2015-09-10,16.27,VXTLT
2015-09-11,15.96,VXTLT
2015-09-14,15.87,VXTLT
2015-09-15,16.36,VXTLT
2015-09-16,16.72,VXTLT
2015-09-17,15.27,VXTLT
2015-09-18,15.32,VXTLT
2015-09-21,15.06,VXTLT
2015-09-22,15.79,VXTLT
2015-09-23,15.32,VXTLT
2015-09-24,15.77,VXTLT
2015-09-25,15.54,VXTLT
2015-09-28,16.44,VXTLT
2015-09-29,16.53,VXTLT
2015-09-30,15.75,VXTLT
2015-10-01,15.44,VXTLT
2015-10-02,15.23,VXTLT
2015-10-05,15.26,VXTLT
2015-10-06,15.35,VXTLT
2015-10-07,15.14,VXTLT
2015-10-08,14.81,VXTLT
2015-10-09,14.46,VXTLT
2015-10-12,13.96,VXTLT
2015-10-13,13.86,VXTLT
2015-10-14,13.45,VXTLT
2015-10-15,13.48,VXTLT
2015-10-16,13.47,VXTLT
2015-10-19,13.99,VXTLT
2015-10-20,13.87,VXTLT
2015-10-21,13.45,VXTLT
2015-10-22,13.27,VXTLT
2015-10-23,13.48,VXTLT
2015-10-26,14.08,VXTLT
2015-10-27,14.28,VXTLT
2015-10-28,14.09,VXTLT
2015-10-29,14.24,VXTLT
2015-10-30,14.29,VXTLT
2015-11-02,14.6,VXTLT
2015-11-03,14.34,VXTLT
2015-11-04,13.59,VXTLT
2015-11-05,14.15,VXTLT
2015-11-06,13.07,VXTLT
2015-11-09,13.43,VXTLT
2015-11-10,13.2,VXTLT
2015-11-11,13.97,VXTLT
2015-11-12,13.65,VXTLT
2015-11-13,13.41,VXTLT
2015-11-16,13.36,VXTLT
2015-11-17,13.61,VXTLT
2015-11-18,13.34,VXTLT
2015-11-19,13.39,VXTLT
2015-11-20,12.76,VXTLT
2015-11-23,13.22,VXTLT
2015-11-24,13.4,VXTLT
2015-11-25,12.96,VXTLT
2015-11-27,13.04,VXTLT
2015-11-30,12.83,VXTLT
2015-12-01,13.57,VXTLT
2015-12-02,13.35,VXTLT
2015-12-03,14.0,VXTLT
2015-12-04,12.82,VXTLT
2015-12-07,13.61,VXTLT
2015-12-08,13.84,VXTLT
2015-12-09,14.34,VXTLT
2015-12-10,14.06,VXTLT
2015-12-11,15.19,VXTLT
2015-12-14,16.18,VXTLT
2015-12-15,15.57,VXTLT
2015-12-16,13.57,VXTLT
2015-12-17,12.8,VXTLT
2015-12-18,13.01,VXTLT
2015-12-21,13.07,VXTLT
2015-12-22,12.6,VXTLT
2015-12-23,12.51,VXTLT
2015-12-24,12.17,VXTLT
2015-12-28,12.77,VXTLT
2015-12-29,12.9,VXTLT
2015-12-30,12.99,VXTLT
2015-12-31,13.43,VXTLT
2016-01-04,13.7,VXTLT
2016-01-05,13.54,VXTLT
2016-01-06,13.49,VXTLT
2016-01-07,14.01,VXTLT
2016-01-08,14.07,VXTLT
2016-01-11,12.98,VXTLT
2016-01-12,13.43,VXTLT
2016-01-13,14.53,VXTLT
2016-01-14,13.7,VXTLT
2016-01-15,15.62,VXTLT
2016-01-19,15.68,VXTLT
2016-01-20,16.11,VXTLT
2016-01-21,14.9,VXTLT
2016-01-22,14.29,VXTLT
2016-01-25,14.81,VXTLT
2016-01-26,14.85,VXTLT
2016-01-27,14.23,VXTLT
2016-01-28,13.99,VXTLT
2016-01-29,14.29,VXTLT
2016-02-01,14.5,VXTLT
2016-02-02,15.49,VXTLT
2016-02-03,15.76,VXTLT
2016-02-04,15.33,VXTLT
2016-02-05,15.43,VXTLT
2016-02-08,17.77,VXTLT
2016-02-09,17.74,VXTLT
2016-02-10,17.2,VXTLT
2016-02-11,19.15,VXTLT
2016-02-12,17.27,VXTLT
2016-02-16,15.98,VXTLT
2016-02-17,15.09,VXTLT
2016-02-18,15.59,VXTLT
2016-02-19,15.66,VXTLT
2016-02-22,15.51,VXTLT
2016-02-23,15.71,VXTLT
2016-02-24,15.32,VXTLT
2016-02-25,15.39,VXTLT
2016-02-26,14.5,VXTLT
2016-02-29,14.8,VXTLT
2016-03-01,14.15,VXTLT
2016-03-02,14.39,VXTLT
2016-03-03,14.11,VXTLT
2016-03-04,13.61,VXTLT
2016-03-07,14.26,VXTLT
2016-03-08,14.76,VXTLT
2016-03-09,14.56,VXTLT
2016-03-10,14.28,VXTLT
2016-03-11,14.02,VXTLT
2016-03-14,13.7,VXTLT
2016-03-15,13.63,VXTLT
2016-03-16,13.16,VXTLT
2016-03-17,13.33,VXTLT
2016-03-18,12.83,VXTLT
2016-03-21,13.31,VXTLT
2016-03-22,13.51,VXTLT
2016-03-23,13.94,VXTLT
2016-03-24,13.72,VXTLT
2016-03-28,13.93,VXTLT
2016-03-29,14.01,VXTLT
2016-03-30,13.69,VXTLT
2016-03-31,13.53,VXTLT
2016-04-01,13.19,VXTLT
2016-04-04,13.23,VXTLT
2016-04-05,13.86,VXTLT
2016-04-06,13.38,VXTLT
2016-04-07,13.91,VXTLT
2016-04-08,13.38,VXTLT
2016-04-11,12.87,VXTLT
2016-04-12,13.15,VXTLT
2016-04-13,12.73,VXTLT
2016-04-14,12.71,VXTLT
2016-04-15,12.14,VXTLT
2016-04-18,12.41,VXTLT
2016-04-19,12.6,VXTLT
2016-04-20,13.25,VXTLT
2016-04-21,13.46,VXTLT
2016-04-22,13.26,VXTLT
2016-04-25,13.54,VXTLT
2016-04-26,13.22,VXTLT
2016-04-27,12.96,VXTLT
2016-04-28,12.99,VXTLT
2016-04-29,13.05,VXTLT
2016-05-02,13.38,VXTLT
2016-05-03,13.46,VXTLT
2016-05-04,13.35,VXTLT
2016-05-05,13.25,VXTLT
2016-05-06,13.08,VXTLT
2016-05-09,13.28,VXTLT
2016-05-10,13.06,VXTLT
2016-05-11,13.07,VXTLT
2016-05-12,13.04,VXTLT
2016-05-13,13.11,VXTLT
2016-05-16,13.26,VXTLT
2016-05-17,12.95,VXTLT
2016-05-18,13.18,VXTLT
2016-05-19,13.38,VXTLT
2016-05-20,12.71,VXTLT
2016-05-23,12.77,VXTLT
2016-05-24,12.71,VXTLT
2016-05-25,12.16,VXTLT
2016-05-26,11.98,VXTLT
2016-05-27,11.73,VXTLT
2016-05-31,12.45,VXTLT
2016-06-01,12.45,VXTLT
2016-06-02,12.4,VXTLT
2016-06-03,12.39,VXTLT
2016-06-06,12.24,VXTLT
2016-06-07,12.16,VXTLT
2016-06-08,12.41,VXTLT
2016-06-09,12.94,VXTLT
2016-06-10,13.84,VXTLT
2016-06-13,15.44,VXTLT
2016-06-14,15.77,VXTLT
2016-06-15,15.75,VXTLT
2016-06-16,17.66,VXTLT
2016-06-17,16.61,VXTLT
2016-06-20,15.67,VXTLT
2016-06-21,15.12,VXTLT
2016-06-22,16.04,VXTLT
2016-06-23,15.08,VXTLT
2016-06-24,16.37,VXTLT
2016-06-27,17.44,VXTLT
2016-06-28,16.3,VXTLT
2016-06-29,15.12,VXTLT
2016-06-30,15.07,VXTLT
2016-07-01,15.3,VXTLT
2016-07-05,16.42,VXTLT
2016-07-06,16.2,VXTLT
2016-07-07,16.03,VXTLT
2016-07-08,14.83,VXTLT
2016-07-11,14.92,VXTLT
2016-07-12,14.79,VXTLT
2016-07-13,14.94,VXTLT
2016-07-14,15.46,VXTLT
2016-07-15,14.97,VXTLT
2016-07-18,14.53,VXTLT
2016-07-19,14.75,VXTLT
2016-07-20,14.38,VXTLT
2016-07-21,14.06,VXTLT
2016-07-22,13.71,VXTLT
2016-07-25,13.92,VXTLT
2016-07-26,14.01,VXTLT
2016-07-27,13.72,VXTLT
2016-07-28,13.87,VXTLT
2016-07-29,13.07,VXTLT
2016-08-01,13.34,VXTLT
2016-08-02,13.68,VXTLT
2016-08-03,13.46,VXTLT
2016-08-04,13.04,VXTLT
2016-08-05,12.85,VXTLT
2016-08-08,12.85,VXTLT
2016-08-09,12.46,VXTLT
2016-08-10,12.43,VXTLT
2016-08-11,12.54,VXTLT
2016-08-12,12.34,VXTLT
2016-08-15,12.73,VXTLT
2016-08-16,12.82,VXTLT
2016-08-17,12.6,VXTLT
2016-08-18,12.49,VXTLT
2016-08-19,12.1,VXTLT
2016-08-22,12.58,VXTLT
2016-08-23,12.37,VXTLT
2016-08-24,12.36,VXTLT
2016-08-25,13.0,VXTLT
2016-08-26,13.14,VXTLT
2016-08-29,12.46,VXTLT
2016-08-30,12.77,VXTLT
2016-08-31,13.14,VXTLT
2016-09-01,13.1,VXTLT
2016-09-02,12.41,VXTLT
2016-09-06,12.66,VXTLT
2016-09-07,12.64,VXTLT
2016-09-08,12.89,VXTLT
2016-09-09,13.81,VXTLT
2016-09-12,13.65,VXTLT
2016-09-13,14.57,VXTLT
2016-09-14,14.33,VXTLT
2016-09-15,14.15,VXTLT
2016-09-16,13.66,VXTLT
2016-09-19,14.18,VXTLT
2016-09-20,14.66,VXTLT
2016-09-21,13.73,VXTLT
2016-09-22,12.64,VXTLT
2016-09-23,12.44,VXTLT
2016-09-26,12.83,VXTLT
2016-09-27,12.61,VXTLT
2016-09-28,12.63,VXTLT
2016-09-29,13.33,VXTLT
2016-09-30,13.35,VXTLT
2016-10-03,13.43,VXTLT
2016-10-04,13.62,VXTLT
2016-10-05,13.51,VXTLT
2016-10-06,13.63,VXTLT
2016-10-07,13.44,VXTLT
2016-10-10,13.96,VXTLT
2016-10-11,13.71,VXTLT
2016-10-12,13.62,VXTLT
2016-10-13,13.27,VXTLT
2016-10-14,13.41,VXTLT
2016-10-17,13.93,VXTLT
2016-10-18,13.86,VXTLT
2016-10-19,13.52,VXTLT
2016-10-20,13.13,VXTLT
2016-10-21,12.33,VXTLT
2016-10-24,12.68,VXTLT
2016-10-25,12.63,VXTLT
2016-10-26,13.01,VXTLT
2016-10-27,13.5,VXTLT
2016-10-28,13.85,VXTLT
2016-10-31,14.6,VXTLT
2016-11-01,15.07,VXTLT
2016-11-02,15.04,VXTLT
2016-11-03,15.03,VXTLT
2016-11-04,15.06,VXTLT
2016-11-07,14.77,VXTLT
2016-11-08,13.93,VXTLT
2016-11-09,16.79,VXTLT
2016-11-10,17.7,VXTLT
2016-11-11,18.03,VXTLT
2016-11-14,19.07,VXTLT
2016-11-15,17.08,VXTLT
2016-11-16,16.46,VXTLT
2016-11-17,17.73,VXTLT
2016-11-18,17.9,VXTLT
2016-11-21,16.83,VXTLT
2016-11-22,15.48,VXTLT
2016-11-23,15.95,VXTLT
2016-11-25,16.58,VXTLT
2016-11-28,15.62,VXTLT
2016-11-29,15.27,VXTLT
2016-11-30,15.93,VXTLT
2016-12-01,17.5,VXTLT
2016-12-02,16.67,VXTLT
2016-12-05,16.22,VXTLT
2016-12-06,15.44,VXTLT
2016-12-07,15.24,VXTLT
2016-12-08,14.8,VXTLT
2016-12-09,15.35,VXTLT
2016-12-12,14.82,VXTLT
2016-12-13,15.0,VXTLT
2016-12-14,15.29,VXTLT
2016-12-15,13.16,VXTLT
2016-12-16,13.5,VXTLT
2016-12-19,13.29,VXTLT
2016-12-20,13.34,VXTLT
2016-12-21,13.48,VXTLT
2016-12-22,13.53,VXTLT
2016-12-23,13.67,VXTLT
2016-12-27,13.85,VXTLT
2016-12-28,13.97,VXTLT
2016-12-29,14.31,VXTLT
2016-12-30,14.46,VXTLT
2017-01-03,14.89,VXTLT
2017-01-04,14.59,VXTLT
2017-01-05,14.86,VXTLT
2017-01-06,14.14,VXTLT
2017-01-09,14.52,VXTLT
2017-01-10,13.88,VXTLT
2017-01-11,13.82,VXTLT
2017-01-12,13.68,VXTLT
2017-01-13,13.36,VXTLT
2017-01-17,14.0,VXTLT
2017-01-18,14.31,VXTLT
2017-01-19,14.34,VXTLT
2017-01-20,13.9,VXTLT
2017-01-23,14.28,VXTLT
2017-01-24,14.58,VXTLT
2017-01-25,14.57,VXTLT
2017-01-26,13.91,VXTLT
2017-01-27,13.42,VXTLT
2017-01-30,13.78,VXTLT
2017-01-31,13.9,VXTLT
2017-02-01,13.51,VXTLT
2017-02-02,13.16,VXTLT
2017-02-03,12.83,VXTLT
2017-02-06,13.37,VXTLT
2017-02-07,13.38,VXTLT
2017-02-08,13.42,VXTLT
2017-02-09,13.07,VXTLT
2017-02-10,12.94,VXTLT
2017-02-13,13.01,VXTLT
2017-02-14,12.78,VXTLT
2017-02-15,12.35,VXTLT
2017-02-16,12.17,VXTLT
2017-02-17,12.48,VXTLT
2017-02-21,12.68,VXTLT
2017-02-22,12.89,VXTLT
2017-02-23,12.82,VXTLT
2017-02-24,13.14,VXTLT
2017-02-27,13.02,VXTLT
2017-02-28,13.13,VXTLT
2017-03-01,12.56,VXTLT
2017-03-02,12.44,VXTLT
2017-03-03,11.89,VXTLT
2017-03-06,12.12,VXTLT
2017-03-07,12.04,VXTLT
2017-03-08,12.38,VXTLT
2017-03-09,12.53,VXTLT
2017-03-10,11.79,VXTLT
2017-03-13,11.21,VXTLT
2017-03-14,11.45,VXTLT
2017-03-15,10.66,VXTLT
2017-03-16,10.83,VXTLT
2017-03-17,10.83,VXTLT
2017-03-20,10.71,VXTLT
2017-03-21,10.98,VXTLT
2017-03-22,11.19,VXTLT
2017-03-23,11.34,VXTLT
2017-03-24,11.47,VXTLT
2017-03-27,11.57,VXTLT
2017-03-28,11.51,VXTLT
2017-03-29,11.49,VXTLT
2017-03-30,11.36,VXTLT
2017-03-31,11.37,VXTLT
2017-04-03,12.31,VXTLT
2017-04-04,12.52,VXTLT
2017-04-05,12.72,VXTLT
2017-04-06,12.72,VXTLT
2017-04-07,12.62,VXTLT
2017-04-10,12.86,VXTLT
2017-04-11,13.78,VXTLT
2017-04-12,14.02,VXTLT
2017-04-13,13.57,VXTLT
2017-04-17,13.55,VXTLT
2017-04-18,14.28,VXTLT
2017-04-19,13.69,VXTLT
2017-04-20,13.71,VXTLT
2017-04-21,14.9,VXTLT
2017-04-24,12.26,VXTLT
2017-04-25,11.69,VXTLT
2017-04-26,12.1,VXTLT
2017-04-27,11.85,VXTLT
2017-04-28,11.75,VXTLT
2017-05-01,11.82,VXTLT
2017-05-02,12.09,VXTLT
2017-05-03,11.77,VXTLT
2017-05-04,11.53,VXTLT
2017-05-05,11.55,VXTLT
2017-05-08,11.11,VXTLT
2017-05-09,11.12,VXTLT
2017-05-10,10.68,VXTLT
2017-05-11,10.71,VXTLT
2017-05-12,10.6,VXTLT
2017-05-15,10.58,VXTLT
2017-05-16,10.31,VXTLT
2017-05-17,11.9,VXTLT
2017-05-18,11.46,VXTLT
2017-05-19,10.74,VXTLT
2017-05-22,10.45,VXTLT
2017-05-23,10.42,VXTLT
2017-05-24,10.34,VXTLT
2017-05-25,10.29,VXTLT
2017-05-26,9.98,VXTLT
2017-05-30,10.48,VXTLT
2017-05-31,10.8,VXTLT
2017-06-01,11.85,VXTLT
2017-06-02,10.83,VXTLT
2017-06-05,10.64,VXTLT
2017-06-06,10.77,VXTLT
2017-06-07,10.53,VXTLT
2017-06-08,10.51,VXTLT
2017-06-09,10.0,VXTLT
2017-06-12,9.72,VXTLT
2017-06-13,9.68,VXTLT
2017-06-14,9.6,VXTLT
2017-06-15,9.81,VXTLT
2017-06-16,9.38,VXTLT
2017-06-19,9.54,VXTLT
2017-06-20,9.83,VXTLT
2017-06-21,10.07,VXTLT
2017-06-22,9.83,VXTLT
2017-06-23,9.66,VXTLT
2017-06-26,9.94,VXTLT
2017-06-27,10.34,VXTLT
2017-06-28,10.68,VXTLT
2017-06-29,10.85,VXTLT
2017-06-30,11.37,VXTLT
2017-07-03,11.94,VXTLT
2017-07-05,11.98,VXTLT
2017-07-06,11.6,VXTLT
2017-07-07,11.32,VXTLT
2017-07-10,11.06,VXTLT
2017-07-11,11.2,VXTLT
2017-07-12,11.09,VXTLT
2017-07-13,10.95,VXTLT
2017-07-14,10.58,VXTLT
2017-07-17,10.08,VXTLT
2017-07-18,10.17,VXTLT
2017-07-19,12.76,VXTLT
2017-07-20,9.37,VXTLT
2017-07-21,9.39,VXTLT
2017-07-24,9.67,VXTLT
2017-07-25,10.58,VXTLT
2017-07-26,10.27,VXTLT
2017-07-27,10.26,VXTLT
2017-07-28,10.48,VXTLT
2017-07-31,10.8,VXTLT
2017-08-01,11.11,VXTLT
2017-08-02,10.65,VXTLT
2017-08-03,10.32,VXTLT
2017-08-04,10.07,VXTLT
2017-08-07,10.21,VXTLT
2017-08-08,10.26,VXTLT
2017-08-09,10.7,VXTLT
2017-08-10,11.39,VXTLT
2017-08-11,11.22,VXTLT
2017-08-14,10.25,VXTLT
2017-08-15,10.05,VXTLT
2017-08-16,9.93,VXTLT
2017-08-17,10.49,VXTLT
2017-08-18,10.12,VXTLT
2017-08-21,10.69,VXTLT
2017-08-22,10.57,VXTLT
2017-08-23,10.66,VXTLT
2017-08-24,10.52,VXTLT
2017-08-25,10.31,VXTLT
2017-08-28,10.22,VXTLT
2017-08-29,10.47,VXTLT
2017-08-30,10.5,VXTLT
2017-08-31,10.5,VXTLT
2017-09-01,9.75,VXTLT
2017-09-05,11.52,VXTLT
2017-09-06,11.42,VXTLT
2017-09-07,11.63,VXTLT
2017-09-08,11.61,VXTLT
2017-09-11,10.62,VXTLT
2017-09-12,9.84,VXTLT
2017-09-13,10.0,VXTLT
2017-09-14,10.38,VXTLT
2017-09-15,9.53,VXTLT
2017-09-18,9.92,VXTLT
2017-09-19,10.05,VXTLT
2017-09-20,9.81,VXTLT
2017-09-21,9.79,VXTLT
2017-09-22,10.12,VXTLT
2017-09-25,10.47,VXTLT
2017-09-26,10.33,VXTLT
2017-09-27,10.48,VXTLT
2017-09-28,10.53,VXTLT
2017-09-29,10.43,VXTLT
2017-10-02,10.82,VXTLT
2017-10-03,10.73,VXTLT
2017-10-04,10.72,VXTLT
2017-10-05,10.91,VXTLT
2017-10-06,10.78,VXTLT
2017-10-09,10.81,VXTLT
2017-10-10,10.84,VXTLT
2017-10-11,10.43,VXTLT
2017-10-12,10.44,VXTLT
2017-10-13,10.13,VXTLT
2017-10-16,10.05,VXTLT
2017-10-17,9.84,VXTLT
2017-10-18,10.31,VXTLT
2017-10-19,10.09,VXTLT
2017-10-20,10.36,VXTLT
2017-10-23,11.03,VXTLT
2017-10-24,11.44,VXTLT
2017-10-25,11.9,VXTLT
2017-10-26,11.59,VXTLT
2017-10-27,11.06,VXTLT
2017-10-30,11.36,VXTLT
2017-10-31,10.92,VXTLT
2017-11-01,10.6,VXTLT
2017-11-02,10.38,VXTLT
2017-11-03,9.77,VXTLT
2017-11-06,10.08,VXTLT
2017-11-07,10.16,VXTLT
2017-11-08,9.97,VXTLT
2017-11-09,10.05,VXTLT
2017-11-10,10.36,VXTLT
2017-11-13,10.32,VXTLT
2017-11-14,10.16,VXTLT
2017-11-15,10.16,VXTLT
2017-11-16,10.29,VXTLT
2017-11-17,10.43,VXTLT
2017-11-20,10.26,VXTLT
2017-11-21,9.91,VXTLT
2017-11-22,9.9,VXTLT
2017-11-24,9.87,VXTLT
2017-11-27,9.43,VXTLT
2017-11-28,9.88,VXTLT
2017-11-29,10.28,VXTLT
2017-11-30,10.35,VXTLT
2017-12-01,11.15,VXTLT
2017-12-04,10.78,VXTLT
2017-12-05,10.75,VXTLT
2017-12-06,10.28,VXTLT
2017-12-07,10.41,VXTLT
2017-12-08,10.32,VXTLT
2017-12-11,9.83,VXTLT
2017-12-12,8.95,VXTLT
2017-12-13,9.01,VXTLT
2017-12-14,9.61,VXTLT
2017-12-15,9.48,VXTLT
2017-12-18,9.95,VXTLT
2017-12-19,10.06,VXTLT
2017-12-20,10.28,VXTLT
2017-12-21,10.45,VXTLT
2017-12-22,10.7,VXTLT
2017-12-26,10.71,VXTLT
2017-12-27,10.8,VXTLT
2017-12-28,11.04,VXTLT
2017-12-29,10.49,VXTLT
2018-01-02,10.75,VXTLT
2018-01-03,10.77,VXTLT
2018-01-04,9.77,VXTLT
2018-01-05,10.36,VXTLT
2018-01-08,10.3,VXTLT
2018-01-09,10.66,VXTLT
2018-01-10,10.53,VXTLT
2018-01-11,10.6,VXTLT
2018-01-12,10.48,VXTLT
2018-01-16,10.2,VXTLT
2018-01-17,10.36,VXTLT
2018-01-18,11.55,VXTLT
2018-01-19,12.21,VXTLT
2018-01-22,12.06,VXTLT
2018-01-23,11.47,VXTLT
2018-01-24,11.64,VXTLT
2018-01-25,10.94,VXTLT
2018-01-26,11.52,VXTLT
2018-01-29,12.49,VXTLT
2018-01-30,12.85,VXTLT
2018-01-31,12.37,VXTLT
2018-02-01,13.49,VXTLT
2018-02-02,11.72,VXTLT
2018-02-05,16.54,VXTLT
2018-02-06,13.45,VXTLT
2018-02-07,13.39,VXTLT
2018-02-08,15.85,VXTLT
2018-02-09,15.84,VXTLT
2018-02-12,14.83,VXTLT
2018-02-13,13.17,VXTLT
2018-02-14,12.76,VXTLT
2018-02-15,12.13,VXTLT
2018-02-16,11.32,VXTLT
2018-02-20,11.59,VXTLT
2018-02-21,12.3,VXTLT
2018-02-22,13.4,VXTLT
2018-02-23,11.32,VXTLT
2018-02-26,11.28,VXTLT
2018-02-27,12.41,VXTLT
2018-02-28,11.41,VXTLT
2018-03-01,11.75,VXTLT
2018-03-02,11.61,VXTLT
2018-03-05,11.53,VXTLT
2018-03-06,11.55,VXTLT
2018-03-07,11.33,VXTLT
2018-03-08,10.95,VXTLT
2018-03-09,10.28,VXTLT
2018-03-12,9.72,VXTLT
2018-03-13,9.17,VXTLT
2018-03-14,9.53,VXTLT
2018-03-15,9.53,VXTLT
2018-03-16,9.69,VXTLT
2018-03-19,10.82,VXTLT
2018-03-20,10.72,VXTLT
2018-03-21,8.68,VXTLT
2018-03-22,10.03,VXTLT
2018-03-23,10.22,VXTLT
2018-03-26,10.1,VXTLT
2018-03-27,10.49,VXTLT
2018-03-28,10.24,VXTLT
2018-03-29,10.61,VXTLT
2018-04-02,11.08,VXTLT
2018-04-03,10.37,VXTLT
2018-04-04,10.11,VXTLT
2018-04-05,9.86,VXTLT
2018-04-06,10.01,VXTLT
2018-04-09,9.96,VXTLT
2018-04-10,9.62,VXTLT
2018-04-11,9.46,VXTLT
2018-04-12,9.82,VXTLT
2018-04-13,9.28,VXTLT
2018-04-16,9.41,VXTLT
2018-04-17,9.22,VXTLT
2018-04-18,9.74,VXTLT
2018-04-19,10.2,VXTLT
2018-04-20,10.26,VXTLT
2018-04-23,10.29,VXTLT
2018-04-24,10.51,VXTLT
2018-04-25,11.4,VXTLT
2018-04-26,10.02,VXTLT
2018-04-27,9.5,VXTLT
2018-04-30,9.69,VXTLT
2018-05-01,10.06,VXTLT
2018-05-02,9.96,VXTLT
2018-05-03,9.71,VXTLT
2018-05-04,9.0,VXTLT
2018-05-07,9.41,VXTLT
2018-05-08,9.85,VXTLT
2018-05-09,10.09,VXTLT
2018-05-10,9.3,VXTLT
2018-05-11,8.76,VXTLT
2018-05-14,9.45,VXTLT
2018-05-15,10.32,VXTLT
2018-05-16,10.84,VXTLT
2018-05-17,10.75,VXTLT
2018-05-18,9.87,VXTLT
2018-05-21,13.91,VXTLT
2018-05-22,9.98,VXTLT
2018-05-23,9.73,VXTLT
2018-05-24,9.14,VXTLT
2018-05-25,9.19,VXTLT
2018-05-29,11.77,VXTLT
2018-05-30,10.88,VXTLT
2018-05-31,10.44,VXTLT
2018-06-01,10.14,VXTLT
2018-06-04,9.74,VXTLT
2018-06-05,9.84,VXTLT
2018-06-06,10.01,VXTLT
2018-06-07,9.97,VXTLT
2018-06-08,10.4,VXTLT
2018-06-11,10.13,VXTLT
2018-06-12,9.95,VXTLT
2018-06-13,9.5,VXTLT
2018-06-14,9.2,VXTLT
2018-06-15,8.92,VXTLT
2018-06-18,9.02,VXTLT
2018-06-19,9.37,VXTLT
2018-06-20,9.08,VXTLT
2018-06-21,9.38,VXTLT
2018-06-22,9.22,VXTLT
2018-06-25,9.65,VXTLT
2018-06-26,9.28,VXTLT
2018-06-27,9.6,VXTLT
2018-06-28,9.81,VXTLT
2018-06-29,9.12,VXTLT
2018-07-02,9.42,VXTLT
2018-07-03,9.37,VXTLT
2018-07-05,9.55,VXTLT
2018-07-06,9.4,VXTLT
2018-07-09,10.18,VXTLT
2018-07-10,9.42,VXTLT
2018-07-11,9.58,VXTLT
2018-07-12,8.82,VXTLT
2018-07-13,8.79,VXTLT
2018-07-16,8.72,VXTLT
2018-07-17,8.87,VXTLT
2018-07-18,8.78,VXTLT
2018-07-19,9.01,VXTLT
2018-07-20,9.51,VXTLT
2018-07-23,10.38,VXTLT
2018-07-24,10.04,VXTLT
2018-07-25,9.9,VXTLT
2018-07-26,9.98,VXTLT
2018-07-27,9.41,VXTLT
2018-07-30,9.99,VXTLT
2018-07-31,9.31,VXTLT
2018-08-01,9.73,VXTLT
2018-08-02,9.8,VXTLT
2018-08-03,9.32,VXTLT
2018-08-06,9.27,VXTLT
2018-08-07,9.24,VXTLT
2018-08-08,9.24,VXTLT
2018-08-09,8.77,VXTLT
2018-08-10,9.43,VXTLT
2018-08-13,9.78,VXTLT
2018-08-14,9.22,VXTLT
2018-08-15,9.96,VXTLT
2018-08-16,9.45,VXTLT
2018-08-17,8.99,VXTLT
2018-08-20,9.56,VXTLT
2018-08-21,8.96,VXTLT
2018-08-22,9.18,VXTLT
2018-08-23,8.88,VXTLT
2018-08-24,8.49,VXTLT
2018-08-27,8.76,VXTLT
2018-08-28,9.05,VXTLT
2018-08-29,8.98,VXTLT
2018-08-30,9.02,VXTLT
2018-08-31,8.97,VXTLT
2018-09-04,9.43,VXTLT
2018-09-05,9.46,VXTLT
2018-09-06,9.37,VXTLT
2018-09-07,9.28,VXTLT
2018-09-10,9.13,VXTLT
2018-09-11,9.19,VXTLT
2018-09-12,8.92,VXTLT
2018-09-13,8.85,VXTLT
2018-09-14,9.01,VXTLT
2018-09-17,9.35,VXTLT
2018-09-18,9.32,VXTLT
2018-09-19,10.15,VXTLT
2018-09-20,9.8,VXTLT
2018-09-21,9.78,VXTLT
2018-09-24,10.15,VXTLT
2018-09-25,10.29,VXTLT
2018-09-26,9.65,VXTLT
2018-09-27,9.66,VXTLT
2018-09-28,9.24,VXTLT
2018-10-01,9.69,VXTLT
2018-10-02,9.62,VXTLT
2018-10-03,10.69,VXTLT
2018-10-04,12.38,VXTLT
2018-10-05,12.22,VXTLT
2018-10-08,12.8,VXTLT
2018-10-09,12.14,VXTLT
2018-10-10,13.6,VXTLT
2018-10-11,16.14,VXTLT
2018-10-12,11.13,VXTLT
2018-10-15,11.25,VXTLT
2018-10-16,10.61,VXTLT
2018-10-17,11.11,VXTLT
2018-10-18,11.29,VXTLT
2018-10-19,11.08,VXTLT
2018-10-22,11.13,VXTLT
2018-10-23,11.23,VXTLT
2018-10-24,12.68,VXTLT
2018-10-25,11.15,VXTLT
2018-10-26,11.45,VXTLT
2018-10-29,11.65,VXTLT
2018-10-30,15.87,VXTLT
2018-10-31,11.67,VXTLT
2018-11-01,11.59,VXTLT
2018-11-02,11.58,VXTLT
2018-11-05,11.96,VXTLT
2018-11-06,12.19,VXTLT
2018-11-07,10.14,VXTLT
2018-11-08,10.15,VXTLT
2018-11-09,9.87,VXTLT
2018-11-12,10.25,VXTLT
2018-11-13,12.08,VXTLT
2018-11-14,10.75,VXTLT
2018-11-15,10.49,VXTLT
2018-11-16,10.37,VXTLT
2018-11-19,10.52,VXTLT
2018-11-20,10.65,VXTLT
2018-11-21,10.21,VXTLT
2018-11-23,10.56,VXTLT
2018-11-26,9.5,VXTLT
2018-11-27,9.32,VXTLT
2018-11-28,9.19,VXTLT
2018-11-29,9.57,VXTLT
2018-11-30,9.57,VXTLT
2018-12-04,11.23,VXTLT
2018-12-06,11.57,VXTLT
2018-12-07,11.58,VXTLT
2018-12-10,11.8,VXTLT
2018-12-11,11.11,VXTLT
2018-12-12,11.32,VXTLT
2018-12-13,10.34,VXTLT
2018-12-14,10.92,VXTLT
2018-12-17,11.72,VXTLT
2018-12-18,11.55,VXTLT
2018-12-19,11.05,VXTLT
2018-12-20,14.65,VXTLT
2018-12-21,13.6,VXTLT
2018-12-24,15.3,VXTLT
2018-12-26,14.06,VXTLT
2018-12-27,13.08,VXTLT
2018-12-28,12.39,VXTLT
2018-12-31,12.27,VXTLT
2019-01-02,12.11,VXTLT
2019-01-03,12.67,VXTLT
2019-01-04,12.12,VXTLT
2019-01-07,11.82,VXTLT
2019-01-08,11.09,VXTLT
2019-01-09,10.8,VXTLT
2019-01-10,10.63,VXTLT
2019-01-11,9.86,VXTLT
2019-01-14,10.71,VXTLT
2019-01-15,8.32,VXTLT
2019-01-16,10.36,VXTLT
2019-01-17,11.21,VXTLT
2019-01-18,9.56,VXTLT
2019-01-22,21.27,VXTLT
2019-01-23,19.28,VXTLT
2019-01-24,9.76,VXTLT
2019-01-25,9.4,VXTLT
2019-01-28,9.91,VXTLT
2019-01-29,9.77,VXTLT
2019-01-30,9.59,VXTLT
2019-01-31,9.64,VXTLT
2019-02-01,9.5,VXTLT
2019-02-04,10.09,VXTLT
2019-02-05,9.65,VXTLT
2019-02-06,9.43,VXTLT
2019-02-07,9.45,VXTLT
2019-02-08,9.3,VXTLT
2019-02-11,9.49,VXTLT
2019-02-12,9.55,VXTLT
2019-02-13,9.28,VXTLT
2019-02-14,9.01,VXTLT
2019-02-15,13.6,VXTLT
2019-02-19,10.45,VXTLT
2019-02-21,12.58,VXTLT
2019-02-22,8.8,VXTLT
2019-02-25,9.01,VXTLT
2019-02-26,9.04,VXTLT
2019-02-27,9.27,VXTLT
2019-02-28,9.27,VXTLT
2019-03-01,9.59,VXTLT
2019-03-04,9.6,VXTLT
2019-03-05,9.52,VXTLT
2019-03-06,9.0,VXTLT
2019-03-07,8.89,VXTLT
2019-03-08,8.47,VXTLT
2019-03-11,6.7,VXTLT
2019-03-12,8.16,VXTLT
2019-03-13,8.0,VXTLT
2019-03-14,8.73,VXTLT
2019-03-15,8.54,VXTLT
2019-03-18,9.01,VXTLT
2019-03-19,8.39,VXTLT
2019-03-20,8.76,VXTLT
2019-03-21,8.94,VXTLT
2019-03-22,10.17,VXTLT
2019-03-25,12.03,VXTLT
2019-03-26,10.68,VXTLT
2019-03-27,11.66,VXTLT
2019-03-28,11.46,VXTLT
2019-03-29,10.74,VXTLT
2019-04-01,9.92,VXTLT
2019-04-02,10.07,VXTLT
2019-04-03,9.94,VXTLT
2019-04-04,10.0,VXTLT
2019-04-05,9.63,VXTLT
2019-04-08,10.21,VXTLT
2019-04-09,9.24,VXTLT
2019-04-10,9.14,VXTLT
2019-04-11,8.85,VXTLT
2019-04-12,8.79,VXTLT
2019-04-15,8.83,VXTLT
2019-04-16,9.24,VXTLT
2019-04-17,9.92,VXTLT
2019-04-18,10.02,VXTLT
2019-04-22,9.7,VXTLT
2019-04-23,9.72,VXTLT
2019-04-24,9.55,VXTLT
2019-04-25,9.61,VXTLT
2019-04-26,8.85,VXTLT
2019-04-29,9.28,VXTLT
2019-04-30,9.49,VXTLT
2019-05-01,9.18,VXTLT
2019-05-02,9.06,VXTLT
2019-05-03,9.34,VXTLT
2019-05-06,9.57,VXTLT
2019-05-07,10.58,VXTLT
2019-05-08,10.39,VXTLT
2019-05-09,10.19,VXTLT
2019-05-10,9.45,VXTLT
2019-05-13,10.73,VXTLT
2019-05-14,13.53,VXTLT
2019-05-15,9.87,VXTLT
2019-05-16,9.1,VXTLT
2019-05-17,9.67,VXTLT
2019-05-20,9.01,VXTLT
2019-05-21,9.16,VXTLT
2019-05-22,8.98,VXTLT
2019-05-23,9.98,VXTLT
2019-05-24,9.56,VXTLT
2019-05-28,10.38,VXTLT
2019-05-29,11.04,VXTLT
2019-05-30,10.64,VXTLT
2019-05-31,12.35,VXTLT
2019-06-03,12.8,VXTLT
2019-06-04,11.74,VXTLT
2019-06-05,11.55,VXTLT
2019-06-06,11.69,VXTLT
2019-06-07,10.87,VXTLT
2019-06-10,10.44,VXTLT
2019-06-11,10.25,VXTLT
2019-06-12,10.52,VXTLT
2019-06-13,11.78,VXTLT
2019-06-14,11.89,VXTLT
2019-06-17,13.01,VXTLT
2019-06-18,11.83,VXTLT
2019-06-19,10.94,VXTLT
2019-06-20,10.92,VXTLT
2019-06-21,10.41,VXTLT
2019-06-24,10.98,VXTLT
2019-06-25,11.29,VXTLT
2019-06-26,10.53,VXTLT
2019-06-27,10.52,VXTLT
2019-06-28,10.83,VXTLT
2019-07-01,10.21,VXTLT
2019-07-02,9.94,VXTLT
2019-07-03,10.11,VXTLT
2019-07-08,10.8,VXTLT
2019-07-09,9.88,VXTLT
2019-07-10,10.22,VXTLT
2019-07-11,10.54,VXTLT
2019-07-12,10.27,VXTLT
2019-07-15,10.62,VXTLT
2019-07-16,10.76,VXTLT
2019-07-17,10.79,VXTLT
2019-07-18,10.89,VXTLT
2019-07-19,10.55,VXTLT
2019-07-22,10.88,VXTLT
2019-07-23,10.74,VXTLT
2019-07-24,10.56,VXTLT
2019-07-25,10.46,VXTLT
2019-07-26,9.97,VXTLT
2019-07-29,10.17,VXTLT
2019-07-30,10.24,VXTLT
2019-07-31,10.17,VXTLT
2019-08-01,11.5,VXTLT
2019-08-02,11.84,VXTLT
2019-08-05,13.88,VXTLT
2019-08-06,13.32,VXTLT
2019-08-07,15.06,VXTLT
2019-08-08,13.76,VXTLT
2019-08-09,13.77,VXTLT
2019-08-12,16.45,VXTLT
2019-08-13,15.13,VXTLT
2019-08-14,17.6,VXTLT
2019-08-15,18.19,VXTLT
2019-08-16,17.24,VXTLT
2019-08-19,16.69,VXTLT
2019-08-20,16.76,VXTLT
2019-08-21,15.93,VXTLT
2019-08-22,15.3,VXTLT
2019-08-23,16.06,VXTLT
2019-08-26,15.94,VXTLT
2019-08-27,16.29,VXTLT
2019-08-28,16.28,VXTLT
2019-08-29,15.51,VXTLT
2019-08-30,18.23,VXTLT
2019-09-03,15.58,VXTLT
2019-09-04,15.1,VXTLT
2019-09-05,14.45,VXTLT
2019-09-06,13.9,VXTLT
2019-09-09,14.34,VXTLT
2019-09-10,14.78,VXTLT
2019-09-11,14.44,VXTLT
2019-09-12,14.76,VXTLT
2019-09-13,16.19,VXTLT
2019-09-16,16.45,VXTLT
2019-09-17,15.79,VXTLT
2019-09-18,15.36,VXTLT
2019-09-19,15.05,VXTLT
2019-09-20,15.06,VXTLT
2019-09-23,14.7,VXTLT
2019-09-24,15.43,VXTLT
2019-09-25,15.28,VXTLT
2019-09-26,15.38,VXTLT
2019-09-27,15.0,VXTLT
2019-09-30,15.36,VXTLT
2019-10-01,15.79,VXTLT
2019-10-02,15.13,VXTLT
2019-10-03,14.4,VXTLT
2019-10-04,13.87,VXTLT
2019-10-07,14.17,VXTLT
2019-10-08,14.27,VXTLT
2019-10-09,13.81,VXTLT
2019-10-10,14.03,VXTLT
2019-10-11,13.97,VXTLT
2019-10-14,13.93,VXTLT
2019-10-15,13.81,VXTLT
2019-10-16,13.74,VXTLT
2019-10-17,13.82,VXTLT
2019-10-18,13.8,VXTLT
2019-10-21,13.91,VXTLT
2019-10-22,13.6,VXTLT
2019-10-23,12.98,VXTLT
2019-10-24,12.56,VXTLT
2019-10-25,12.4,VXTLT
2019-10-28,13.01,VXTLT
2019-10-29,12.84,VXTLT
2019-10-30,12.64,VXTLT
2019-10-31,12.63,VXTLT
2019-11-01,12.18,VXTLT
2019-11-04,12.29,VXTLT
2019-11-05,12.73,VXTLT
2019-11-06,12.42,VXTLT
2019-11-07,14.63,VXTLT
2019-11-08,14.1,VXTLT
2019-11-11,14.67,VXTLT
2019-11-12,14.22,VXTLT
2019-11-13,13.62,VXTLT
2019-11-14,13.76,VXTLT
2019-11-15,12.9,VXTLT
2019-11-18,12.62,VXTLT
2019-11-19,12.23,VXTLT
2019-11-20,13.06,VXTLT
2019-11-21,12.78,VXTLT
2019-11-22,12.3,VXTLT
2019-11-25,12.47,VXTLT
2019-11-26,12.39,VXTLT
2019-11-27,12.01,VXTLT
2019-11-29,12.12,VXTLT
2019-12-02,12.77,VXTLT
2019-12-03,13.67,VXTLT
2019-12-04,13.02,VXTLT
2019-12-05,13.2,VXTLT
2019-12-06,13.23,VXTLT
2019-12-09,13.66,VXTLT
2019-12-10,13.66,VXTLT
2019-12-11,13.15,VXTLT
2019-12-12,12.72,VXTLT
2019-12-13,11.79,VXTLT
2019-12-16,11.71,VXTLT
2019-12-17,11.17,VXTLT
2019-12-18,11.57,VXTLT
2019-12-19,11.38,VXTLT
2019-12-20,11.19,VXTLT
2019-12-23,11.6,VXTLT
2019-12-24,11.72,VXTLT
2019-12-26,11.81,VXTLT
2019-12-27,11.54,VXTLT
2019-12-30,11.93,VXTLT
2019-12-31,12.19,VXTLT
2020-01-02,12.04,VXTLT
2020-01-03,12.62,VXTLT
2020-01-06,12.5,VXTLT
2020-01-07,12.31,VXTLT
2020-01-08,12.05,VXTLT
2020-01-09,11.57,VXTLT
2020-01-10,11.08,VXTLT
2020-01-13,10.52,VXTLT
2020-01-14,10.24,VXTLT
2020-01-15,10.6,VXTLT
2020-01-16,10.51,VXTLT
2020-01-17,10.13,VXTLT
2020-01-21,11.3,VXTLT
2020-01-22,11.16,VXTLT
2020-01-23,11.66,VXTLT
2020-01-24,12.16,VXTLT
2020-01-27,13.63,VXTLT
2020-01-28,13.06,VXTLT
2020-01-29,13.57,VXTLT
2020-01-30,13.86,VXTLT
2020-01-31,14.85,VXTLT
2020-02-03,14.28,VXTLT
2020-02-04,12.77,VXTLT
2020-02-05,12.44,VXTLT
2020-02-06,12.07,VXTLT
2020-02-07,12.96,VXTLT
2020-02-10,13.66,VXTLT
2020-02-11,12.97,VXTLT
2020-02-12,12.32,VXTLT
2020-02-13,12.29,VXTLT
2020-02-14,12.14,VXTLT
2020-02-18,13.11,VXTLT
2020-02-19,13.08,VXTLT
2020-02-20,13.48,VXTLT
2020-02-21,14.86,VXTLT
2020-02-24,16.42,VXTLT
2020-02-25,16.47,VXTLT
2020-02-26,16.77,VXTLT
2020-02-27,18.58,VXTLT
2020-02-28,23.44,VXTLT
2020-03-02,18.47,VXTLT
2020-03-03,20.34,VXTLT
2020-03-04,17.32,VXTLT
2020-03-05,20.48,VXTLT
2020-03-06,41.22,VXTLT
2020-03-09,52.9,VXTLT
2020-03-10,42.08,VXTLT
2020-03-11,45.33,VXTLT
2020-03-12,50.29,VXTLT
2020-03-13,36.79,VXTLT
2020-03-16,43.12,VXTLT
2020-03-17,50.51,VXTLT
2020-03-18,52.77,VXTLT
2020-03-19,51.88,VXTLT
2020-03-20,46.2,VXTLT
2020-03-23,49.5,VXTLT
2020-03-24,35.64,VXTLT
2020-03-25,28.66,VXTLT
2020-03-26,26.79,VXTLT
2020-03-27,25.94,VXTLT
2020-03-30,29.79,VXTLT
2020-03-31,27.6,VXTLT
2020-04-01,28.15,VXTLT
2020-04-02,28.02,VXTLT
2020-04-03,23.79,VXTLT
2020-04-06,23.12,VXTLT
2020-04-07,24.97,VXTLT
2020-04-08,25.3,VXTLT
2020-04-09,24.69,VXTLT
2020-04-13,24.7,VXTLT
2020-04-14,23.08,VXTLT
2020-04-15,26.52,VXTLT
2020-04-16,25.92,VXTLT
2020-04-17,28.12,VXTLT
2020-04-20,27.33,VXTLT
2020-04-21,27.89,VXTLT
2020-04-22,26.71,VXTLT
2020-04-23,25.93,VXTLT
2020-04-24,24.69,VXTLT
2020-04-27,22.35,VXTLT
2020-04-28,20.55,VXTLT
2020-04-29,20.06,VXTLT
2020-04-30,19.96,VXTLT
2020-05-01,19.62,VXTLT
2020-05-04,20.4,VXTLT
2020-05-05,19.45,VXTLT
2020-05-06,21.35,VXTLT
2020-05-07,21.27,VXTLT
2020-05-08,20.79,VXTLT
2020-05-11,21.93,VXTLT
2020-05-12,20.7,VXTLT
2020-05-13,20.4,VXTLT
2020-05-14,19.82,VXTLT
2020-05-15,19.17,VXTLT
2020-05-18,20.48,VXTLT
2020-05-19,19.82,VXTLT
2020-05-20,19.85,VXTLT
2020-05-21,18.44,VXTLT
2020-05-22,17.87,VXTLT
2020-05-26,17.63,VXTLT
2020-05-27,17.29,VXTLT
2020-05-28,17.26,VXTLT
2020-05-29,17.72,VXTLT
2020-06-01,18.49,VXTLT
2020-06-02,18.06,VXTLT
2020-06-03,19.44,VXTLT
2020-06-04,18.92,VXTLT
2020-06-05,18.4,VXTLT
2020-06-08,18.32,VXTLT
2020-06-09,18.49,VXTLT
2020-06-10,18.13,VXTLT
2020-06-11,18.81,VXTLT
2020-06-12,18.17,VXTLT
2020-06-15,18.65,VXTLT
2020-06-16,18.96,VXTLT
2020-06-17,18.65,VXTLT
2020-06-18,18.09,VXTLT
2020-06-19,17.01,VXTLT
2020-06-22,17.66,VXTLT
2020-06-23,17.71,VXTLT
2020-06-24,18.22,VXTLT
2020-06-25,17.35,VXTLT
2020-06-26,17.86,VXTLT
2020-06-29,18.0,VXTLT
2020-06-30,16.79,VXTLT
2020-07-01,16.33,VXTLT
2020-07-02,15.75,VXTLT
2020-07-06,16.0,VXTLT
2020-07-07,16.01,VXTLT
2020-07-08,15.58,VXTLT
2020-07-09,17.43,VXTLT
2020-07-10,16.62,VXTLT
2020-07-13,16.58,VXTLT
2020-07-14,15.29,VXTLT
2020-07-15,14.84,VXTLT
2020-07-16,16.06,VXTLT
2020-07-17,15.12,VXTLT
2020-07-20,16.15,VXTLT
2020-07-21,16.05,VXTLT
2020-07-22,15.57,VXTLT
2020-07-23,16.93,VXTLT
2020-07-24,18.85,VXTLT
2020-07-27,18.31,VXTLT
2020-07-28,16.73,VXTLT
2020-07-29,16.59,VXTLT
2020-07-30,16.96,VXTLT
2020-07-31,17.43,VXTLT
2020-08-03,17.14,VXTLT
2020-08-04,16.92,VXTLT
2020-08-05,17.01,VXTLT
2020-08-06,17.39,VXTLT
2020-08-07,17.21,VXTLT
2020-08-10,15.75,VXTLT
2020-08-11,16.24,VXTLT
2020-08-12,15.39,VXTLT
2020-08-13,16.0,VXTLT
2020-08-14,16.3,VXTLT
2020-08-17,15.67,VXTLT
2020-08-18,15.73,VXTLT
2020-08-19,17.05,VXTLT
2020-08-20,16.21,VXTLT
2020-08-21,15.99,VXTLT
2020-08-24,16.5,VXTLT
2020-08-25,17.58,VXTLT
2020-08-26,18.19,VXTLT
2020-08-27,18.15,VXTLT
2020-08-28,17.99,VXTLT
2020-08-31,17.55,VXTLT
2020-09-01,16.06,VXTLT
2020-09-02,16.98,VXTLT
2020-09-03,18.0,VXTLT
2020-09-04,17.34,VXTLT
2020-09-08,17.74,VXTLT
2020-09-09,17.15,VXTLT
2020-09-10,16.65,VXTLT
2020-09-11,15.44,VXTLT
2020-09-14,14.86,VXTLT
2020-09-15,14.99,VXTLT
2020-09-16,15.54,VXTLT
2020-09-17,14.26,VXTLT
2020-09-18,14.64,VXTLT
2020-09-21,15.56,VXTLT
2020-09-22,14.96,VXTLT
2020-09-23,15.48,VXTLT
2020-09-24,16.43,VXTLT
2020-09-25,16.73,VXTLT
2020-09-28,16.79,VXTLT
2020-09-29,16.89,VXTLT
2020-09-30,17.42,VXTLT
2020-10-01,17.47,VXTLT
2020-10-02,17.83,VXTLT
2020-10-05,19.26,VXTLT
2020-10-06,18.11,VXTLT
2020-10-07,18.28,VXTLT
2020-10-08,17.02,VXTLT
2020-10-09,16.95,VXTLT
2020-10-12,16.66,VXTLT
2020-10-13,15.32,VXTLT
2020-10-14,15.5,VXTLT
2020-10-15,16.31,VXTLT
2020-10-19,16.95,VXTLT
2020-10-20,17.28,VXTLT
2020-10-21,17.34,VXTLT
2020-10-22,18.93,VXTLT
2020-10-23,18.53,VXTLT
2020-10-26,19.07,VXTLT
2020-10-27,17.61,VXTLT
2020-10-28,20.42,VXTLT
2020-10-29,20.87,VXTLT
2020-10-30,21.32,VXTLT
2020-11-02,22.08,VXTLT
2020-11-03,21.23,VXTLT
2020-11-04,16.06,VXTLT
2020-11-05,15.8,VXTLT
2020-11-06,14.92,VXTLT
2020-11-09,15.37,VXTLT
2020-11-10,14.72,VXTLT
2020-11-11,14.35,VXTLT
2020-11-12,14.79,VXTLT
2020-11-13,13.85,VXTLT
2020-11-16,13.39,VXTLT
2020-11-17,14.12,VXTLT
2020-11-18,14.27,VXTLT
2020-11-19,14.03,VXTLT
2020-11-20,15.58,VXTLT
2020-11-23,14.82,VXTLT
2020-11-24,14.39,VXTLT
2020-11-25,14.22,VXTLT
2020-11-27,15.1,VXTLT
2020-11-30,15.18,VXTLT
2020-12-01,15.05,VXTLT
2020-12-02,15.61,VXTLT
2020-12-03,15.42,VXTLT
2020-12-04,15.81,VXTLT
2020-12-07,15.27,VXTLT
2020-12-08,15.29,VXTLT
2020-12-09,15.41,VXTLT
2020-12-10,14.92,VXTLT
2020-12-11,15.27,VXTLT
2020-12-14,14.96,VXTLT
2020-12-15,14.32,VXTLT
2020-12-16,14.21,VXTLT
2020-12-17,13.85,VXTLT
2020-12-18,14.13,VXTLT
2020-12-21,14.93,VXTLT
2020-12-22,14.31,VXTLT
2020-12-23,14.32,VXTLT
2020-12-24,13.87,VXTLT
2020-12-28,15.6,VXTLT
2020-12-29,15.7,VXTLT
2020-12-30,15.71,VXTLT
2020-12-31,16.87,VXTLT
2021-01-04,17.44,VXTLT
2021-01-05,15.95,VXTLT
2021-01-06,15.25,VXTLT
2021-01-07,13.85,VXTLT
2021-01-08,14.38,VXTLT
2021-01-11,14.03,VXTLT
2021-01-12,13.52,VXTLT
2021-01-13,12.23,VXTLT
2021-01-14,13.05,VXTLT
2021-01-15,13.24,VXTLT
2021-01-19,13.7,VXTLT
2021-01-20,12.44,VXTLT
2021-01-21,12.93,VXTLT
2021-01-22,13.46,VXTLT
2021-01-25,14.24,VXTLT
2021-01-26,14.2,VXTLT
2021-01-27,15.14,VXTLT
2021-01-28,14.91,VXTLT
2021-01-29,15.55,VXTLT
2021-02-01,16.87,VXTLT
2021-02-02,16.58,VXTLT
2021-02-03,16.5,VXTLT
2021-02-04,16.8,VXTLT
2021-02-05,16.04,VXTLT
2021-02-08,16.04,VXTLT
2021-02-09,15.97,VXTLT
2021-02-10,15.6,VXTLT
2021-02-11,15.74,VXTLT
2021-02-12,17.04,VXTLT
2021-02-16,19.12,VXTLT
2021-02-17,18.4,VXTLT
2021-02-18,18.65,VXTLT
2021-02-19,19.18,VXTLT
2021-02-22,21.6,VXTLT
2021-02-23,20.16,VXTLT
2021-02-24,21.03,VXTLT
2021-02-25,26.56,VXTLT
2021-02-26,21.43,VXTLT
2021-03-01,21.77,VXTLT
2021-03-02,19.26,VXTLT
2021-03-03,19.88,VXTLT
2021-03-04,21.84,VXTLT
2021-03-05,19.43,VXTLT
2021-03-08,20.9,VXTLT
2021-03-09,18.12,VXTLT
2021-03-10,17.53,VXTLT
2021-03-11,17.93,VXTLT
2021-03-12,22.23,VXTLT
2021-03-15,19.84,VXTLT
2021-03-16,18.72,VXTLT
2021-03-17,19.96,VXTLT
2021-03-18,20.9,VXTLT
2021-03-19,20.95,VXTLT
2021-03-22,17.93,VXTLT
2021-03-23,17.06,VXTLT
2021-03-24,16.85,VXTLT
2021-03-25,17.18,VXTLT
2021-03-26,17.08,VXTLT
2021-03-29,18.19,VXTLT
2021-03-30,17.97,VXTLT
2021-03-31,18.33,VXTLT
2021-04-01,16.15,VXTLT
2021-04-05,16.08,VXTLT
2021-04-06,15.71,VXTLT
2021-04-07,16.1,VXTLT
2021-04-08,15.98,VXTLT
2021-04-09,15.24,VXTLT
2021-04-12,13.74,VXTLT
2021-04-13,13.97,VXTLT
2021-04-14,14.08,VXTLT
2021-04-15,15.74,VXTLT
2021-04-16,16.52,VXTLT
2021-04-19,16.56,VXTLT
2021-04-20,16.44,VXTLT
2021-04-21,16.53,VXTLT
2021-04-22,16.95,VXTLT
2021-04-23,15.96,VXTLT
2021-04-26,16.43,VXTLT
2021-04-27,16.14,VXTLT
2021-04-28,16.01,VXTLT
2021-04-29,15.38,VXTLT
2021-04-30,15.6,VXTLT
2021-05-03,15.61,VXTLT
2021-05-04,16.06,VXTLT
2021-05-05,15.7,VXTLT
2021-05-06,15.56,VXTLT
2021-05-07,14.79,VXTLT
2021-05-10,15.33,VXTLT
2021-05-11,15.62,VXTLT
2021-05-12,16.51,VXTLT
2021-05-13,15.53,VXTLT
2021-05-14,14.49,VXTLT
2021-05-17,14.73,VXTLT
2021-05-18,15.13,VXTLT
2021-05-19,15.72,VXTLT
2021-05-20,14.82,VXTLT
2021-05-21,15.01,VXTLT
2021-05-24,14.66,VXTLT
2021-05-25,15.21,VXTLT
2021-05-26,15.3,VXTLT
2021-05-27,14.65,VXTLT
2021-05-28,14.29,VXTLT
2021-06-01,15.11,VXTLT
2021-06-02,15.88,VXTLT
2021-06-03,14.88,VXTLT
2021-06-04,13.68,VXTLT
2021-06-07,14.52,VXTLT
2021-06-08,14.42,VXTLT
2021-06-09,15.04,VXTLT
2021-06-10,14.36,VXTLT
2021-06-11,14.24,VXTLT
2021-06-14,14.3,VXTLT
2021-06-15,14.75,VXTLT
2021-06-16,14.6,VXTLT
2021-06-17,15.04,VXTLT
2021-06-18,17.19,VXTLT
2021-06-21,17.01,VXTLT
2021-06-22,15.88,VXTLT
2021-06-23,15.01,VXTLT
2021-06-24,15.02,VXTLT
2021-06-25,15.0,VXTLT
2021-06-28,14.82,VXTLT
2021-06-29,15.06,VXTLT
2021-06-30,15.43,VXTLT
2021-07-01,15.46,VXTLT
2021-07-02,14.27,VXTLT
2021-07-06,15.58,VXTLT
2021-07-07,16.98,VXTLT
2021-07-08,19.86,VXTLT
2021-07-09,16.65,VXTLT
2021-07-12,16.11,VXTLT
2021-07-13,13.86,VXTLT
2021-07-14,15.19,VXTLT
2021-07-15,16.06,VXTLT
2021-07-16,16.47,VXTLT
2021-07-19,20.69,VXTLT
2021-07-20,19.3,VXTLT
2021-07-21,16.71,VXTLT
2021-07-22,16.89,VXTLT
2021-07-23,17.55,VXTLT
2021-07-26,18.95,VXTLT
2021-07-27,19.03,VXTLT
2021-07-28,17.37,VXTLT
2021-07-29,17.88,VXTLT
2021-07-30,18.04,VXTLT
2021-08-02,18.31,VXTLT
2021-08-03,18.12,VXTLT
2021-08-04,18.72,VXTLT
2021-08-05,16.77,VXTLT
2021-08-06,16.72,VXTLT
2021-08-09,16.6,VXTLT
2021-08-10,16.77,VXTLT
2021-08-11,15.37,VXTLT
2021-08-12,15.37,VXTLT
2021-08-13,15.34,VXTLT
2021-08-16,16.04,VXTLT
2021-08-17,15.78,VXTLT
2021-08-18,15.79,VXTLT
2021-08-19,15.27,VXTLT
2021-08-20,15.06,VXTLT
2021-08-23,14.78,VXTLT
2021-08-24,14.91,VXTLT
2021-08-25,15.9,VXTLT
2021-08-26,15.9,VXTLT
2021-08-27,14.85,VXTLT
2021-08-30,14.78,VXTLT
2021-08-31,15.08,VXTLT
2021-09-01,14.73,VXTLT
2021-09-02,14.27,VXTLT
2021-09-03,14.16,VXTLT
2021-09-07,15.6,VXTLT
2021-09-08,14.45,VXTLT
2021-09-09,13.47,VXTLT
2021-09-10,14.05,VXTLT
2021-09-13,14.12,VXTLT
2021-09-14,14.64,VXTLT
2021-09-15,15.05,VXTLT
2021-09-16,14.53,VXTLT
2021-09-17,14.73,VXTLT
2021-09-20,16.07,VXTLT
2021-09-21,14.6,VXTLT
2021-09-22,16.08,VXTLT
2021-09-23,15.15,VXTLT
2021-09-24,15.24,VXTLT
2021-09-27,15.07,VXTLT
2021-09-28,16.46,VXTLT
2021-09-29,16.2,VXTLT
2021-09-30,15.96,VXTLT
2021-10-01,15.63,VXTLT
2021-10-04,15.24,VXTLT
2021-10-05,16.17,VXTLT
2021-10-06,15.53,VXTLT
2021-10-07,15.43,VXTLT
2021-10-08,15.4,VXTLT
2021-10-11,15.07,VXTLT
2021-10-12,14.69,VXTLT
2021-10-13,14.86,VXTLT
2021-10-14,16.01,VXTLT
2021-10-15,16.06,VXTLT
2021-10-18,16.5,VXTLT
2021-10-19,16.74,VXTLT
2021-10-20,16.78,VXTLT
2021-10-21,17.23,VXTLT
2021-10-22,16.86,VXTLT
2021-10-25,16.33,VXTLT
2021-10-26,16.32,VXTLT
2021-10-27,16.62,VXTLT
2021-10-28,16.11,VXTLT
2021-10-29,16.9,VXTLT
2021-11-01,17.65,VXTLT
2021-11-02,16.14,VXTLT
2021-11-03,15.92,VXTLT
2021-11-04,15.24,VXTLT
2021-11-05,16.71,VXTLT
2021-11-08,17.21,VXTLT
2021-11-09,17.81,VXTLT
2021-11-10,18.03,VXTLT
2021-11-11,17.6,VXTLT
2021-11-12,17.92,VXTLT
2021-11-15,18.42,VXTLT
2021-11-16,19.3,VXTLT
2021-11-17,18.03,VXTLT
2021-11-18,17.5,VXTLT
2021-11-19,16.0,VXTLT
2021-11-22,17.02,VXTLT
2021-11-23,17.39,VXTLT
2021-11-24,17.22,VXTLT
2021-11-26,18.85,VXTLT
2021-11-29,18.2,VXTLT
2021-11-30,18.61,VXTLT
2021-12-01,18.82,VXTLT
2021-12-02,19.52,VXTLT
2021-12-03,20.17,VXTLT
2021-12-06,19.86,VXTLT
2021-12-07,18.49,VXTLT
2021-12-08,17.75,VXTLT
2021-12-09,17.82,VXTLT
2021-12-10,17.96,VXTLT
2021-12-13,18.4,VXTLT
2021-12-14,18.78,VXTLT
2021-12-15,18.03,VXTLT
2021-12-16,18.66,VXTLT
2021-12-17,18.68,VXTLT
2021-12-20,18.33,VXTLT
2021-12-21,17.89,VXTLT
2021-12-22,17.06,VXTLT
2021-12-23,18.07,VXTLT
2021-12-27,16.99,VXTLT
2021-12-28,16.57,VXTLT
2021-12-29,16.79,VXTLT
2021-12-30,16.51,VXTLT
2021-12-31,16.69,VXTLT
2022-01-03,17.56,VXTLT
2022-01-04,17.83,VXTLT
2022-01-05,17.43,VXTLT
2022-01-06,16.95,VXTLT
2022-01-07,16.69,VXTLT
2022-01-10,17.26,VXTLT
2022-01-11,17.14,VXTLT
2022-01-12,16.79,VXTLT
2022-01-13,16.82,VXTLT
2022-01-14,17.47,VXTLT
2022-01-18,18.65,VXTLT
2022-01-19,18.46,VXTLT
2022-01-20,18.36,VXTLT
2022-01-21,18.23,VXTLT
2022-01-24,17.97,VXTLT
2022-01-25,17.56,VXTLT
2022-01-26,18.15,VXTLT
2022-01-27,17.46,VXTLT
2022-01-28,17.27,VXTLT
2022-01-31,17.46,VXTLT
2022-02-01,17.13,VXTLT
2022-02-02,16.79,VXTLT
2022-02-03,16.75,VXTLT
2022-02-04,17.18,VXTLT
2022-02-07,17.96,VXTLT
2022-02-08,17.71,VXTLT
2022-02-09,17.57,VXTLT
2022-02-10,18.65,VXTLT
2022-02-11,19.7,VXTLT
2022-02-14,20.46,VXTLT
2022-02-15,19.58,VXTLT
2022-02-16,18.98,VXTLT
2022-02-17,19.94,VXTLT
2022-02-18,20.4,VXTLT
2022-02-22,19.53,VXTLT
2022-02-23,19.36,VXTLT
2022-02-24,26.25,VXTLT
2022-02-25,22.15,VXTLT
2022-02-28,20.9,VXTLT
2022-03-01,23.71,VXTLT
2022-03-02,21.92,VXTLT
2022-03-03,21.72,VXTLT
2022-03-04,23.87,VXTLT
2022-03-07,24.77,VXTLT
2022-03-08,23.52,VXTLT
2022-03-09,22.2,VXTLT
2022-03-10,21.29,VXTLT
2022-03-11,20.2,VXTLT
2022-03-14,21.49,VXTLT
2022-03-15,21.49,VXTLT
2022-03-16,19.94,VXTLT
2022-03-17,18.88,VXTLT
2022-03-18,20.07,VXTLT
2022-03-21,21.27,VXTLT
2022-03-22,21.65,VXTLT
2022-03-23,21.67,VXTLT
2022-03-24,22.76,VXTLT
2022-03-25,24.02,VXTLT
2022-03-28,22.82,VXTLT
2022-03-29,21.72,VXTLT
2022-03-30,20.76,VXTLT
2022-03-31,20.98,VXTLT
2022-04-01,20.9,VXTLT
2022-04-04,20.69,VXTLT
2022-04-05,22.11,VXTLT
2022-04-06,23.06,VXTLT
2022-04-07,26.91,VXTLT
2022-04-08,25.84,VXTLT
2022-04-11,27.54,VXTLT
2022-04-12,29.42,VXTLT
2022-04-13,22.15,VXTLT
2022-04-14,25.06,VXTLT
2022-04-18,24.72,VXTLT
2022-04-19,25.16,VXTLT
2022-04-20,25.08,VXTLT
2022-04-21,25.66,VXTLT
2022-04-22,26.57,VXTLT
2022-04-25,25.83,VXTLT
2022-04-26,26.06,VXTLT
2022-04-27,28.72,VXTLT
2022-04-28,25.93,VXTLT
2022-04-29,26.3,VXTLT
2022-05-02,27.2,VXTLT
2022-05-03,25.64,VXTLT
2022-05-04,24.47,VXTLT
2022-05-05,23.92,VXTLT
2022-05-06,25.75,VXTLT
2022-05-09,27.33,VXTLT
2022-05-10,27.51,VXTLT
2022-05-11,25.0,VXTLT
2022-05-12,24.23,VXTLT
2022-05-13,24.56,VXTLT
2022-05-16,24.54,VXTLT
2022-05-17,25.55,VXTLT
2022-05-18,25.25,VXTLT
2022-05-19,23.84,VXTLT
2022-05-20,23.09,VXTLT
2022-05-23,23.08,VXTLT
2022-05-24,22.65,VXTLT
2022-05-25,22.77,VXTLT
2022-05-26,21.92,VXTLT
2022-05-27,21.78,VXTLT
2022-05-31,25.08,VXTLT
2022-06-01,22.99,VXTLT
2022-06-02,21.07,VXTLT
2022-06-03,21.74,VXTLT
2022-06-06,21.36,VXTLT
2022-06-07,21.62,VXTLT
2022-06-08,21.92,VXTLT
2022-06-09,22.01,VXTLT
2022-06-10,22.96,VXTLT
2022-06-13,38.6,VXTLT
2022-06-14,30.85,VXTLT
2022-06-15,26.69,VXTLT
2022-06-16,30.5,VXTLT
2022-06-17,30.21,VXTLT
2022-06-21,27.32,VXTLT
2022-06-22,24.54,VXTLT
2022-06-23,24.07,VXTLT
2022-06-24,24.38,VXTLT
2022-06-27,24.25,VXTLT
2022-06-28,23.59,VXTLT
2022-06-29,23.04,VXTLT
2022-06-30,23.65,VXTLT
2022-07-01,25.26,VXTLT
2022-07-05,26.03,VXTLT
2022-07-06,25.19,VXTLT
2022-07-07,24.57,VXTLT
2022-07-08,23.35,VXTLT
2022-07-11,21.88,VXTLT
2022-07-12,22.38,VXTLT
2022-07-13,24.22,VXTLT
2022-07-14,23.25,VXTLT
2022-07-15,21.69,VXTLT
2022-07-18,21.7,VXTLT
2022-07-19,20.62,VXTLT
2022-07-20,20.84,VXTLT
2022-07-21,23.85,VXTLT
2022-07-22,20.83,VXTLT
2022-07-25,21.39,VXTLT
2022-07-26,21.06,VXTLT
2022-07-27,20.85,VXTLT
2022-07-28,20.66,VXTLT
2022-07-29,20.2,VXTLT
2022-08-01,20.81,VXTLT
2022-08-02,20.25,VXTLT
2022-08-03,21.1,VXTLT
2022-08-04,19.85,VXTLT
2022-08-05,19.8,VXTLT
2022-08-08,20.13,VXTLT
2022-08-09,19.92,VXTLT
2022-08-10,18.76,VXTLT
2022-08-11,19.6,VXTLT
2022-08-12,17.63,VXTLT
2022-08-15,17.77,VXTLT
2022-08-16,18.94,VXTLT
2022-08-17,20.3,VXTLT
2022-08-18,19.92,VXTLT
2022-08-19,20.32,VXTLT
2022-08-22,21.2,VXTLT
2022-08-23,21.43,VXTLT
2022-08-24,21.49,VXTLT
2022-08-25,20.64,VXTLT
2022-08-26,20.23,VXTLT
2022-08-29,20.8,VXTLT
2022-08-30,21.12,VXTLT
2022-08-31,21.58,VXTLT
2022-09-01,22.69,VXTLT
2022-09-02,22.22,VXTLT
2022-09-06,25.69,VXTLT
2022-09-07,24.22,VXTLT
2022-09-08,22.61,VXTLT
2022-09-09,22.82,VXTLT
2022-09-12,23.35,VXTLT
2022-09-13,20.41,VXTLT
2022-09-14,20.75,VXTLT
2022-09-15,20.83,VXTLT
2022-09-16,21.27,VXTLT
2022-09-19,21.9,VXTLT
2022-09-20,21.84,VXTLT
2022-09-21,26.92,VXTLT
2022-09-22,23.2,VXTLT
2022-09-23,25.04,VXTLT
2022-09-26,28.33,VXTLT
2022-09-27,30.61,VXTLT
2022-09-28,30.8,VXTLT
2022-09-29,29.87,VXTLT
2022-09-30,29.75,VXTLT
2022-10-03,26.97,VXTLT
2022-10-04,26.89,VXTLT
2022-10-05,28.89,VXTLT
2022-10-06,28.49,VXTLT
2022-10-07,28.46,VXTLT
2022-10-10,27.73,VXTLT
2022-10-11,27.8,VXTLT
2022-10-12,28.78,VXTLT
2022-10-13,29.43,VXTLT
2022-10-14,29.29,VXTLT
2022-10-17,27.59,VXTLT
2022-10-18,25.5,VXTLT
2022-10-19,27.32,VXTLT
2022-10-20,28.98,VXTLT
2022-10-21,32.85,VXTLT
2022-10-24,30.84,VXTLT
2022-10-25,29.28,VXTLT
2022-10-26,27.5,VXTLT
2022-10-27,26.75,VXTLT
2022-10-28,26.39,VXTLT
2022-10-31,25.82,VXTLT
2022-11-01,26.08,VXTLT
2022-11-02,25.37,VXTLT
2022-11-03,24.62,VXTLT
2022-11-04,23.55,VXTLT
2022-11-07,24.01,VXTLT
2022-11-08,23.39,VXTLT
2022-11-09,23.97,VXTLT
2022-11-10,21.93,VXTLT
2022-11-11,20.97,VXTLT
2022-11-14,21.98,VXTLT
2022-11-15,24.21,VXTLT
2022-11-16,23.14,VXTLT
2022-11-17,23.09,VXTLT
2022-11-18,22.83,VXTLT
2022-11-21,22.43,VXTLT
2022-11-22,22.88,VXTLT
2022-11-23,23.16,VXTLT
2022-11-25,22.84,VXTLT
2022-11-28,22.8,VXTLT
2022-11-29,23.09,VXTLT
2022-11-30,21.95,VXTLT
2022-12-01,22.18,VXTLT
2022-12-02,21.67,VXTLT
2022-12-05,22.36,VXTLT
2022-12-06,22.9,VXTLT
2022-12-07,24.32,VXTLT
2022-12-08,23.56,VXTLT
2022-12-09,23.12,VXTLT
2022-12-12,23.36,VXTLT
2022-12-13,22.7,VXTLT
2022-12-14,20.89,VXTLT
2022-12-15,21.04,VXTLT
2022-12-16,21.06,VXTLT
2022-12-19,21.54,VXTLT
2022-12-20,23.59,VXTLT
2022-12-21,23.85,VXTLT
2022-12-22,23.49,VXTLT
2022-12-23,23.02,VXTLT
2022-12-27,25.38,VXTLT
2022-12-28,25.3,VXTLT
2022-12-29,23.63,VXTLT
2022-12-30,22.81,VXTLT
2023-01-03,23.37,VXTLT
2023-01-04,23.13,VXTLT
2023-01-05,22.82,VXTLT
2023-01-06,21.74,VXTLT
2023-01-09,22.06,VXTLT
2023-01-10,22.08,VXTLT
2023-01-11,22.09,VXTLT
2023-01-12,21.32,VXTLT
2023-01-13,20.41,VXTLT
2023-01-17,21.57,VXTLT
2023-01-18,20.7,VXTLT
2023-01-19,20.85,VXTLT
2023-01-20,20.88,VXTLT
2023-01-23,20.34,VXTLT
2023-01-24,20.23,VXTLT
2023-01-25,20.19,VXTLT
2023-01-26,19.87,VXTLT
2023-01-27,18.51,VXTLT
2023-01-30,19.52,VXTLT
2023-01-31,18.78,VXTLT
2023-02-01,18.8,VXTLT
2023-02-02,18.15,VXTLT
2023-02-03,17.63,VXTLT
2023-02-06,18.39,VXTLT
2023-02-07,18.53,VXTLT
2023-02-08,18.18,VXTLT
2023-02-09,18.37,VXTLT
2023-02-10,18.51,VXTLT
2023-02-13,18.96,VXTLT
2023-02-14,18.23,VXTLT
2023-02-15,17.91,VXTLT
2023-02-16,18.54,VXTLT
2023-02-17,18.46,VXTLT
2023-02-21,20.5,VXTLT
2023-02-22,19.66,VXTLT
2023-02-23,19.04,VXTLT
2023-02-24,19.5,VXTLT
2023-02-27,19.62,VXTLT
2023-02-28,19.82,VXTLT
2023-03-01,20.38,VXTLT
2023-03-02,20.83,VXTLT
2023-03-03,20.13,VXTLT
2023-03-06,21.06,VXTLT
2023-03-07,21.18,VXTLT
2023-03-08,21.32,VXTLT
2023-03-09,21.6,VXTLT
2023-03-10,22.43,VXTLT
2023-03-13,26.76,VXTLT
2023-03-14,23.37,VXTLT
2023-03-15,26.15,VXTLT
2023-03-16,23.02,VXTLT
2023-03-17,26.53,VXTLT
2023-03-20,24.81,VXTLT
2023-03-21,22.97,VXTLT
2023-03-22,23.54,VXTLT
2023-03-23,22.86,VXTLT
2023-03-24,24.3,VXTLT
2023-03-27,21.31,VXTLT
2023-03-28,21.09,VXTLT
2023-03-29,20.74,VXTLT
2023-03-30,20.72,VXTLT
2023-03-31,20.52,VXTLT
2023-04-03,20.61,VXTLT
2023-04-04,20.4,VXTLT
2023-04-05,20.01,VXTLT
2023-04-06,20.34,VXTLT
2023-04-10,19.75,VXTLT
2023-04-11,19.35,VXTLT
2023-04-12,18.59,VXTLT
2023-04-13,17.77,VXTLT
2023-04-14,17.04,VXTLT
2023-04-17,17.27,VXTLT
2023-04-18,17.74,VXTLT
2023-04-19,18.09,VXTLT
2023-04-20,17.4,VXTLT
2023-04-21,16.91,VXTLT
2023-04-24,17.23,VXTLT
2023-04-25,18.2,VXTLT
2023-04-26,18.03,VXTLT
2023-04-27,18.07,VXTLT
2023-04-28,17.7,VXTLT
2023-05-01,18.91,VXTLT
2023-05-02,20.03,VXTLT
2023-05-03,20.76,VXTLT
2023-05-04,20.7,VXTLT
2023-05-05,18.74,VXTLT
2023-05-08,19.36,VXTLT
2023-05-09,19.25,VXTLT
2023-05-10,18.59,VXTLT
2023-05-11,18.65,VXTLT
2023-05-12,18.24,VXTLT
2023-05-15,18.33,VXTLT
2023-05-16,19.61,VXTLT
2023-05-17,18.72,VXTLT
2023-05-18,18.87,VXTLT
2023-05-19,19.63,VXTLT
2023-05-22,19.71,VXTLT
2023-05-23,19.47,VXTLT
2023-05-24,20.33,VXTLT
2023-05-25,22.79,VXTLT
2023-05-26,20.61,VXTLT
2023-05-30,19.56,VXTLT
2023-05-31,18.88,VXTLT
2023-06-01,17.34,VXTLT
2023-06-02,16.22,VXTLT
2023-06-05,16.1,VXTLT
2023-06-06,15.43,VXTLT
2023-06-07,16.61,VXTLT
2023-06-08,17.07,VXTLT
2023-06-09,16.84,VXTLT
2023-06-12,17.05,VXTLT
2023-06-13,18.33,VXTLT
2023-06-14,17.35,VXTLT
2023-06-15,15.66,VXTLT
2023-06-16,14.04,VXTLT
2023-06-20,15.42,VXTLT
2023-06-21,14.81,VXTLT
2023-06-22,14.93,VXTLT
2023-06-23,15.11,VXTLT
2023-06-26,15.61,VXTLT
2023-06-27,14.83,VXTLT
2023-06-28,14.57,VXTLT
2023-06-29,14.69,VXTLT
2023-06-30,14.22,VXTLT
2023-07-03,14.93,VXTLT
2023-07-05,16.01,VXTLT
2023-07-06,17.01,VXTLT
2023-07-07,16.96,VXTLT
2023-07-10,17.04,VXTLT
2023-07-11,16.55,VXTLT
2023-07-12,15.47,VXTLT
2023-07-13,15.12,VXTLT
2023-07-14,14.67,VXTLT
2023-07-17,14.45,VXTLT
2023-07-18,14.6,VXTLT
2023-07-19,14.51,VXTLT
2023-07-20,14.11,VXTLT
2023-07-21,13.75,VXTLT
2023-07-24,14.12,VXTLT
2023-07-25,14.72,VXTLT
2023-07-26,14.17,VXTLT
2023-07-27,15.91,VXTLT
2023-07-28,14.4,VXTLT
2023-07-31,14.78,VXTLT
2023-08-01,15.79,VXTLT
2023-08-02,17.97,VXTLT
2023-08-03,21.16,VXTLT
2023-08-04,18.84,VXTLT
2023-08-07,19.03,VXTLT
2023-08-08,18.22,VXTLT
2023-08-09,18.42,VXTLT
2023-08-10,18.53,VXTLT
2023-08-11,18.38,VXTLT
2023-08-14,17.91,VXTLT
2023-08-15,18.21,VXTLT
2023-08-16,19.02,VXTLT
2023-08-17,18.72,VXTLT
2023-08-18,18.61,VXTLT
2023-08-21,19.85,VXTLT
2023-08-22,19.54,VXTLT
2023-08-23,18.27,VXTLT
2023-08-24,18.58,VXTLT
2023-08-25,17.3,VXTLT
2023-08-28,17.5,VXTLT
2023-08-29,16.92,VXTLT
2023-08-30,16.8,VXTLT
2023-08-31,16.23,VXTLT
2023-09-01,16.27,VXTLT
2023-09-05,17.09,VXTLT
2023-09-06,16.82,VXTLT
2023-09-07,16.64,VXTLT
2023-09-08,16.08,VXTLT
2023-09-11,15.81,VXTLT
2023-09-12,15.09,VXTLT
2023-09-13,14.87,VXTLT
2023-09-14,13.84,VXTLT
2023-09-15,13.77,VXTLT
2023-09-18,14.28,VXTLT
2023-09-19,15.28,VXTLT
2023-09-20,14.86,VXTLT
2023-09-21,18.17,VXTLT
2023-09-22,16.57,VXTLT
2023-09-25,20.32,VXTLT
2023-09-26,20.58,VXTLT
2023-09-27,21.5,VXTLT
2023-09-28,20.12,VXTLT
2023-09-29,20.23,VXTLT
2023-10-02,21.84,VXTLT
2023-10-03,25.63,VXTLT
2023-10-04,22.69,VXTLT
2023-10-05,23.01,VXTLT
2023-10-06,23.66,VXTLT
2023-10-09,23.72,VXTLT
2023-10-10,23.04,VXTLT
2023-10-11,22.02,VXTLT
2023-10-12,22.51,VXTLT
2023-10-13,23.87,VXTLT
2023-10-16,23.83,VXTLT
2023-10-17,23.56,VXTLT
2023-10-18,25.41,VXTLT
2023-10-19,26.75,VXTLT
2023-10-20,25.46,VXTLT
2023-10-23,25.33,VXTLT
2023-10-24,23.54,VXTLT
2023-10-25,26.29,VXTLT
2023-10-26,25.56,VXTLT
2023-10-27,25.08,VXTLT
2023-10-30,24.77,VXTLT
2023-10-31,23.43,VXTLT
2023-11-01,22.37,VXTLT
2023-11-02,22.34,VXTLT
2023-11-03,21.66,VXTLT
2023-11-06,20.9,VXTLT
2023-11-07,20.67,VXTLT
2023-11-08,20.12,VXTLT
2023-11-09,20.92,VXTLT
2023-11-10,20.14,VXTLT
2023-11-13,21.13,VXTLT
2023-11-14,20.49,VXTLT
2023-11-15,19.91,VXTLT
2023-11-16,19.37,VXTLT
2023-11-17,18.63,VXTLT
2023-11-20,18.62,VXTLT
2023-11-21,18.1,VXTLT
2023-11-22,17.6,VXTLT
2023-11-24,17.6,VXTLT
2023-11-27,17.58,VXTLT
2023-11-28,17.61,VXTLT
2023-11-29,17.88,VXTLT
2023-11-30,17.97,VXTLT
2023-12-01,18.2,VXTLT
2023-12-04,18.14,VXTLT
2023-12-05,18.6,VXTLT
2023-12-06,19.54,VXTLT
2023-12-07,19.66,VXTLT
2023-12-08,18.36,VXTLT
2023-12-11,17.8,VXTLT
2023-12-12,16.74,VXTLT
2023-12-13,16.19,VXTLT
2023-12-14,18.89,VXTLT
2023-12-15,17.43,VXTLT
2023-12-18,17.6,VXTLT
2023-12-19,17.08,VXTLT
2023-12-20,17.77,VXTLT
2023-12-21,16.93,VXTLT
2023-12-22,16.93,VXTLT
2023-12-26,17.08,VXTLT
2023-12-27,17.5,VXTLT
2023-12-28,17.03,VXTLT
2023-12-29,17.55,VXTLT
2024-01-02,18.17,VXTLT
2024-01-03,17.76,VXTLT
2024-01-04,17.51,VXTLT
2024-01-05,17.03,VXTLT
2024-01-08,16.9,VXTLT
2024-01-09,16.71,VXTLT
2024-01-10,16.82,VXTLT
2024-01-11,15.47,VXTLT
2024-01-12,15.22,VXTLT
2024-01-16,16.39,VXTLT
2024-01-17,16.18,VXTLT
2024-01-18,16.65,VXTLT
2024-01-19,16.83,VXTLT
2024-01-22,16.36,VXTLT
2024-01-23,16.62,VXTLT
2024-01-24,16.82,VXTLT
2024-01-25,16.5,VXTLT
2024-01-26,15.74,VXTLT
2024-01-29,16.51,VXTLT
2024-01-30,16.28,VXTLT
2024-01-31,16.28,VXTLT
2024-02-01,17.95,VXTLT
2024-02-02,17.23,VXTLT
2024-02-05,17.34,VXTLT
2024-02-06,16.97,VXTLT
2024-02-07,16.44,VXTLT
2024-02-08,16.05,VXTLT
2024-02-09,15.63,VXTLT
2024-02-12,15.82,VXTLT
2024-02-13,16.41,VXTLT
2024-02-14,16.0,VXTLT
2024-02-15,16.16,VXTLT
2024-02-16,15.35,VXTLT
2024-02-20,15.59,VXTLT
2024-02-21,15.9,VXTLT
2024-02-22,15.46,VXTLT
2024-02-23,15.01,VXTLT
2024-02-26,15.24,VXTLT
2024-02-27,15.67,VXTLT
2024-02-28,15.56,VXTLT
2024-02-29,15.18,VXTLT
2024-03-01,15.04,VXTLT
2024-03-04,15.37,VXTLT
2024-03-05,15.54,VXTLT
2024-03-06,15.2,VXTLT
2024-03-07,15.57,VXTLT
2024-03-08,14.74,VXTLT
2024-03-11,15.07,VXTLT
2024-03-12,13.64,VXTLT
2024-03-13,13.59,VXTLT
2024-03-14,14.43,VXTLT
2024-03-15,14.07,VXTLT
2024-03-18,14.7,VXTLT
2024-03-19,14.28,VXTLT
2024-03-20,13.8,VXTLT
2024-03-21,13.46,VXTLT
2024-03-22,13.78,VXTLT
2024-03-25,13.84,VXTLT
2024-03-26,13.6,VXTLT
2024-03-27,13.31,VXTLT
2024-03-28,13.62,VXTLT
2024-04-01,14.23,VXTLT
2024-04-02,14.89,VXTLT
2024-04-03,14.78,VXTLT
2024-04-04,15.39,VXTLT
2024-04-05,15.15,VXTLT
2024-04-08,15.4,VXTLT
2024-04-09,14.87,VXTLT
2024-04-10,16.39,VXTLT
2024-04-11,16.73,VXTLT
2024-04-12,16.57,VXTLT
2024-04-15,17.94,VXTLT
2024-04-16,17.35,VXTLT
2024-04-17,16.07,VXTLT
2024-04-18,15.89,VXTLT
2024-04-19,16.38,VXTLT
2024-04-22,15.59,VXTLT
2024-04-23,15.8,VXTLT
2024-04-24,16.2,VXTLT
2024-04-25,16.92,VXTLT
2024-04-26,16.29,VXTLT
2024-04-29,15.99,VXTLT
2024-04-30,16.38,VXTLT
2024-05-01,16.04,VXTLT
2024-05-02,15.63,VXTLT
2024-05-03,14.4,VXTLT
2024-05-06,14.45,VXTLT
2024-05-07,14.08,VXTLT
2024-05-08,14.03,VXTLT
2024-05-09,13.65,VXTLT
2024-05-10,13.74,VXTLT
2024-05-13,14.13,VXTLT
2024-05-14,14.19,VXTLT
2024-05-15,12.72,VXTLT
2024-05-16,12.57,VXTLT
2024-05-17,12.36,VXTLT
2024-05-20,12.54,VXTLT
2024-05-21,12.08,VXTLT
2024-05-22,12.22,VXTLT
2024-05-23,12.6,VXTLT
2024-05-24,11.9,VXTLT
2024-05-28,13.67,VXTLT
2024-05-29,14.39,VXTLT
2024-05-30,13.9,VXTLT
2024-05-31,13.96,VXTLT
2024-06-03,14.99,VXTLT
2024-06-04,15.88,VXTLT
2024-06-05,15.85,VXTLT
2024-06-06,16.1,VXTLT
2024-06-07,14.75,VXTLT
2024-06-10,15.27,VXTLT
2024-06-11,15.57,VXTLT
2024-06-12,14.77,VXTLT
2024-06-13,15.57,VXTLT
2024-06-14,16.64,VXTLT
2024-06-17,15.61,VXTLT
2024-06-18,15.18,VXTLT
2024-06-20,15.26,VXTLT
2024-06-21,14.58,VXTLT
2024-06-24,14.86,VXTLT
2024-06-25,14.97,VXTLT
2024-06-26,15.31,VXTLT
2024-06-27,15.16,VXTLT
2024-06-28,15.82,VXTLT
2024-07-01,16.88,VXTLT
2024-07-02,15.9,VXTLT
2024-07-03,15.44,VXTLT
2024-07-05,14.7,VXTLT
2024-07-08,14.72,VXTLT
2024-07-09,14.63,VXTLT
2024-07-10,14.34,VXTLT
2024-07-11,13.71,VXTLT
2024-07-12,13.03,VXTLT
2024-07-15,13.72,VXTLT
2024-07-16,14.17,VXTLT
2024-07-17,14.14,VXTLT
2024-07-18,14.49,VXTLT
2024-07-19,14.59,VXTLT
2024-07-22,14.53,VXTLT
2024-07-23,14.41,VXTLT
2024-07-24,15.81,VXTLT
2024-07-25,15.61,VXTLT
2024-07-26,15.1,VXTLT
2024-07-29,15.13,VXTLT
2024-07-30,15.52,VXTLT
2024-07-31,15.58,VXTLT
2024-08-01,16.14,VXTLT
2024-08-02,18.65,VXTLT
2024-08-05,21.11,VXTLT
2024-08-06,18.62,VXTLT
2024-08-07,18.24,VXTLT
2024-08-08,17.3,VXTLT
2024-08-09,16.65,VXTLT
2024-08-12,17.35,VXTLT
2024-08-13,17.05,VXTLT
2024-08-14,16.09,VXTLT
2024-08-15,16.05,VXTLT
2024-08-16,14.95,VXTLT
2024-08-19,15.67,VXTLT
2024-08-20,16.24,VXTLT
2024-08-21,16.68,VXTLT
2024-08-22,16.51,VXTLT
2024-08-23,15.88,VXTLT
2024-08-26,16.3,VXTLT
2024-08-27,16.24,VXTLT
2024-08-28,16.13,VXTLT
2024-08-29,15.95,VXTLT
2024-08-30,15.46,VXTLT
2024-09-03,16.68,VXTLT
2024-09-04,16.71,VXTLT
2024-09-05,17.06,VXTLT
2024-09-06,16.32,VXTLT
2024-09-09,15.79,VXTLT
2024-09-10,16.06,VXTLT
2024-09-11,14.96,VXTLT
2024-09-12,14.77,VXTLT
2024-09-13,14.48,VXTLT
2024-09-16,14.16,VXTLT
2024-09-17,14.79,VXTLT
2024-09-18,14.76,VXTLT
2024-09-19,14.42,VXTLT
2024-09-20,13.9,VXTLT
2024-09-23,14.26,VXTLT
2024-09-24,14.89,VXTLT
2024-09-25,14.65,VXTLT
2024-09-26,14.91,VXTLT
2024-09-27,14.77,VXTLT
2024-09-30,15.61,VXTLT
2024-10-01,15.74,VXTLT
2024-10-02,16.32,VXTLT
2024-10-03,17.11,VXTLT
2024-10-04,16.96,VXTLT
2024-10-07,18.12,VXTLT
2024-10-08,18.2,VXTLT
2024-10-09,18.68,VXTLT
2024-10-10,19.46,VXTLT
2024-10-11,19.24,VXTLT
2024-10-14,19.52,VXTLT
2024-10-15,19.48,VXTLT
2024-10-16,18.3,VXTLT
2024-10-17,19.68,VXTLT
2024-10-18,19.82,VXTLT
2024-10-21,21.36,VXTLT
2024-10-22,21.37,VXTLT
2024-10-23,21.75,VXTLT
2024-10-24,20.76,VXTLT
2024-10-25,20.56,VXTLT
2024-10-28,21.22,VXTLT
2024-10-29,21.27,VXTLT
2024-10-30,21.74,VXTLT
2024-10-31,22.32,VXTLT
2024-11-01,22.16,VXTLT
2024-11-04,21.89,VXTLT
2024-11-05,21.08,VXTLT
2024-11-06,18.47,VXTLT
2024-11-07,16.5,VXTLT
2024-11-08,15.86,VXTLT
2024-11-11,15.97,VXTLT
2024-11-12,16.57,VXTLT
2024-11-13,16.41,VXTLT
2024-11-14,16.48,VXTLT
2024-11-15,17.27,VXTLT
2024-11-18,16.82,VXTLT
2024-11-19,16.85,VXTLT
2024-11-20,16.62,VXTLT
2024-11-21,16.29,VXTLT
2024-11-22,15.35,VXTLT
2024-11-25,15.39,VXTLT
2024-11-26,15.39,VXTLT
2024-11-27,15.28,VXTLT
2024-11-29,15.14,VXTLT
2024-12-02,15.36,VXTLT
2024-12-03,15.06,VXTLT
2024-12-04,14.42,VXTLT
2024-12-05,14.66,VXTLT
2024-12-06,14.13,VXTLT
2024-12-09,14.12,VXTLT
2024-12-10,14.32,VXTLT
2024-12-11,14.15,VXTLT
2024-12-12,15.02,VXTLT
2024-12-13,14.85,VXTLT
2024-12-16,14.65,VXTLT
2024-12-17,14.61,VXTLT
2024-12-18,14.37,VXTLT
2024-12-19,16.78,VXTLT
2024-12-20,15.97,VXTLT
2024-12-23,16.32,VXTLT
2024-12-24,16.42,VXTLT
2024-12-26,16.87,VXTLT
2024-12-27,17.1,VXTLT
2024-12-30,16.32,VXTLT
2024-12-31,16.54,VXTLT
2025-01-02,16.51,VXTLT
2025-01-03,16.07,VXTLT
2025-01-06,16.36,VXTLT
2025-01-07,16.53,VXTLT
2025-01-08,17.51,VXTLT
2025-01-10,16.61,VXTLT
2025-01-13,16.88,VXTLT
2025-01-14,16.07,VXTLT
2025-01-15,15.47,VXTLT
2025-01-16,15.08,VXTLT
2025-01-17,15.3,VXTLT
2025-01-21,15.42,VXTLT
2025-01-22,14.87,VXTLT
2025-01-23,14.61,VXTLT
2025-01-24,14.56,VXTLT
2025-01-27,16.09,VXTLT
2025-01-28,15.83,VXTLT
2025-01-29,15.46,VXTLT
2025-01-30,15.45,VXTLT
2025-01-31,15.69,VXTLT
2025-02-03,16.19,VXTLT
2025-02-04,15.86,VXTLT
2025-02-05,16.38,VXTLT
2025-02-06,15.74,VXTLT
2025-02-07,15.27,VXTLT
2025-02-10,15.11,VXTLT
2025-02-11,14.91,VXTLT
2025-02-12,14.75,VXTLT
2025-02-13,14.57,VXTLT
2025-02-14,14.37,VXTLT
2025-02-18,14.1,VXTLT
2025-02-19,14.08,VXTLT
2025-02-20,14.06,VXTLT
2025-02-21,14.64,VXTLT
2025-02-24,14.84,VXTLT
2025-02-25,16.35,VXTLT
2025-02-26,16.45,VXTLT
2025-02-27,16.19,VXTLT
2025-02-28,16.96,VXTLT
2025-03-03,17.02,VXTLT
2025-03-04,16.68,VXTLT
2025-03-05,16.26,VXTLT
2025-03-06,16.5,VXTLT
2025-03-07,15.81,VXTLT
2025-03-10,17.2,VXTLT
2025-03-11,17.23,VXTLT
2025-03-12,16.27,VXTLT
2025-03-13,16.31,VXTLT
2025-03-14,15.81,VXTLT
2025-03-17,15.67,VXTLT
2025-03-18,15.23,VXTLT
2025-03-19,14.84,VXTLT
2025-03-20,15.31,VXTLT
2025-03-21,14.85,VXTLT
2025-03-24,15.1,VXTLT
2025-03-25,14.54,VXTLT
2025-03-26,15.17,VXTLT
2025-03-27,14.98,VXTLT
2025-03-28,15.6,VXTLT
2025-03-31,16.4,VXTLT
2025-04-01,16.55,VXTLT
2025-04-02,16.36,VXTLT
2025-04-03,17.36,VXTLT
2025-04-04,20.35,VXTLT
2025-04-07,23.18,VXTLT
2025-04-08,25.34,VXTLT
2025-04-09,23.44,VXTLT
2025-04-10,27.66,VXTLT
2025-04-11,26.8,VXTLT
2025-04-14,24.34,VXTLT
2025-04-15,21.53,VXTLT
2025-04-16,21.46,VXTLT
2025-04-17,20.82,VXTLT
2025-04-21,24.99,VXTLT
2025-04-22,22.4,VXTLT
2025-04-23,21.61,VXTLT
2025-04-24,20.07,VXTLT
2025-04-25,18.88,VXTLT
2025-04-28,18.98,VXTLT
2025-04-29,19.36,VXTLT
2025-04-30,19.26,VXTLT
2025-05-01,19.15,VXTLT
2025-05-02,18.76,VXTLT
2025-05-05,19.08,VXTLT
2025-05-06,18.91,VXTLT
2025-05-07,18.28,VXTLT
2025-05-08,17.88,VXTLT
2025-05-09,17.34,VXTLT
2025-05-12,16.87,VXTLT
2025-05-13,17.06,VXTLT
2025-05-14,18.83,VXTLT
2025-05-15,17.98,VXTLT
2025-05-16,17.77,VXTLT
2025-05-19,18.33,VXTLT
2025-05-20,18.36,VXTLT
2025-05-21,20.23,VXTLT
2025-05-22,19.01,VXTLT
2025-05-23,19.24,VXTLT
2025-05-27,18.2,VXTLT
2025-05-28,18.38,VXTLT
2025-05-29,17.71,VXTLT
2025-05-30,17.39,VXTLT
2025-06-02,18.01,VXTLT
2025-06-03,17.67,VXTLT
2025-06-04,17.48,VXTLT
2025-06-05,17.39,VXTLT
2025-06-06,16.66,VXTLT
2025-06-09,16.66,VXTLT
2025-06-10,16.71,VXTLT
2025-06-11,15.97,VXTLT
2025-06-12,16.04,VXTLT
2025-06-13,16.88,VXTLT
2025-06-16,16.43,VXTLT
2025-06-17,16.47,VXTLT
2025-06-18,16.23,VXTLT
2025-06-20,15.88,VXTLT
2025-06-23,15.91,VXTLT
2025-06-24,15.66,VXTLT
2025-06-25,15.54,VXTLT
2025-06-26,15.04,VXTLT
2025-06-27,15.04,VXTLT
2025-06-30,15.45,VXTLT
2025-07-01,14.93,VXTLT
2025-07-02,15.02,VXTLT
2025-07-03,14.14,VXTLT
2025-07-07,15.31,VXTLT
2025-07-08,14.83,VXTLT
2025-07-09,14.21,VXTLT
2025-07-10,14.0,VXTLT
2025-07-11,15.15,VXTLT
2025-07-14,15.75,VXTLT
2025-07-15,16.26,VXTLT
2025-07-16,16.62,VXTLT
2025-07-17,16.11,VXTLT
2025-07-18,16.12,VXTLT
2025-07-21,15.83,VXTLT
2025-07-22,15.97,VXTLT
2025-07-23,16.07,VXTLT
2025-07-24,16.12,VXTLT
2025-07-25,15.76,VXTLT
2025-07-28,15.69,VXTLT
2025-07-29,15.57,VXTLT
2025-07-30,15.54,VXTLT
2025-07-31,15.21,VXTLT
2025-08-01,15.73,VXTLT
2025-08-04,15.6,VXTLT
2025-08-05,15.17,VXTLT
2025-08-06,14.75,VXTLT
2025-08-07,14.47,VXTLT
2025-08-08,14.22,VXTLT
2025-08-11,13.69,VXTLT
2025-08-12,13.22,VXTLT
2025-08-13,13.18,VXTLT
2025-08-14,13.36,VXTLT
2025-08-15,13.39,VXTLT
2025-08-18,14.17,VXTLT
2025-08-19,14.15,VXTLT
2025-08-20,14.45,VXTLT
2025-08-21,14.78,VXTLT
2025-08-22,13.71,VXTLT
2025-08-25,13.63,VXTLT
2025-08-26,13.97,VXTLT
2025-08-27,13.73,VXTLT
2025-08-28,13.84,VXTLT
2025-08-29,14.29,VXTLT
2025-09-02,15.24,VXTLT
2025-09-03,14.93,VXTLT
2025-09-04,15.36,VXTLT
2025-09-05,14.67,VXTLT
2025-09-08,15.28,VXTLT
2025-09-09,14.83,VXTLT
2025-09-10,14.66,VXTLT
2025-09-11,14.09,VXTLT
2025-09-12,13.95,VXTLT
2025-09-15,14.22,VXTLT
2025-09-16,14.32,VXTLT
2025-09-17,13.59,VXTLT
2025-09-18,13.61,VXTLT
2025-09-19,13.81,VXTLT
2025-09-22,14.25,VXTLT
2025-09-23,14.23,VXTLT
2025-09-24,14.27,VXTLT
2025-09-25,14.48,VXTLT
2025-09-26,14.61,VXTLT
2025-09-29,14.54,VXTLT
2025-09-30,14.7,VXTLT
2025-10-01,13.84,VXTLT
2025-10-02,13.51,VXTLT
2025-10-03,13.05,VXTLT
2025-10-06,14.07,VXTLT
2025-10-07,13.87,VXTLT
2025-10-08,14.59,VXTLT
2025-10-09,14.78,VXTLT
2025-10-10,15.42,VXTLT
2025-10-13,14.27,VXTLT
2025-10-14,14.17,VXTLT
2025-10-15,13.23,VXTLT
2025-10-16,14.37,VXTLT
2025-10-17,12.79,VXTLT
2025-10-20,13.16,VXTLT
2025-10-21,13.55,VXTLT
2025-10-22,13.3,VXTLT
2025-10-23,13.33,VXTLT
2025-10-24,12.74,VXTLT
2025-10-27,12.73,VXTLT
2025-10-28,13.18,VXTLT
2025-10-29,12.87,VXTLT
2025-10-30,13.06,VXTLT
2025-10-31,12.9,VXTLT
2025-11-03,13.23,VXTLT
2025-11-04,13.23,VXTLT
2025-11-05,13.56,VXTLT
2025-11-06,13.61,VXTLT
2025-11-07,13.47,VXTLT
2025-11-10,13.97,VXTLT
2025-11-11,14.11,VXTLT
2025-11-12,13.67,VXTLT
2025-11-13,13.78,VXTLT
2025-11-14,14.02,VXTLT
2025-11-17,14.98,VXTLT
2025-11-18,14.92,VXTLT
2025-11-19,14.63,VXTLT
2025-11-20,13.93,VXTLT
2025-11-21,13.45,VXTLT
2025-11-24,13.28,VXTLT
2025-11-25,13.24,VXTLT
2025-11-26,13.11,VXTLT
2025-11-28,13.19,VXTLT
2025-12-01,14.39,VXTLT
2025-12-02,13.65,VXTLT
2025-12-03,13.0,VXTLT
2025-12-04,13.05,VXTLT
2025-12-05,13.12,VXTLT
2025-12-08,14.02,VXTLT
2025-12-09,13.32,VXTLT
2025-12-10,12.58,VXTLT
2025-12-11,12.71,VXTLT
2025-12-12,12.48,VXTLT
2025-12-15,12.23,VXTLT
2025-12-16,11.28,VXTLT
2025-12-17,11.02,VXTLT
2025-12-18,10.42,VXTLT
2025-12-19,10.39,VXTLT
2025-12-22,10.91,VXTLT
2025-12-23,11.27,VXTLT
2025-12-24,11.17,VXTLT
2025-12-26,11.56,VXTLT
2025-12-29,11.63,VXTLT
2025-12-30,11.8,VXTLT
2025-12-31,12.1,VXTLT
2026-01-02,12.17,VXTLT
2026-01-05,11.78,VXTLT
2026-01-06,11.8,VXTLT
2026-01-07,11.73,VXTLT
2026-01-08,11.85,VXTLT
2026-01-09,10.94,VXTLT
2026-01-12,10.42,VXTLT
2026-01-13,10.22,VXTLT
2026-01-14,10.04,VXTLT
2026-01-15,10.12,VXTLT
2026-01-16,10.49,VXTLT
2026-01-20,14.02,VXTLT
2026-01-21,11.68,VXTLT
2026-01-22,11.18,VXTLT
2026-01-23,11.8,VXTLT
2026-01-26,11.96,VXTLT
2026-01-27,12.05,VXTLT
2026-01-28,12.44,VXTLT
2026-01-29,13.31,VXTLT
2026-01-30,13.09,VXTLT
2026-02-02,12.93,VXTLT
2026-02-03,12.72,VXTLT
2026-02-04,12.43,VXTLT
2026-02-05,12.57,VXTLT
2026-02-06,12.32,VXTLT
2026-02-09,12.28,VXTLT
2026-02-10,12.54,VXTLT
2026-02-11,11.73,VXTLT
2026-02-12,13.27,VXTLT
2026-02-13,12.51,VXTLT
2026-02-17,12.87,VXTLT
2026-02-18,11.79,VXTLT
2026-02-19,12.24,VXTLT
2026-02-20,11.95,VXTLT
2026-02-23,12.36,VXTLT
2026-02-24,12.04,VXTLT
2026-02-25,11.77,VXTLT
2026-02-26,11.77,VXTLT
2026-02-27,12.48,VXTLT
2026-03-02,12.44,VXTLT
2026-03-03,12.47,VXTLT
2026-03-04,11.57,VXTLT
2026-03-05,12.53,VXTLT
2026-03-06,13.66,VXTLT
2026-03-09,13.93,VXTLT
2026-03-10,13.86,VXTLT
2026-03-11,15.08,VXTLT
2026-03-12,17.25,VXTLT
2026-03-13,16.57,VXTLT
2026-03-16,14.45,VXTLT
2026-03-17,13.45,VXTLT
2026-03-18,14.24,VXTLT
2026-03-19,14.42,VXTLT
2026-03-20,18.36,VXTLT
2026-03-23,16.4,VXTLT
2026-03-24,16.26,VXTLT
2026-03-25,15.21,VXTLT
2026-03-26,17.14,VXTLT
2026-03-27,18.03,VXTLT
2026-03-30,17.23,VXTLT
2026-03-31,14.95,VXTLT
2026-04-01,14.0,VXTLT
2026-04-02,13.27,VXTLT
2026-04-06,13.87,VXTLT
2026-04-07,14.44,VXTLT
2026-04-08,13.43,VXTLT
2026-04-09,12.97,VXTLT
2026-04-10,12.76,VXTLT
2026-04-13,12.43,VXTLT
2026-04-14,11.97,VXTLT
2026-04-15,11.35,VXTLT
2026-04-16,13.06,VXTLT
2026-04-17,12.34,VXTLT
2026-04-20,12.04,VXTLT
2026-04-21,12.78,VXTLT
2026-04-22,12.48,VXTLT
2026-04-23,12.53,VXTLT
2026-04-24,11.9,VXTLT
2026-04-27,12.4,VXTLT
2026-04-28,12.58,VXTLT
2026-04-29,13.35,VXTLT
2026-04-30,12.63,VXTLT
2026-05-01,12.4,VXTLT
2026-05-04,13.62,VXTLT
2026-05-05,13.03,VXTLT
2026-05-06,12.22,VXTLT
2026-05-07,12.25,VXTLT
2026-05-08,11.21,VXTLT
2026-05-11,11.6,VXTLT
2026-05-12,11.89,VXTLT
2026-05-13,12.26,VXTLT
2026-05-14,11.61,VXTLT
2026-05-15,14.22,VXTLT
2026-05-18,14.6,VXTLT
2026-05-19,14.88,VXTLT
2026-05-20,14.03,VXTLT
2026-05-21,12.96,VXTLT
2026-05-22,12.21,VXTLT
2026-05-26,12.15,VXTLT
2026-05-27,11.57,VXTLT
2026-05-28,11.35,VXTLT
2026-05-29,11.15,VXTLT
2026-06-01,11.47,VXTLT
2026-06-02,11.29,VXTLT
2026-06-03,11.74,VXTLT
2026-06-04,11.25,VXTLT
2026-06-05,11.93,VXTLT
2026-06-08,12.51,VXTLT
2026-06-09,11.97,VXTLT
2026-06-10,11.83,VXTLT
2026-06-11,11.36,VXTLT
2026-06-12,10.56,VXTLT
2026-06-15,10.7,VXTLT
2026-06-16,10.48,VXTLT
2026-06-17,10.33,VXTLT
2026-06-18,9.95,VXTLT
2026-06-22,10.79,VXTLT
2026-06-23,10.66,VXTLT
2026-06-24,10.9,VXTLT
2026-06-25,10.65,VXTLT
2026-06-26,10.22,VXTLT
2026-06-29,10.36,VXTLT
2026-06-30,10.74,VXTLT
2026-07-01,10.75,VXTLT
2026-07-02,10.17,VXTLT
2026-07-06,10.48,VXTLT
2026-07-07,11.18,VXTLT
2026-07-08,10.94,VXTLT
2026-07-09,11.0,VXTLT
2026-07-10,10.42,VXTLT
2026-07-13,11.31,VXTLT
2026-07-14,10.44,VXTLT
2026-07-15,9.27,VXTLT
2026-07-16,9.34,VXTLT
2026-07-17,10.18,VXTLT
2026-07-20,10.56,VXTLT
2026-07-21,11.07,VXTLT
2026-07-22,11.3,VXTLT
2026-07-23,11.52,VXTLT
2026-07-24,10.96,VXTLT
2026-07-27,10.89,VXTLT
2026-07-28,10.85,VXTLT
2026-07-29,13.19,VXTLT
2026-07-30,12.79,VXTLT
2026-07-31,13.7,VXTLT
2026-08-03,13.28,VXTLT
2026-08-04,11.99,VXTLT
2026-08-05,12.1,VXTLT
2026-08-06,12.28,VXTLT
2026-08-07,11.33,VXTLT
2026-08-10,12.26,VXTLT
2026-08-11,12.37,VXTLT
2026-08-12,11.65,VXTLT
2026-08-13,10.95,VXTLT
2026-08-14,11.83,VXTLT
2026-08-17,12.57,VXTLT
2026-08-18,11.83,VXTLT
2026-08-19,11.66,VXTLT
2026-08-20,12.29,VXTLT
2026-08-21,11.92,VXTLT
2026-08-24,12.15,VXTLT
2026-08-25,12.17,VXTLT
2026-08-26,12.13,VXTLT
2026-08-27,12.06,VXTLT
2026-08-28,11.45,VXTLT
2026-08-31,11.89,VXTLT
2026-09-01,12.39,VXTLT
2026-09-02,12.16,VXTLT
2026-09-03,12.06,VXTLT
2026-09-04,11.37,VXTLT
2026-09-08,12.28,VXTLT
2026-09-09,12.16,VXTLT
2026-09-10,13.64,VXTLT
2026-09-11,12.23,VXTLT
2026-09-14,13.48,VXTLT
2026-09-15,14.25,VXTLT
2026-09-16,13.13,VXTLT
2026-09-17,11.96,VXTLT
2003-01-02,9.06,TYVIX
2003-01-03,8.69,TYVIX
2003-01-06,8.71,TYVIX
2003-01-07,8.15,TYVIX
2003-01-08,7.85,TYVIX
2003-01-09,8.19,TYVIX
2003-01-10,8.0,TYVIX
2003-01-13,8.06,TYVIX
2003-01-14,7.79,TYVIX
2003-01-15,7.71,TYVIX
2003-01-16,7.77,TYVIX
2003-01-17,7.57,TYVIX
2003-01-21,7.69,TYVIX
2003-01-22,7.31,TYVIX
2003-01-23,7.48,TYVIX
2003-01-24,7.64,TYVIX
2003-01-27,8.41,TYVIX
2003-01-28,8.4,TYVIX
2003-01-29,8.29,TYVIX
2003-01-30,8.45,TYVIX
2003-01-31,7.95,TYVIX
2003-02-03,8.38,TYVIX
2003-02-04,8.32,TYVIX
2003-02-05,8.47,TYVIX
2003-02-06,8.29,TYVIX
2003-02-07,8.3,TYVIX
2003-02-10,8.61,TYVIX
2003-02-11,8.31,TYVIX
2003-02-12,8.36,TYVIX
2003-02-13,8.79,TYVIX
2003-02-14,8.89,TYVIX
2003-02-18,8.83,TYVIX
2003-02-19,8.53,TYVIX
2003-02-20,8.57,TYVIX
2003-02-21,8.23,TYVIX
2003-02-24,8.08,TYVIX
2003-02-25,8.01,TYVIX
2003-02-26,8.05,TYVIX
2003-02-27,8.05,TYVIX
2003-02-28,8.26,TYVIX
2003-03-03,8.01,TYVIX
2003-03-04,8.0,TYVIX
2003-03-05,7.94,TYVIX
2003-03-06,8.0,TYVIX
2003-03-07,8.05,TYVIX
2003-03-10,8.34,TYVIX
2003-03-11,8.06,TYVIX
2003-03-12,8.1,TYVIX
2003-03-13,8.4,TYVIX
2003-03-14,8.27,TYVIX
2003-03-17,8.81,TYVIX
2003-03-18,9.03,TYVIX
2003-03-19,9.93,TYVIX
2003-03-20,9.68,TYVIX
2003-03-21,9.68,TYVIX
2003-03-24,8.82,TYVIX
2003-03-25,8.48,TYVIX
2003-03-26,8.29,TYVIX
2003-03-27,8.13,TYVIX
2003-03-28,7.84,TYVIX
2003-03-31,7.98,TYVIX
2003-04-01,7.85,TYVIX
2003-04-02,8.24,TYVIX
2003-04-03,8.39,TYVIX
2003-04-04,8.04,TYVIX
2003-04-07,8.29,TYVIX
2003-04-08,7.79,TYVIX
2003-04-09,7.51,TYVIX
2003-04-10,7.5,TYVIX
2003-04-11,7.44,TYVIX
2003-04-14,7.62,TYVIX
2003-04-15,7.18,TYVIX
2003-04-16,6.92,TYVIX
2003-04-17,6.94,TYVIX
2003-04-21,7.2,TYVIX
2003-04-22,7.09,TYVIX
2003-04-23,6.93,TYVIX
2003-04-24,6.86,TYVIX
2003-04-25,6.62,TYVIX
2003-04-28,6.72,TYVIX
2003-04-29,6.81,TYVIX
2003-04-30,6.79,TYVIX
2003-05-01,6.66,TYVIX
2003-05-02,6.67,TYVIX
2003-05-05,6.7,TYVIX
2003-05-06,6.62,TYVIX
2003-05-07,6.41,TYVIX
2003-05-08,6.33,TYVIX
2003-05-09,6.18,TYVIX
2003-05-12,6.66,TYVIX
2003-05-13,6.54,TYVIX
2003-05-14,6.62,TYVIX
2003-05-15,6.7,TYVIX
2003-05-16,6.79,TYVIX
2003-05-19,7.22,TYVIX
2003-05-20,7.88,TYVIX
2003-05-21,7.89,TYVIX
2003-05-22,7.29,TYVIX
2003-05-23,7.16,TYVIX
2003-05-27,7.38,TYVIX
2003-05-28,7.33,TYVIX
2003-05-29,7.11,TYVIX
2003-05-30,7.51,TYVIX
2003-06-02,7.6,TYVIX
2003-06-03,7.51,TYVIX
2003-06-04,7.65,TYVIX
2003-06-05,8.03,TYVIX
2003-06-06,7.51,TYVIX
2003-06-09,7.64,TYVIX
2003-06-10,7.82,TYVIX
2003-06-11,8.03,TYVIX
2003-06-12,7.54,TYVIX
2003-06-13,7.69,TYVIX
2003-06-16,8.29,TYVIX
2003-06-17,8.27,TYVIX
2003-06-18,8.73,TYVIX
2003-06-19,8.81,TYVIX
2003-06-20,8.17,TYVIX
2003-06-23,8.22,TYVIX
2003-06-24,8.05,TYVIX
2003-06-25,7.97,TYVIX
2003-06-26,7.7,TYVIX
2003-06-27,7.78,TYVIX
2003-06-30,7.58,TYVIX
2003-07-01,7.3,TYVIX
2003-07-02,7.45,TYVIX
2003-07-03,7.85,TYVIX
2003-07-07,7.68,TYVIX
2003-07-08,7.66,TYVIX
2003-07-09,7.64,TYVIX
2003-07-10,7.65,TYVIX
2003-07-11,7.29,TYVIX
2003-07-14,7.76,TYVIX
2003-07-15,8.05,TYVIX
2003-07-16,8.08,TYVIX
2003-07-17,8.14,TYVIX
2003-07-18,7.75,TYVIX
2003-07-21,8.92,TYVIX
2003-07-22,9.29,TYVIX
2003-07-23,8.88,TYVIX
2003-07-24,8.98,TYVIX
2003-07-25,9.02,TYVIX
2003-07-28,10.14,TYVIX
2003-07-29,11.02,TYVIX
2003-07-30,11.26,TYVIX
2003-07-31,12.44,TYVIX
2003-08-01,11.59,TYVIX
2003-08-04,11.44,TYVIX
2003-08-05,11.12,TYVIX
2003-08-06,10.8,TYVIX
2003-08-07,9.75,TYVIX
2003-08-08,9.9,TYVIX
2003-08-11,10.84,TYVIX
2003-08-12,10.39,TYVIX
2003-08-13,11.75,TYVIX
2003-08-14,12.23,TYVIX
2003-08-15,11.64,TYVIX
2003-08-18,11.47,TYVIX
2003-08-19,11.03,TYVIX
2003-08-20,11.91,TYVIX
2003-08-21,12.77,TYVIX
2003-08-22,11.99,TYVIX
2003-08-25,12.21,TYVIX
2003-08-26,11.51,TYVIX
2003-08-27,11.24,TYVIX
2003-08-28,10.75,TYVIX
2003-08-29,10.27,TYVIX
2003-09-02,11.53,TYVIX
2003-09-03,11.04,TYVIX
2003-09-04,10.63,TYVIX
2003-09-05,10.06,TYVIX
2003-09-08,10.23,TYVIX
2003-09-09,10.65,TYVIX
2003-09-10,9.59,TYVIX
2003-09-11,9.99,TYVIX
2003-09-12,9.98,TYVIX
2003-09-15,10.12,TYVIX
2003-09-16,10.09,TYVIX
2003-09-17,9.58,TYVIX
2003-09-18,9.97,TYVIX
2003-09-19,10.05,TYVIX
2003-09-22,10.66,TYVIX
2003-09-23,10.4,TYVIX
2003-09-24,10.03,TYVIX
2003-09-25,9.97,TYVIX
2003-09-26,9.37,TYVIX
2003-09-29,9.51,TYVIX
2003-09-30,9.57,TYVIX
2003-10-01,9.57,TYVIX
2003-10-02,9.88,TYVIX
2003-10-03,10.53,TYVIX
2003-10-06,9.96,TYVIX
2003-10-07,9.95,TYVIX
2003-10-08,9.69,TYVIX
2003-10-09,9.67,TYVIX
2003-10-14,10.23,TYVIX
2003-10-15,10.27,TYVIX
2003-10-16,10.41,TYVIX
2003-10-17,10.21,TYVIX
2003-10-20,10.41,TYVIX
2003-10-21,9.89,TYVIX
2003-10-22,9.51,TYVIX
2003-10-23,9.72,TYVIX
2003-10-24,9.45,TYVIX
2003-10-27,9.77,TYVIX
2003-10-28,9.65,TYVIX
2003-10-29,9.38,TYVIX
2003-10-30,9.81,TYVIX
2003-10-31,9.41,TYVIX
2003-11-03,9.89,TYVIX
2003-11-04,9.58,TYVIX
2003-11-05,9.76,TYVIX
2003-11-06,9.91,TYVIX
2003-11-07,9.48,TYVIX
2003-11-12,9.39,TYVIX
2003-11-13,9.11,TYVIX
2003-11-14,9.16,TYVIX
2003-11-17,9.41,TYVIX
2003-11-18,9.24,TYVIX
2003-11-19,9.27,TYVIX
2003-11-20,8.82,TYVIX
2003-11-21,8.43,TYVIX
2003-11-24,8.51,TYVIX
2003-11-25,8.17,TYVIX
2003-11-26,8.27,TYVIX
2003-11-28,8.65,TYVIX
2003-12-01,8.98,TYVIX
2003-12-02,9.16,TYVIX
2003-12-03,9.13,TYVIX
2003-12-04,9.46,TYVIX
2003-12-05,9.15,TYVIX
2003-12-08,9.04,TYVIX
2003-12-09,9.15,TYVIX
2003-12-10,8.74,TYVIX
2003-12-11,8.46,TYVIX
2003-12-12,8.55,TYVIX
2003-12-15,8.75,TYVIX
2003-12-16,8.86,TYVIX
2003-12-17,8.42,TYVIX
2003-12-18,8.15,TYVIX
2003-12-19,8.43,TYVIX
2003-12-22,9.04,TYVIX
2003-12-23,9.13,TYVIX
2003-12-24,8.67,TYVIX
2003-12-26,8.65,TYVIX
2003-12-29,9.11,TYVIX
2003-12-30,9.11,TYVIX
2003-12-31,9.21,TYVIX
2004-01-02,9.2,TYVIX
2004-01-05,9.02,TYVIX
2004-01-06,8.39,TYVIX
2004-01-07,8.21,TYVIX
2004-01-08,8.54,TYVIX
2004-01-09,7.87,TYVIX
2004-01-12,8.02,TYVIX
2004-01-13,7.93,TYVIX
2004-01-14,8.2,TYVIX
2004-01-15,7.88,TYVIX
2004-01-16,8.25,TYVIX
2004-01-20,8.54,TYVIX
2004-01-21,8.03,TYVIX
2004-01-22,7.94,TYVIX
2004-01-23,8.26,TYVIX
2004-01-26,8.97,TYVIX
2004-01-27,8.67,TYVIX
2004-01-28,8.78,TYVIX
2004-01-29,9.01,TYVIX
2004-01-30,8.7,TYVIX
2004-02-02,9.03,TYVIX
2004-02-03,9.02,TYVIX
2004-02-04,9.12,TYVIX
2004-02-05,9.7,TYVIX
2004-02-06,8.43,TYVIX
2004-02-09,8.21,TYVIX
2004-02-10,8.35,TYVIX
2004-02-11,7.39,TYVIX
2004-02-12,7.63,TYVIX
2004-02-13,7.4,TYVIX
2004-02-17,7.35,TYVIX
2004-02-18,7.4,TYVIX
2004-02-19,7.49,TYVIX
2004-02-20,7.66,TYVIX
2004-02-23,7.28,TYVIX
2004-02-24,7.38,TYVIX
2004-02-25,7.22,TYVIX
2004-02-26,7.38,TYVIX
2004-02-27,7.21,TYVIX
2004-03-01,7.61,TYVIX
2004-03-02,8.11,TYVIX
2004-03-03,8.06,TYVIX
2004-03-04,7.76,TYVIX
2004-03-05,6.81,TYVIX
2004-03-08,6.92,TYVIX
2004-03-09,7.3,TYVIX
2004-03-10,7.46,TYVIX
2004-03-11,7.45,TYVIX
2004-03-12,7.69,TYVIX
2004-03-15,8.01,TYVIX
2004-03-16,7.37,TYVIX
2004-03-17,7.7,TYVIX
2004-03-18,7.77,TYVIX
2004-03-19,7.66,TYVIX
2004-03-22,7.65,TYVIX
2004-03-23,7.56,TYVIX
2004-03-24,7.44,TYVIX
2004-03-25,7.71,TYVIX
2004-03-26,8.08,TYVIX
2004-03-29,8.34,TYVIX
2004-03-30,8.27,TYVIX
2004-03-31,8.26,TYVIX
2004-04-01,8.87,TYVIX
2004-04-02,8.74,TYVIX
2004-04-05,9.17,TYVIX
2004-04-06,7.95,TYVIX
2004-04-07,7.85,TYVIX
2004-04-08,8.1,TYVIX
2004-04-12,8.4,TYVIX
2004-04-13,8.53,TYVIX
2004-04-14,8.32,TYVIX
2004-04-15,8.52,TYVIX
2004-04-16,8.4,TYVIX
2004-04-19,8.75,TYVIX
2004-04-20,8.66,TYVIX
2004-04-21,8.43,TYVIX
2004-04-22,7.9,TYVIX
2004-04-23,8.53,TYVIX
2004-04-26,8.8,TYVIX
2004-04-27,8.89,TYVIX
2004-04-28,9.15,TYVIX
2004-04-29,9.0,TYVIX
2004-04-30,8.99,TYVIX
2004-05-03,9.35,TYVIX
2004-05-04,9.46,TYVIX
2004-05-05,9.64,TYVIX
2004-05-06,9.96,TYVIX
2004-05-07,8.35,TYVIX
2004-05-10,8.52,TYVIX
2004-05-11,8.01,TYVIX
2004-05-12,8.24,TYVIX
2004-05-13,8.69,TYVIX
2004-05-14,8.03,TYVIX
2004-05-17,8.35,TYVIX
2004-05-18,8.07,TYVIX
2004-05-19,8.5,TYVIX
2004-05-20,8.17,TYVIX
2004-05-21,8.74,TYVIX
2004-05-24,8.04,TYVIX
2004-05-25,7.62,TYVIX
2004-05-26,7.84,TYVIX
2004-05-27,7.93,TYVIX
2004-05-28,8.01,TYVIX
2004-06-01,8.39,TYVIX
2004-06-02,8.2,TYVIX
2004-06-03,8.27,TYVIX
2004-06-04,7.16,TYVIX
2004-06-07,7.01,TYVIX
2004-06-08,6.98,TYVIX
2004-06-09,7.19,TYVIX
2006-07-05,4.73,TYVIX
2006-07-06,4.66,TYVIX
2006-07-07,4.5,TYVIX
2006-07-10,4.5,TYVIX
2006-07-11,4.52,TYVIX
2006-07-12,4.57,TYVIX
2006-07-13,4.85,TYVIX
2006-07-14,4.8,TYVIX
2006-07-17,4.92,TYVIX
2006-07-18,4.87,TYVIX
2006-07-19,4.52,TYVIX
2006-07-20,4.44,TYVIX
2006-07-21,4.53,TYVIX
2006-07-24,4.37,TYVIX
2006-07-25,4.26,TYVIX
2006-07-26,4.36,TYVIX
2006-07-27,4.29,TYVIX
2006-07-28,4.31,TYVIX
2006-07-31,4.45,TYVIX
2006-08-01,4.44,TYVIX
2006-08-02,4.47,TYVIX
2006-08-03,4.57,TYVIX
2006-08-04,4.23,TYVIX
2006-08-07,4.41,TYVIX
2006-08-08,4.22,TYVIX
2006-08-09,4.15,TYVIX
2006-08-10,4.13,TYVIX
2006-08-11,4.14,TYVIX
2006-08-14,4.29,TYVIX
2006-08-15,4.28,TYVIX
2006-08-16,4.12,TYVIX
2006-08-17,4.07,TYVIX
2006-08-18,4.08,TYVIX
2006-08-21,4.23,TYVIX
2006-08-22,4.21,TYVIX
2006-08-23,4.24,TYVIX
2006-08-24,4.01,TYVIX
2006-08-25,4.06,TYVIX
2006-08-28,4.1,TYVIX
2006-08-29,4.2,TYVIX
2006-08-30,4.3,TYVIX
2006-08-31,4.41,TYVIX
2006-09-01,4.14,TYVIX
2006-09-05,4.26,TYVIX
2006-09-06,4.32,TYVIX
2006-09-07,4.25,TYVIX
2006-09-08,4.31,TYVIX
2006-09-11,4.34,TYVIX
2006-09-12,4.33,TYVIX
2006-09-13,4.39,TYVIX
2006-09-14,4.4,TYVIX
2006-09-15,4.14,TYVIX
2006-09-18,4.09,TYVIX
2006-09-19,4.15,TYVIX
2006-09-20,4.06,TYVIX
2006-09-21,4.33,TYVIX
2006-09-22,4.93,TYVIX
2006-09-25,4.89,TYVIX
2006-09-26,4.66,TYVIX
2006-09-27,4.54,TYVIX
2006-09-28,4.35,TYVIX
2006-09-29,4.29,TYVIX
2006-10-02,4.35,TYVIX
2006-10-03,4.23,TYVIX
2006-10-04,4.26,TYVIX
2006-10-05,4.31,TYVIX
2006-10-10,4.23,TYVIX
2006-10-11,4.23,TYVIX
2006-10-12,4.14,TYVIX
2006-10-13,4.17,TYVIX
2006-10-16,4.28,TYVIX
2006-10-17,4.39,TYVIX
2006-10-18,4.11,TYVIX
2006-10-19,4.15,TYVIX
2006-10-20,4.02,TYVIX
2006-10-23,4.23,TYVIX
2006-10-24,4.1,TYVIX
2006-10-25,4.08,TYVIX
2006-10-26,4.23,TYVIX
2006-10-27,4.39,TYVIX
2006-10-30,4.37,TYVIX
2006-10-31,4.45,TYVIX
2006-11-01,4.62,TYVIX
2006-11-02,4.53,TYVIX
2006-11-03,4.19,TYVIX
2006-11-06,4.21,TYVIX
2006-11-07,4.29,TYVIX
2006-11-08,4.41,TYVIX
2006-11-09,4.32,TYVIX
2006-11-10,4.34,TYVIX
2006-11-13,4.63,TYVIX
2006-11-14,4.59,TYVIX
2006-11-15,4.5,TYVIX
2006-11-16,4.37,TYVIX
2006-11-17,4.48,TYVIX
2006-11-20,4.47,TYVIX
2006-11-21,4.3,TYVIX
2006-11-22,4.21,TYVIX
2006-11-24,4.55,TYVIX
2006-11-27,4.66,TYVIX
2006-11-28,4.7,TYVIX
2006-11-29,4.56,TYVIX
2006-11-30,4.76,TYVIX
2006-12-01,4.74,TYVIX
2006-12-04,4.79,TYVIX
2006-12-05,4.7,TYVIX
2006-12-06,4.7,TYVIX
2006-12-07,4.79,TYVIX
2006-12-08,4.49,TYVIX
2006-12-11,4.43,TYVIX
2006-12-12,4.3,TYVIX
2006-12-13,4.37,TYVIX
2006-12-14,4.34,TYVIX
2006-12-15,4.21,TYVIX
2006-12-18,4.2,TYVIX
2006-12-19,4.15,TYVIX
2006-12-20,3.96,TYVIX
2006-12-21,4.01,TYVIX
2006-12-22,4.07,TYVIX
2006-12-26,4.29,TYVIX
2006-12-27,4.21,TYVIX
2006-12-28,4.33,TYVIX
2006-12-29,4.52,TYVIX
2007-01-02,4.81,TYVIX
2007-01-03,4.62,TYVIX
2007-01-04,4.55,TYVIX
2007-01-05,4.27,TYVIX
2007-01-08,4.29,TYVIX
2007-01-09,4.18,TYVIX
2007-01-10,4.23,TYVIX
2007-01-11,4.38,TYVIX
2007-01-12,4.29,TYVIX
2007-01-16,4.37,TYVIX
2007-01-17,4.21,TYVIX
2007-01-18,4.08,TYVIX
2007-01-19,3.97,TYVIX
2007-01-22,4.06,TYVIX
2007-01-23,4.12,TYVIX
2007-01-24,4.15,TYVIX
2007-01-25,4.17,TYVIX
2007-01-26,4.12,TYVIX
2007-01-29,4.21,TYVIX
2007-01-30,4.31,TYVIX
2007-01-31,4.22,TYVIX
2007-02-01,4.23,TYVIX
2007-02-02,3.91,TYVIX
2007-02-05,3.92,TYVIX
2007-02-06,4.12,TYVIX
2007-02-07,4.24,TYVIX
2007-02-08,4.18,TYVIX
2007-02-09,4.17,TYVIX
2007-02-12,4.27,TYVIX
2007-02-13,4.36,TYVIX
2007-02-14,4.11,TYVIX
2007-02-15,4.22,TYVIX
2007-02-16,4.26,TYVIX
2007-02-20,4.4,TYVIX
2007-02-21,4.31,TYVIX
2007-02-22,4.25,TYVIX
2007-02-23,4.43,TYVIX
2007-02-26,4.61,TYVIX
2007-02-27,5.23,TYVIX
2007-02-28,4.99,TYVIX
2007-03-01,5.37,TYVIX
2007-03-02,5.7,TYVIX
2007-03-05,5.66,TYVIX
2007-03-06,5.05,TYVIX
2007-03-07,5.25,TYVIX
2007-03-08,5.24,TYVIX
2007-03-09,4.63,TYVIX
2007-03-12,5.03,TYVIX
2007-03-13,5.23,TYVIX
2007-03-14,5.23,TYVIX
2007-03-15,5.06,TYVIX
2007-03-16,4.84,TYVIX
2007-03-19,4.95,TYVIX
2007-03-20,4.89,TYVIX
2007-03-21,4.75,TYVIX
2007-03-22,4.58,TYVIX
2007-03-23,4.8,TYVIX
2007-03-26,5.02,TYVIX
2007-03-27,5.1,TYVIX
2007-03-28,4.98,TYVIX
2007-03-29,4.72,TYVIX
2007-03-30,4.77,TYVIX
2007-04-02,4.79,TYVIX
2007-04-03,4.57,TYVIX
2007-04-04,4.64,TYVIX
2007-04-05,4.54,TYVIX
2007-04-09,4.4,TYVIX
2007-04-10,4.29,TYVIX
2007-04-11,4.09,TYVIX
2007-04-12,4.05,TYVIX
2007-04-13,4.12,TYVIX
2007-04-16,4.19,TYVIX
2007-04-17,4.13,TYVIX
2007-04-18,3.97,TYVIX
2007-04-19,4.04,TYVIX
2007-04-20,4.02,TYVIX
2007-04-23,4.23,TYVIX
2007-04-24,4.14,TYVIX
2007-04-25,4.02,TYVIX
2007-04-26,4.22,TYVIX
2007-04-27,4.03,TYVIX
2007-04-30,4.23,TYVIX
2007-05-01,4.2,TYVIX
2007-05-02,3.98,TYVIX
2007-05-03,3.9,TYVIX
2007-05-04,3.81,TYVIX
2007-05-07,3.8,TYVIX
2007-05-08,3.86,TYVIX
2007-05-09,3.72,TYVIX
2007-05-10,3.76,TYVIX
2007-05-11,3.74,TYVIX
2007-05-14,3.9,TYVIX
2007-05-15,3.89,TYVIX
2007-05-16,3.74,TYVIX
2007-05-17,3.83,TYVIX
2007-05-18,4.05,TYVIX
2007-05-21,4.04,TYVIX
2007-05-22,4.1,TYVIX
2007-05-23,4.05,TYVIX
2007-05-24,4.08,TYVIX
2007-05-25,4.03,TYVIX
2007-05-29,4.25,TYVIX
2007-05-30,4.19,TYVIX
2007-05-31,4.38,TYVIX
2007-06-01,4.07,TYVIX
2007-06-04,4.04,TYVIX
2007-06-05,4.19,TYVIX
2007-06-06,4.31,TYVIX
2007-06-07,4.72,TYVIX
2007-06-08,5.37,TYVIX
2007-06-11,5.0,TYVIX
2007-06-12,6.08,TYVIX
2007-06-13,6.04,TYVIX
2007-06-14,5.49,TYVIX
2007-06-15,4.9,TYVIX
2007-06-18,4.85,TYVIX
2007-06-19,4.61,TYVIX
2007-06-20,5.04,TYVIX
2007-06-21,5.47,TYVIX
2007-06-22,5.33,TYVIX
2007-06-25,5.25,TYVIX
2007-06-26,5.35,TYVIX
2007-06-27,5.26,TYVIX
2007-06-28,4.92,TYVIX
2007-06-29,4.85,TYVIX
2007-07-02,4.72,TYVIX
2007-07-03,4.87,TYVIX
2007-07-05,4.88,TYVIX
2007-07-06,4.87,TYVIX
2007-07-09,4.8,TYVIX
2007-07-10,5.18,TYVIX
2007-07-11,5.31,TYVIX
2007-07-12,5.23,TYVIX
2007-07-13,5.01,TYVIX
2007-07-16,5.1,TYVIX
2007-07-17,4.98,TYVIX
2007-07-18,5.0,TYVIX
2007-07-19,4.87,TYVIX
2007-07-20,5.29,TYVIX
2007-07-23,5.35,TYVIX
2007-07-24,5.51,TYVIX
2007-07-25,5.8,TYVIX
2007-07-26,7.7,TYVIX
2007-07-27,6.85,TYVIX
2007-07-30,6.44,TYVIX
2007-07-31,6.06,TYVIX
2007-08-01,6.49,TYVIX
2007-08-02,6.29,TYVIX
2007-08-03,6.31,TYVIX
2007-08-06,6.6,TYVIX
2007-08-07,6.14,TYVIX
2007-08-08,5.95,TYVIX
2007-08-09,7.02,TYVIX
2007-08-10,7.06,TYVIX
2007-08-13,6.99,TYVIX
2007-08-14,6.82,TYVIX
2007-08-15,6.68,TYVIX
2007-08-16,7.6,TYVIX
2007-08-17,7.03,TYVIX
2007-08-20,7.38,TYVIX
2007-08-21,7.43,TYVIX
2007-08-22,7.04,TYVIX
2007-08-23,6.78,TYVIX
2007-08-24,6.45,TYVIX
2007-08-27,6.46,TYVIX
2007-08-28,6.78,TYVIX
2007-08-29,6.62,TYVIX
2007-08-30,6.88,TYVIX
2007-08-31,6.64,TYVIX
2007-09-04,6.91,TYVIX
2007-09-05,7.31,TYVIX
2007-09-06,7.05,TYVIX
2007-09-07,7.09,TYVIX
2007-09-10,7.86,TYVIX
2007-09-11,7.51,TYVIX
2007-09-12,7.53,TYVIX
2007-09-13,7.4,TYVIX
2007-09-14,7.54,TYVIX
2007-09-17,7.44,TYVIX
2007-09-18,6.89,TYVIX
2007-09-19,6.0,TYVIX
2007-09-20,6.18,TYVIX
2007-09-21,5.83,TYVIX
2007-09-24,5.84,TYVIX
2007-09-25,6.36,TYVIX
2007-09-26,6.19,TYVIX
2007-09-27,6.2,TYVIX
2007-09-28,6.2,TYVIX
2007-10-01,6.13,TYVIX
2007-10-02,5.98,TYVIX
2007-10-03,5.78,TYVIX
2007-10-04,5.75,TYVIX
2007-10-09,5.25,TYVIX
2007-10-10,5.09,TYVIX
2007-10-11,5.07,TYVIX
2007-10-12,4.92,TYVIX
2007-10-15,5.19,TYVIX
2007-10-16,5.18,TYVIX
2007-10-17,5.54,TYVIX
2007-10-18,5.23,TYVIX
2007-10-19,5.56,TYVIX
2007-10-22,5.84,TYVIX
2007-10-23,5.76,TYVIX
2007-10-24,6.44,TYVIX
2007-10-25,6.27,TYVIX
2007-10-26,6.09,TYVIX
2007-10-29,6.23,TYVIX
2007-10-30,5.95,TYVIX
2007-10-31,5.89,TYVIX
2007-11-01,6.17,TYVIX
2007-11-02,6.5,TYVIX
2007-11-05,6.46,TYVIX
2007-11-06,6.45,TYVIX
2007-11-07,6.98,TYVIX
2007-11-08,7.35,TYVIX
2007-11-13,6.62,TYVIX
2007-11-14,6.34,TYVIX
2007-11-15,7.19,TYVIX
2007-11-16,6.93,TYVIX
2007-11-19,7.43,TYVIX
2007-11-20,7.51,TYVIX
2007-11-21,8.17,TYVIX
2007-11-23,8.13,TYVIX
2007-11-26,8.97,TYVIX
2007-11-27,8.98,TYVIX
2007-11-28,8.18,TYVIX
2007-11-29,8.53,TYVIX
2007-11-30,8.18,TYVIX
2007-12-03,8.77,TYVIX
2007-12-04,8.93,TYVIX
2007-12-05,8.74,TYVIX
2007-12-06,8.26,TYVIX
2007-12-07,8.05,TYVIX
2007-12-10,8.19,TYVIX
2007-12-11,8.32,TYVIX
2007-12-12,8.15,TYVIX
2007-12-13,8.08,TYVIX
2007-12-14,7.81,TYVIX
2007-12-17,7.73,TYVIX
2007-12-18,7.94,TYVIX
2007-12-19,8.12,TYVIX
2007-12-20,8.47,TYVIX
2007-12-21,7.88,TYVIX
2007-12-24,8.33,TYVIX
2007-12-26,7.79,TYVIX
2007-12-27,7.92,TYVIX
2007-12-28,8.05,TYVIX
2007-12-31,8.48,TYVIX
2008-01-02,8.38,TYVIX
2008-01-03,8.06,TYVIX
2008-01-04,7.78,TYVIX
2008-01-07,7.59,TYVIX
2008-01-08,7.57,TYVIX
2008-01-09,7.57,TYVIX
2008-01-10,7.19,TYVIX
2008-01-11,7.54,TYVIX
2008-01-14,7.67,TYVIX
2008-01-15,7.65,TYVIX
2008-01-16,7.55,TYVIX
2008-01-17,7.7,TYVIX
2008-01-18,8.05,TYVIX
2008-01-22,9.23,TYVIX
2008-01-23,10.01,TYVIX
2008-01-24,10.28,TYVIX
2008-01-25,10.08,TYVIX
2008-01-28,10.14,TYVIX
2008-01-29,9.38,TYVIX
2008-01-30,8.63,TYVIX
2008-01-31,9.19,TYVIX
2008-02-01,8.56,TYVIX
2008-02-04,8.84,TYVIX
2008-02-05,9.22,TYVIX
2008-02-06,9.08,TYVIX
2008-02-07,8.99,TYVIX
2008-02-08,9.46,TYVIX
2008-02-11,9.56,TYVIX
2008-02-12,9.4,TYVIX
2008-02-13,9.27,TYVIX
2008-02-14,9.66,TYVIX
2008-02-15,9.62,TYVIX
2008-02-19,9.91,TYVIX
2008-02-20,10.07,TYVIX
2008-02-21,9.9,TYVIX
2008-02-22,9.99,TYVIX
2008-02-25,10.07,TYVIX
2008-02-26,9.43,TYVIX
2008-02-27,9.29,TYVIX
2008-02-28,9.47,TYVIX
2008-02-29,9.94,TYVIX
2008-03-03,10.02,TYVIX
2008-03-04,10.33,TYVIX
2008-03-05,9.85,TYVIX
2008-03-06,10.13,TYVIX
2008-03-07,10.23,TYVIX
2008-03-10,10.25,TYVIX
2008-03-11,9.51,TYVIX
2008-03-12,9.39,TYVIX
2008-03-13,9.57,TYVIX
2008-03-14,10.11,TYVIX
2008-03-17,10.84,TYVIX
2008-03-18,9.58,TYVIX
2008-03-19,9.83,TYVIX
2008-03-20,9.62,TYVIX
2008-03-24,10.14,TYVIX
2008-03-25,10.14,TYVIX
2008-03-26,9.99,TYVIX
2008-03-27,9.45,TYVIX
2008-03-28,9.13,TYVIX
2008-03-31,9.3,TYVIX
2008-04-01,9.01,TYVIX
2008-04-02,8.49,TYVIX
2008-04-03,8.18,TYVIX
2008-04-04,7.78,TYVIX
2008-04-07,7.63,TYVIX
2008-04-08,7.45,TYVIX
2008-04-09,7.72,TYVIX
2008-04-10,7.75,TYVIX
2008-04-11,7.78,TYVIX
2008-04-14,7.92,TYVIX
2008-04-15,8.19,TYVIX
2008-04-16,8.53,TYVIX
2008-04-17,8.56,TYVIX
2008-04-18,8.02,TYVIX
2008-04-21,7.86,TYVIX
2008-04-22,7.86,TYVIX
2008-04-23,7.92,TYVIX
2008-04-24,8.0,TYVIX
2008-04-25,7.88,TYVIX
2008-04-28,8.41,TYVIX
2008-04-29,8.23,TYVIX
2008-04-30,7.87,TYVIX
2008-05-01,7.46,TYVIX
2008-05-02,7.43,TYVIX
2008-05-05,7.83,TYVIX
2008-05-06,7.94,TYVIX
2008-05-07,8.02,TYVIX
2008-05-08,8.13,TYVIX
2008-05-09,8.0,TYVIX
2008-05-12,8.09,TYVIX
2008-05-13,8.13,TYVIX
2008-05-14,8.0,TYVIX
2008-05-15,7.73,TYVIX
2008-05-16,7.33,TYVIX
2008-05-19,7.61,TYVIX
2008-05-20,7.76,TYVIX
2008-05-21,7.64,TYVIX
2008-05-22,7.92,TYVIX
2008-05-23,7.99,TYVIX
2008-05-27,8.34,TYVIX
2008-05-28,8.67,TYVIX
2008-05-29,9.11,TYVIX
2008-05-30,8.72,TYVIX
2008-06-02,9.09,TYVIX
2008-06-03,9.09,TYVIX
2008-06-04,8.95,TYVIX
2008-06-05,9.06,TYVIX
2008-06-06,9.28,TYVIX
2008-06-09,10.25,TYVIX
2008-06-10,10.4,TYVIX
2008-06-11,9.64,TYVIX
2008-06-12,9.78,TYVIX
2008-06-13,10.11,TYVIX
2008-06-16,9.83,TYVIX
2008-06-17,9.28,TYVIX
2008-06-18,9.2,TYVIX
2008-06-19,8.97,TYVIX
2008-06-20,9.27,TYVIX
2008-06-23,9.42,TYVIX
2008-06-24,8.87,TYVIX
2008-06-25,8.66,TYVIX
2008-06-26,8.51,TYVIX
2008-06-27,8.33,TYVIX
2008-06-30,8.1,TYVIX
2008-07-01,8.27,TYVIX
2008-07-02,8.56,TYVIX
2008-07-03,8.01,TYVIX
2008-07-07,8.1,TYVIX
2008-07-08,7.97,TYVIX
2008-07-09,7.55,TYVIX
2008-07-10,7.95,TYVIX
2008-07-11,9.05,TYVIX
2008-07-14,8.98,TYVIX
2008-07-15,9.08,TYVIX
2008-07-16,8.81,TYVIX
2008-07-17,8.89,TYVIX
2008-07-18,8.7,TYVIX
2008-07-21,8.83,TYVIX
2008-07-22,8.55,TYVIX
2008-07-23,8.43,TYVIX
2008-07-24,7.99,TYVIX
2008-07-25,7.96,TYVIX
2008-07-28,8.33,TYVIX
2008-07-29,8.29,TYVIX
2008-07-30,8.39,TYVIX
2008-07-31,8.02,TYVIX
2008-08-01,7.79,TYVIX
2008-08-04,7.96,TYVIX
2008-08-05,7.76,TYVIX
2008-08-06,7.55,TYVIX
2008-08-07,7.49,TYVIX
2008-08-08,7.44,TYVIX
2008-08-11,7.73,TYVIX
2008-08-12,7.65,TYVIX
2008-08-13,8.05,TYVIX
2008-08-14,7.83,TYVIX
2008-08-15,7.84,TYVIX
2008-08-18,8.44,TYVIX
2008-08-19,8.25,TYVIX
2008-08-20,8.17,TYVIX
2008-08-21,8.31,TYVIX
2008-08-22,7.95,TYVIX
2008-08-25,8.34,TYVIX
2008-08-26,8.28,TYVIX
2008-08-27,8.05,TYVIX
2008-08-28,7.91,TYVIX
2008-08-29,7.88,TYVIX
2008-09-02,8.16,TYVIX
2008-09-03,7.98,TYVIX
2008-09-04,8.14,TYVIX
2008-09-05,7.74,TYVIX
2008-09-08,8.87,TYVIX
2008-09-09,9.44,TYVIX
2008-09-10,9.34,TYVIX
2008-09-11,9.58,TYVIX
2008-09-12,9.87,TYVIX
2008-09-15,11.59,TYVIX
2008-09-16,11.56,TYVIX
2008-09-17,12.04,TYVIX
2008-09-18,12.08,TYVIX
2008-09-19,11.01,TYVIX
2008-09-22,11.23,TYVIX
2008-09-23,11.38,TYVIX
2008-09-24,11.62,TYVIX
2008-09-25,11.23,TYVIX
2008-09-26,11.58,TYVIX
2008-09-29,12.88,TYVIX
2008-09-30,12.9,TYVIX
2008-10-01,12.12,TYVIX
2008-10-02,11.85,TYVIX
2008-10-03,11.19,TYVIX
2008-10-06,12.98,TYVIX
2008-10-07,12.74,TYVIX
2008-10-08,12.79,TYVIX
2008-10-09,12.86,TYVIX
2008-10-10,14.53,TYVIX
2008-10-13,13.83,TYVIX
2008-10-14,13.1,TYVIX
2008-10-15,12.71,TYVIX
2008-10-16,12.5,TYVIX
2008-10-17,11.94,TYVIX
2008-10-20,11.19,TYVIX
2008-10-21,11.97,TYVIX
2008-10-22,12.53,TYVIX
2008-10-23,13.74,TYVIX
2008-10-24,13.95,TYVIX
2008-10-27,13.88,TYVIX
2008-10-28,13.81,TYVIX
2008-10-29,12.42,TYVIX
2008-10-30,11.85,TYVIX
2008-10-31,11.53,TYVIX
2008-11-03,11.36,TYVIX
2008-11-04,12.21,TYVIX
2008-11-05,12.18,TYVIX
2008-11-06,12.09,TYVIX
2008-11-07,11.39,TYVIX
2008-11-10,11.69,TYVIX
2008-11-11,11.94,TYVIX
2008-11-12,12.57,TYVIX
2008-11-13,12.43,TYVIX
2008-11-14,13.03,TYVIX
2008-11-17,13.24,TYVIX
2008-11-18,13.56,TYVIX
2008-11-19,14.11,TYVIX
2008-11-20,14.72,TYVIX
2008-11-21,13.36,TYVIX
2008-11-24,12.81,TYVIX
2008-11-25,13.68,TYVIX
2008-11-26,13.13,TYVIX
2008-11-28,13.38,TYVIX
2008-12-01,14.28,TYVIX
2008-12-02,13.32,TYVIX
2008-12-03,13.5,TYVIX
2008-12-04,13.93,TYVIX
2008-12-05,14.47,TYVIX
2008-12-08,13.98,TYVIX
2008-12-09,14.17,TYVIX
2008-12-10,14.13,TYVIX
2008-12-11,14.19,TYVIX
2008-12-12,14.33,TYVIX
2008-12-15,14.18,TYVIX
2008-12-16,13.75,TYVIX
2008-12-17,12.26,TYVIX
2008-12-18,11.33,TYVIX
2008-12-19,12.0,TYVIX
2008-12-22,12.88,TYVIX
2008-12-23,13.52,TYVIX
2008-12-24,12.97,TYVIX
2008-12-26,13.0,TYVIX
2008-12-29,13.19,TYVIX
2008-12-30,13.21,TYVIX
2008-12-31,14.07,TYVIX
2009-01-02,14.17,TYVIX
2009-01-05,13.09,TYVIX
2009-01-06,11.74,TYVIX
2009-01-07,10.79,TYVIX
2009-01-08,10.58,TYVIX
2009-01-09,9.98,TYVIX
2009-01-12,9.9,TYVIX
2009-01-13,9.21,TYVIX
2009-01-14,9.1,TYVIX
2009-01-15,9.9,TYVIX
2009-01-16,10.75,TYVIX
2009-01-20,11.85,TYVIX
2009-01-21,11.82,TYVIX
2009-01-22,11.71,TYVIX
2009-01-23,11.57,TYVIX
2009-01-26,11.74,TYVIX
2009-01-27,11.23,TYVIX
2009-01-28,10.92,TYVIX
2009-01-29,11.31,TYVIX
2009-01-30,11.93,TYVIX
2009-02-02,12.68,TYVIX
2009-02-03,12.36,TYVIX
2009-02-04,12.49,TYVIX
2009-02-05,12.35,TYVIX
2009-02-06,12.74,TYVIX
2009-02-09,12.44,TYVIX
2009-02-10,12.46,TYVIX
2009-02-11,11.23,TYVIX
2009-02-12,11.24,TYVIX
2009-02-13,12.07,TYVIX
2009-02-17,12.7,TYVIX
2009-02-18,12.8,TYVIX
2009-02-19,13.02,TYVIX
2009-02-20,13.32,TYVIX
2009-02-23,12.99,TYVIX
2009-02-24,12.23,TYVIX
2009-02-25,11.82,TYVIX
2009-02-26,11.55,TYVIX
2009-02-27,12.02,TYVIX
2009-03-02,12.27,TYVIX
2009-03-03,12.36,TYVIX
2009-03-04,12.62,TYVIX
2009-03-05,12.35,TYVIX
2009-03-06,11.94,TYVIX
2009-03-09,12.01,TYVIX
2009-03-10,11.47,TYVIX
2009-03-11,11.14,TYVIX
2009-03-12,11.31,TYVIX
2009-03-13,11.26,TYVIX
2009-03-16,11.27,TYVIX
2009-03-17,11.92,TYVIX
2009-03-18,11.62,TYVIX
2009-03-19,8.72,TYVIX
2009-03-20,8.41,TYVIX
2009-03-23,8.9,TYVIX
2009-03-24,8.98,TYVIX
2009-03-25,9.47,TYVIX
2009-03-26,9.49,TYVIX
2009-03-27,9.05,TYVIX
2009-03-30,9.13,TYVIX
2009-03-31,8.72,TYVIX
2009-04-01,8.17,TYVIX
2009-04-02,8.16,TYVIX
2009-04-03,8.67,TYVIX
2009-04-06,8.71,TYVIX
2009-04-07,8.29,TYVIX
2009-04-08,8.01,TYVIX
2009-04-09,8.21,TYVIX
2009-04-13,8.08,TYVIX
2009-04-14,7.36,TYVIX
2009-04-15,7.09,TYVIX
2009-04-16,7.44,TYVIX
2009-04-17,7.7,TYVIX
2009-04-20,8.04,TYVIX
2009-04-21,8.5,TYVIX
2009-04-22,9.1,TYVIX
2009-04-23,8.89,TYVIX
2009-04-24,9.39,TYVIX
2009-04-27,9.38,TYVIX
2009-04-28,9.74,TYVIX
2009-04-29,9.67,TYVIX
2009-04-30,9.28,TYVIX
2009-05-01,9.43,TYVIX
2009-05-04,9.43,TYVIX
2009-05-05,8.85,TYVIX
2009-05-06,8.94,TYVIX
2009-05-07,9.33,TYVIX
2009-05-08,9.38,TYVIX
2009-05-11,9.64,TYVIX
2009-05-12,9.42,TYVIX
2009-05-13,9.46,TYVIX
2009-05-14,8.97,TYVIX
2009-05-15,8.92,TYVIX
2009-05-18,9.16,TYVIX
2009-05-19,9.34,TYVIX
2009-05-20,9.37,TYVIX
2009-05-21,10.25,TYVIX
2009-05-22,10.98,TYVIX
2009-05-26,11.62,TYVIX
2009-05-27,12.29,TYVIX
2009-05-28,11.88,TYVIX
2009-05-29,10.96,TYVIX
2009-06-01,12.96,TYVIX
2009-06-02,11.85,TYVIX
2009-06-03,10.95,TYVIX
2009-06-04,10.97,TYVIX
2009-06-05,11.14,TYVIX
2009-06-08,11.78,TYVIX
2009-06-09,11.58,TYVIX
2009-06-10,11.88,TYVIX
2009-06-11,11.5,TYVIX
2009-06-12,11.22,TYVIX
2009-06-15,11.16,TYVIX
2009-06-16,11.14,TYVIX
2009-06-17,11.35,TYVIX
2009-06-18,12.13,TYVIX
2009-06-19,12.01,TYVIX
2009-06-22,12.12,TYVIX
2009-06-23,11.63,TYVIX
2009-06-24,10.98,TYVIX
2009-06-25,10.09,TYVIX
2009-06-26,10.05,TYVIX
2009-06-29,10.24,TYVIX
2009-06-30,10.44,TYVIX
2009-07-01,10.3,TYVIX
2009-07-02,9.18,TYVIX
2009-07-06,9.72,TYVIX
2009-07-07,9.86,TYVIX
2009-07-08,9.6,TYVIX
2009-07-09,9.57,TYVIX
2009-07-10,9.7,TYVIX
2009-07-13,10.03,TYVIX
2009-07-14,10.69,TYVIX
2009-07-15,10.89,TYVIX
2009-07-16,10.58,TYVIX
2009-07-17,10.72,TYVIX
2009-07-20,10.64,TYVIX
2009-07-21,10.16,TYVIX
2009-07-22,9.91,TYVIX
2009-07-23,10.34,TYVIX
2009-07-24,9.97,TYVIX
2009-07-27,10.42,TYVIX
2009-07-28,10.13,TYVIX
2009-07-29,9.78,TYVIX
2009-07-30,9.83,TYVIX
2009-07-31,9.75,TYVIX
2009-08-03,10.53,TYVIX
2009-08-04,10.46,TYVIX
2009-08-05,10.54,TYVIX
2009-08-06,10.84,TYVIX
2009-08-07,10.59,TYVIX
2009-08-10,10.51,TYVIX
2009-08-11,10.76,TYVIX
2009-08-12,10.56,TYVIX
2009-08-13,10.02,TYVIX
2009-08-14,9.47,TYVIX
2009-08-17,9.94,TYVIX
2009-08-18,9.36,TYVIX
2009-08-19,9.55,TYVIX
2009-08-20,8.92,TYVIX
2009-08-21,9.05,TYVIX
2009-08-24,8.69,TYVIX
2009-08-25,8.61,TYVIX
2009-08-26,8.14,TYVIX
2009-08-27,8.01,TYVIX
2009-08-28,8.13,TYVIX
2009-08-31,8.41,TYVIX
2009-09-01,8.83,TYVIX
2009-09-02,8.32,TYVIX
2009-09-03,8.3,TYVIX
2009-09-04,8.25,TYVIX
2009-09-08,8.42,TYVIX
2009-09-09,8.26,TYVIX
2009-09-10,8.11,TYVIX
2009-09-11,8.1,TYVIX
2009-09-14,8.37,TYVIX
2009-09-15,8.37,TYVIX
2009-09-16,8.69,TYVIX
2009-09-17,8.4,TYVIX
2009-09-18,8.16,TYVIX
2009-09-21,8.17,TYVIX
2009-09-22,8.08,TYVIX
2009-09-23,7.79,TYVIX
2009-09-24,7.46,TYVIX
2009-09-25,7.51,TYVIX
2009-09-28,7.82,TYVIX
2009-09-29,7.87,TYVIX
2009-09-30,7.99,TYVIX
2009-10-01,8.19,TYVIX
2009-10-02,7.56,TYVIX
2009-10-05,7.47,TYVIX
2009-10-06,7.38,TYVIX
2009-10-07,7.0,TYVIX
2009-10-08,7.05,TYVIX
2009-10-09,7.56,TYVIX
2009-10-12,7.75,TYVIX
2009-10-13,7.62,TYVIX
2009-10-14,8.23,TYVIX
2009-10-15,8.52,TYVIX
2009-10-16,8.05,TYVIX
2009-10-19,8.03,TYVIX
2009-10-20,7.57,TYVIX
2009-10-21,7.82,TYVIX
2009-10-22,7.74,TYVIX
2009-10-23,7.99,TYVIX
2009-10-26,8.32,TYVIX
2009-10-27,7.86,TYVIX
2009-10-28,7.62,TYVIX
2009-10-29,7.9,TYVIX
2009-10-30,7.78,TYVIX
2009-11-02,7.89,TYVIX
2009-11-03,8.05,TYVIX
2009-11-04,7.85,TYVIX
2009-11-05,7.56,TYVIX
2009-11-06,7.14,TYVIX
2009-11-09,7.15,TYVIX
2009-11-10,7.08,TYVIX
2009-11-11,6.96,TYVIX
2009-11-12,6.77,TYVIX
2009-11-13,6.66,TYVIX
2009-11-16,6.28,TYVIX
2009-11-17,6.08,TYVIX
2009-11-18,6.03,TYVIX
2009-11-19,6.14,TYVIX
2009-11-20,6.1,TYVIX
2009-11-23,6.03,TYVIX
2009-11-24,5.98,TYVIX
2009-11-25,6.08,TYVIX
2009-11-27,6.29,TYVIX
2009-11-30,6.32,TYVIX
2009-12-01,6.41,TYVIX
2009-12-02,6.59,TYVIX
2009-12-03,6.73,TYVIX
2009-12-04,6.91,TYVIX
2009-12-07,6.7,TYVIX
2009-12-08,6.45,TYVIX
2009-12-09,6.4,TYVIX
2009-12-10,6.48,TYVIX
2009-12-11,6.8,TYVIX
2009-12-14,6.66,TYVIX
2009-12-15,6.5,TYVIX
2009-12-16,6.02,TYVIX
2009-12-17,6.1,TYVIX
2009-12-18,6.02,TYVIX
2009-12-21,6.35,TYVIX
2009-12-22,6.86,TYVIX
2009-12-23,6.62,TYVIX
2009-12-24,7.06,TYVIX
2009-12-28,7.68,TYVIX
2009-12-29,7.47,TYVIX
2009-12-30,6.96,TYVIX
2009-12-31,7.01,TYVIX
2010-01-04,7.2,TYVIX
2010-01-05,6.95,TYVIX
2010-01-06,7.1,TYVIX
2010-01-07,7.06,TYVIX
2010-01-08,6.49,TYVIX
2010-01-11,6.48,TYVIX
2010-01-12,6.66,TYVIX
2010-01-13,6.8,TYVIX
2010-01-14,6.5,TYVIX
2010-01-15,6.46,TYVIX
2010-01-19,6.45,TYVIX
2010-01-20,6.23,TYVIX
2010-01-21,6.2,TYVIX
2010-01-22,6.34,TYVIX
2010-01-25,6.46,TYVIX
2010-01-26,6.21,TYVIX
2010-01-27,6.25,TYVIX
2010-01-28,6.13,TYVIX
2010-01-29,6.04,TYVIX
2010-02-01,6.32,TYVIX
2010-02-02,6.09,TYVIX
2010-02-03,6.23,TYVIX
2010-02-04,6.51,TYVIX
2010-02-05,6.26,TYVIX
2010-02-08,6.42,TYVIX
2010-02-09,6.59,TYVIX
2010-02-10,6.65,TYVIX
2010-02-11,6.54,TYVIX
2010-02-12,6.28,TYVIX
2010-02-16,6.4,TYVIX
2010-02-17,6.47,TYVIX
2010-02-18,6.32,TYVIX
2010-02-19,6.11,TYVIX
2010-02-22,5.89,TYVIX
2010-02-23,5.94,TYVIX
2010-02-24,5.94,TYVIX
2010-02-25,6.09,TYVIX
2010-02-26,5.99,TYVIX
2010-03-01,6.18,TYVIX
2010-03-02,6.07,TYVIX
2010-03-03,5.84,TYVIX
2010-03-04,5.42,TYVIX
2010-03-05,5.34,TYVIX
2010-03-08,5.47,TYVIX
2010-03-09,5.3,TYVIX
2010-03-10,5.31,TYVIX
2010-03-11,5.31,TYVIX
2010-03-12,5.28,TYVIX
2010-03-15,5.41,TYVIX
2010-03-16,5.17,TYVIX
2010-03-17,5.09,TYVIX
2010-03-18,5.4,TYVIX
2010-03-19,5.53,TYVIX
2010-03-22,5.43,TYVIX
2010-03-23,5.58,TYVIX
2010-03-24,6.54,TYVIX
2010-03-25,6.62,TYVIX
2010-03-26,6.32,TYVIX
2010-03-29,6.48,TYVIX
2010-03-30,6.48,TYVIX
2010-03-31,6.3,TYVIX
2010-04-01,6.52,TYVIX
2010-04-05,6.38,TYVIX
2010-04-06,6.31,TYVIX
2010-04-07,6.23,TYVIX
2010-04-08,6.24,TYVIX
2010-04-09,6.05,TYVIX
2010-04-12,6.2,TYVIX
2010-04-13,5.81,TYVIX
2010-04-14,5.9,TYVIX
2010-04-15,5.91,TYVIX
2010-04-16,6.06,TYVIX
2010-04-19,5.85,TYVIX
2010-04-20,5.71,TYVIX
2010-04-21,5.74,TYVIX
2010-04-22,5.89,TYVIX
2010-04-23,5.79,TYVIX
2010-04-26,6.06,TYVIX
2010-04-27,6.56,TYVIX
2010-04-28,6.62,TYVIX
2010-04-29,6.22,TYVIX
2010-04-30,6.25,TYVIX
2010-05-03,6.2,TYVIX
2010-05-04,6.87,TYVIX
2010-05-05,7.03,TYVIX
2010-05-06,10.33,TYVIX
2010-05-07,9.45,TYVIX
2010-05-10,8.07,TYVIX
2010-05-11,7.58,TYVIX
2010-05-12,7.54,TYVIX
2010-05-13,7.53,TYVIX
2010-05-14,8.24,TYVIX
2010-05-17,8.39,TYVIX
2010-05-18,8.87,TYVIX
2010-05-19,8.72,TYVIX
2010-05-20,9.87,TYVIX
2010-05-21,9.45,TYVIX
2010-05-24,8.96,TYVIX
2010-05-25,9.41,TYVIX
2010-05-26,8.81,TYVIX
2010-05-27,8.65,TYVIX
2010-05-28,8.94,TYVIX
2010-06-01,8.74,TYVIX
2010-06-02,8.07,TYVIX
2010-06-03,7.94,TYVIX
2010-06-04,8.04,TYVIX
2010-06-07,8.47,TYVIX
2010-06-08,8.78,TYVIX
2010-06-09,8.43,TYVIX
2010-06-10,8.17,TYVIX
2010-06-11,8.18,TYVIX
2010-06-14,8.13,TYVIX
2010-06-15,7.85,TYVIX
2010-06-16,7.69,TYVIX
2010-06-17,7.77,TYVIX
2010-06-18,7.39,TYVIX
2010-06-21,7.27,TYVIX
2010-06-22,7.42,TYVIX
2010-06-23,7.09,TYVIX
2010-06-24,7.07,TYVIX
2010-06-25,7.05,TYVIX
2010-06-28,7.29,TYVIX
2010-06-29,7.57,TYVIX
2010-06-30,7.38,TYVIX
2010-07-01,7.77,TYVIX
2010-07-02,7.14,TYVIX
2010-07-06,7.2,TYVIX
2010-07-07,6.9,TYVIX
2010-07-08,6.84,TYVIX
2010-07-09,6.52,TYVIX
2010-07-12,6.45,TYVIX
2010-07-13,6.57,TYVIX
2010-07-14,6.34,TYVIX
2010-07-15,6.25,TYVIX
2010-07-16,6.2,TYVIX
2010-07-19,5.89,TYVIX
2010-07-20,6.02,TYVIX
2010-07-21,5.9,TYVIX
2010-07-22,5.68,TYVIX
2010-07-23,5.84,TYVIX
2010-07-26,5.64,TYVIX
2010-07-27,5.89,TYVIX
2010-07-28,5.9,TYVIX
2010-07-29,5.9,TYVIX
2010-07-30,6.25,TYVIX
2010-08-02,6.45,TYVIX
2010-08-03,6.85,TYVIX
2010-08-04,6.6,TYVIX
2010-08-05,6.33,TYVIX
2010-08-06,6.23,TYVIX
2010-08-09,6.42,TYVIX
2010-08-10,6.17,TYVIX
2010-08-11,6.11,TYVIX
2010-08-12,6.36,TYVIX
2010-08-13,6.04,TYVIX
2010-08-16,6.52,TYVIX
2010-08-17,6.43,TYVIX
2010-08-18,6.38,TYVIX
2010-08-19,6.65,TYVIX
2010-08-20,6.94,TYVIX
2010-08-23,6.83,TYVIX
2010-08-24,7.16,TYVIX
2010-08-25,7.81,TYVIX
2010-08-26,7.94,TYVIX
2010-08-27,8.42,TYVIX
2010-08-30,8.23,TYVIX
2010-08-31,7.8,TYVIX
2010-09-01,7.97,TYVIX
2010-09-02,7.49,TYVIX
2010-09-03,6.98,TYVIX
2010-09-07,7.36,TYVIX
2010-09-08,7.16,TYVIX
2010-09-09,7.46,TYVIX
2010-09-10,7.46,TYVIX
2010-09-13,7.42,TYVIX
2010-09-14,7.49,TYVIX
2010-09-15,7.44,TYVIX
2010-09-16,7.32,TYVIX
2010-09-17,7.26,TYVIX
2010-09-20,7.56,TYVIX
2010-09-21,7.06,TYVIX
2010-09-22,6.72,TYVIX
2010-09-23,6.49,TYVIX
2010-09-24,6.43,TYVIX
2010-09-27,6.64,TYVIX
2010-09-28,6.59,TYVIX
2010-09-29,6.7,TYVIX
2010-09-30,6.74,TYVIX
2010-10-01,6.8,TYVIX
2010-10-04,6.82,TYVIX
2010-10-05,6.37,TYVIX
2010-10-06,6.3,TYVIX
2010-10-07,6.26,TYVIX
2010-10-08,5.75,TYVIX
2010-10-11,5.85,TYVIX
2010-10-12,6.14,TYVIX
2010-10-13,6.15,TYVIX
2010-10-14,6.46,TYVIX
2010-10-15,6.59,TYVIX
2010-10-18,6.18,TYVIX
2010-10-19,6.18,TYVIX
2010-10-20,6.19,TYVIX
2010-10-21,6.37,TYVIX
2010-10-22,6.37,TYVIX
2010-10-25,6.68,TYVIX
2010-10-26,7.18,TYVIX
2010-10-27,7.26,TYVIX
2010-10-28,7.19,TYVIX
2010-10-29,7.25,TYVIX
2010-11-01,7.39,TYVIX
2010-11-02,7.31,TYVIX
2010-11-03,6.46,TYVIX
2010-11-04,6.13,TYVIX
2010-11-05,6.03,TYVIX
2010-11-08,6.24,TYVIX
2010-11-09,6.63,TYVIX
2010-11-10,6.84,TYVIX
2010-11-11,7.09,TYVIX
2010-11-12,7.57,TYVIX
2010-11-15,8.6,TYVIX
2010-11-16,8.14,TYVIX
2010-11-17,7.56,TYVIX
2010-11-18,8.06,TYVIX
2010-11-19,7.52,TYVIX
2010-11-22,7.45,TYVIX
2010-11-23,7.8,TYVIX
2010-11-24,8.36,TYVIX
2010-11-26,8.48,TYVIX
2010-11-29,8.41,TYVIX
2010-11-30,8.31,TYVIX
2010-12-01,8.89,TYVIX
2010-12-02,8.55,TYVIX
2010-12-03,8.17,TYVIX
2010-12-06,8.07,TYVIX
2010-12-07,9.06,TYVIX
2010-12-08,8.95,TYVIX
2010-12-09,8.48,TYVIX
2010-12-10,8.4,TYVIX
2010-12-13,8.43,TYVIX
2010-12-14,9.26,TYVIX
2010-12-15,9.93,TYVIX
2010-12-16,9.66,TYVIX
2010-12-17,8.94,TYVIX
2010-12-20,8.74,TYVIX
2010-12-21,7.88,TYVIX
2010-12-22,7.92,TYVIX
2010-12-23,8.35,TYVIX
2010-12-27,8.54,TYVIX
2010-12-28,8.82,TYVIX
2010-12-29,8.75,TYVIX
2010-12-30,8.74,TYVIX
2010-12-31,8.64,TYVIX
2011-01-03,8.63,TYVIX
2011-01-04,8.4,TYVIX
2011-01-05,8.85,TYVIX
2011-01-06,8.91,TYVIX
2011-01-07,8.08,TYVIX
2011-01-10,7.99,TYVIX
2011-01-11,7.94,TYVIX
2011-01-12,7.75,TYVIX
2011-01-13,7.7,TYVIX
2011-01-14,7.66,TYVIX
2011-01-18,8.1,TYVIX
2011-01-19,7.7,TYVIX
2011-01-20,7.94,TYVIX
2011-01-21,7.6,TYVIX
2011-01-24,7.68,TYVIX
2011-01-25,7.54,TYVIX
2011-01-26,7.6,TYVIX
2011-01-27,7.47,TYVIX
2011-01-28,7.84,TYVIX
2011-01-31,8.29,TYVIX
2011-02-01,8.03,TYVIX
2011-02-02,8.25,TYVIX
2011-02-03,8.21,TYVIX
2011-02-04,8.03,TYVIX
2011-02-07,8.04,TYVIX
2011-02-08,7.99,TYVIX
2011-02-09,7.66,TYVIX
2011-02-10,7.68,TYVIX
2011-02-11,7.51,TYVIX
2011-02-14,7.34,TYVIX
2011-02-15,7.45,TYVIX
2011-02-16,7.4,TYVIX
2011-02-17,7.34,TYVIX
2011-02-18,7.24,TYVIX
2011-02-22,8.14,TYVIX
2011-02-23,7.8,TYVIX
2011-02-24,7.91,TYVIX
2011-02-25,7.49,TYVIX
2011-02-28,7.52,TYVIX
2011-03-01,7.77,TYVIX
2011-03-02,7.94,TYVIX
2011-03-03,7.82,TYVIX
2011-03-04,7.49,TYVIX
2011-03-07,7.4,TYVIX
2011-03-08,7.35,TYVIX
2011-03-09,7.17,TYVIX
2011-03-10,7.31,TYVIX
2011-03-11,7.15,TYVIX
2011-03-14,7.45,TYVIX
2011-03-15,8.03,TYVIX
2011-03-16,8.96,TYVIX
2011-03-17,8.65,TYVIX
2011-03-18,8.33,TYVIX
2011-03-21,8.14,TYVIX
2011-03-22,7.53,TYVIX
2011-03-23,7.51,TYVIX
2011-03-24,7.28,TYVIX
2011-03-25,7.55,TYVIX
2011-03-28,7.63,TYVIX
2011-03-29,7.36,TYVIX
2011-03-30,7.24,TYVIX
2011-03-31,7.16,TYVIX
2011-04-01,6.75,TYVIX
2011-04-04,6.65,TYVIX
2011-04-05,6.7,TYVIX
2011-04-06,6.79,TYVIX
2011-04-07,6.67,TYVIX
2011-04-08,6.63,TYVIX
2011-04-11,6.64,TYVIX
2011-04-12,6.46,TYVIX
2011-04-13,6.36,TYVIX
2011-04-14,6.32,TYVIX
2011-04-15,6.36,TYVIX
2011-04-18,6.54,TYVIX
2011-04-19,5.93,TYVIX
2011-04-20,6.23,TYVIX
2011-04-21,6.17,TYVIX
2011-04-25,6.43,TYVIX
2011-04-26,6.36,TYVIX
2011-04-27,6.17,TYVIX
2011-04-28,5.93,TYVIX
2011-04-29,5.91,TYVIX
2011-05-02,6.06,TYVIX
2011-05-03,6.1,TYVIX
2011-05-04,6.12,TYVIX
2011-05-05,6.31,TYVIX
2011-05-06,6.5,TYVIX
2011-05-09,6.49,TYVIX
2011-05-10,6.18,TYVIX
2011-05-11,6.49,TYVIX
2011-05-12,6.29,TYVIX
2011-05-13,6.3,TYVIX
2011-05-16,6.23,TYVIX
2011-05-17,5.95,TYVIX
2011-05-18,5.75,TYVIX
2011-05-19,5.99,TYVIX
2011-05-20,5.78,TYVIX
2011-05-23,5.77,TYVIX
2011-05-24,5.76,TYVIX
2011-05-25,5.7,TYVIX
2011-05-26,5.68,TYVIX
2011-05-27,5.94,TYVIX
2011-05-31,6.07,TYVIX
2011-06-01,6.11,TYVIX
2011-06-02,6.49,TYVIX
2011-06-03,6.16,TYVIX
2011-06-06,6.36,TYVIX
2011-06-07,6.2,TYVIX
2011-06-08,6.27,TYVIX
2011-06-09,6.45,TYVIX
2011-06-10,6.29,TYVIX
2011-06-13,6.35,TYVIX
2011-06-14,6.89,TYVIX
2011-06-15,7.39,TYVIX
2011-06-16,7.87,TYVIX
2011-06-17,7.76,TYVIX
2011-06-20,7.68,TYVIX
2011-06-21,7.5,TYVIX
2011-06-22,7.05,TYVIX
2011-06-23,7.45,TYVIX
2011-06-24,7.46,TYVIX
2011-06-27,7.62,TYVIX
2011-06-28,8.1,TYVIX
2011-06-29,7.73,TYVIX
2011-06-30,7.85,TYVIX
2011-07-01,7.71,TYVIX
2011-07-05,7.76,TYVIX
2011-07-06,7.89,TYVIX
2011-07-07,7.83,TYVIX
2011-07-08,7.07,TYVIX
2011-07-11,7.78,TYVIX
2011-07-12,7.99,TYVIX
2011-07-13,7.94,TYVIX
2011-07-14,8.17,TYVIX
2011-07-15,8.36,TYVIX
2011-07-18,8.6,TYVIX
2011-07-19,8.2,TYVIX
2011-07-20,7.98,TYVIX
2011-07-21,8.83,TYVIX
2011-07-22,8.0,TYVIX
2011-07-25,8.62,TYVIX
2011-07-26,8.44,TYVIX
2011-07-27,8.71,TYVIX
2011-07-28,8.02,TYVIX
2011-07-29,8.32,TYVIX
2011-08-01,7.84,TYVIX
2011-08-02,7.72,TYVIX
2011-08-03,7.5,TYVIX
2011-08-04,7.64,TYVIX
2011-08-05,8.09,TYVIX
2011-08-08,9.57,TYVIX
2011-08-09,9.27,TYVIX
2011-08-10,8.8,TYVIX
2011-08-11,9.11,TYVIX
2011-08-12,8.6,TYVIX
2011-08-15,8.21,TYVIX
2011-08-16,7.82,TYVIX
2011-08-17,7.32,TYVIX
2011-08-18,7.85,TYVIX
2011-08-19,7.9,TYVIX
2011-08-22,8.34,TYVIX
2011-08-23,8.55,TYVIX
2011-08-24,8.88,TYVIX
2011-08-25,9.04,TYVIX
2011-08-26,8.17,TYVIX
2011-08-29,7.91,TYVIX
2011-08-30,8.21,TYVIX
2011-08-31,7.75,TYVIX
2011-09-01,7.88,TYVIX
2011-09-02,7.48,TYVIX
2011-09-06,7.74,TYVIX
2011-09-07,7.44,TYVIX
2011-09-08,7.18,TYVIX
2011-09-09,7.46,TYVIX
2011-09-12,7.55,TYVIX
2011-09-13,7.46,TYVIX
2011-09-14,7.32,TYVIX
2011-09-15,7.47,TYVIX
2011-09-16,7.54,TYVIX
2011-09-19,7.54,TYVIX
2011-09-20,7.67,TYVIX
2011-09-21,6.97,TYVIX
2011-09-22,7.41,TYVIX
2011-09-23,7.59,TYVIX
2011-09-26,7.93,TYVIX
2011-09-27,8.06,TYVIX
2011-09-28,7.69,TYVIX
2011-09-29,7.3,TYVIX
2011-09-30,7.24,TYVIX
2011-10-03,7.53,TYVIX
2011-10-04,7.81,TYVIX
2011-10-05,7.92,TYVIX
2011-10-06,7.92,TYVIX
2011-10-07,8.14,TYVIX
2011-10-10,8.59,TYVIX
2011-10-11,8.44,TYVIX
2011-10-12,8.49,TYVIX
2011-10-13,8.38,TYVIX
2011-10-14,8.31,TYVIX
2011-10-17,8.41,TYVIX
2011-10-18,8.28,TYVIX
2011-10-19,8.18,TYVIX
2011-10-20,8.13,TYVIX
2011-10-21,8.3,TYVIX
2011-10-24,8.21,TYVIX
2011-10-25,8.09,TYVIX
2011-10-26,8.07,TYVIX
2011-10-27,8.11,TYVIX
2011-10-28,8.1,TYVIX
2011-10-31,8.31,TYVIX
2011-11-01,9.45,TYVIX
2011-11-02,8.54,TYVIX
2011-11-03,8.42,TYVIX
2011-11-04,7.94,TYVIX
2011-11-07,8.08,TYVIX
2011-11-08,8.11,TYVIX
2011-11-09,8.3,TYVIX
2011-11-10,8.43,TYVIX
2011-11-11,8.53,TYVIX
2011-11-14,8.53,TYVIX
2011-11-15,8.3,TYVIX
2011-11-16,8.01,TYVIX
2011-11-17,8.46,TYVIX
2011-11-18,8.17,TYVIX
2011-11-21,8.35,TYVIX
2011-11-22,7.95,TYVIX
2011-11-23,8.13,TYVIX
2011-11-25,7.93,TYVIX
2011-11-28,8.35,TYVIX
2011-11-29,8.32,TYVIX
2011-11-30,7.92,TYVIX
2011-12-01,7.55,TYVIX
2011-12-02,7.23,TYVIX
2011-12-05,7.15,TYVIX
2011-12-06,6.84,TYVIX
2011-12-07,6.99,TYVIX
2011-12-08,7.02,TYVIX
2011-12-09,7.2,TYVIX
2011-12-12,7.26,TYVIX
2011-12-13,6.8,TYVIX
2011-12-14,6.74,TYVIX
2011-12-15,6.19,TYVIX
2011-12-16,6.28,TYVIX
2011-12-19,6.0,TYVIX
2011-12-20,6.25,TYVIX
2011-12-21,6.19,TYVIX
2011-12-22,5.94,TYVIX
2011-12-23,6.2,TYVIX
2011-12-27,6.35,TYVIX
2011-12-28,6.26,TYVIX
2011-12-29,6.05,TYVIX
2011-12-30,5.75,TYVIX
2012-01-03,6.02,TYVIX
2012-01-04,5.94,TYVIX
2012-01-05,6.01,TYVIX
2012-01-06,5.57,TYVIX
2012-01-09,5.53,TYVIX
2012-01-10,5.61,TYVIX
2012-01-11,5.45,TYVIX
2012-01-12,5.31,TYVIX
2012-01-13,5.45,TYVIX
2012-01-17,5.36,TYVIX
2012-01-18,5.32,TYVIX
2012-01-19,5.76,TYVIX
2012-01-20,6.23,TYVIX
2012-01-23,6.42,TYVIX
2012-01-24,6.07,TYVIX
2012-01-25,5.67,TYVIX
2012-01-26,5.46,TYVIX
2012-01-27,5.17,TYVIX
2012-01-30,5.46,TYVIX
2012-01-31,5.41,TYVIX
2012-02-01,5.27,TYVIX
2012-02-02,5.06,TYVIX
2012-02-03,5.6,TYVIX
2012-02-06,5.52,TYVIX
2012-02-07,5.85,TYVIX
2012-02-08,5.91,TYVIX
2012-02-09,5.88,TYVIX
2012-02-10,5.82,TYVIX
2012-02-13,5.91,TYVIX
2012-02-14,5.78,TYVIX
2012-02-15,5.56,TYVIX
2012-02-16,5.93,TYVIX
2012-02-17,5.91,TYVIX
2012-02-21,6.12,TYVIX
2012-02-22,6.08,TYVIX
2012-02-23,5.89,TYVIX
2012-02-24,5.56,TYVIX
2012-02-27,5.5,TYVIX
2012-02-28,5.34,TYVIX
2012-02-29,5.71,TYVIX
2012-03-01,5.78,TYVIX
2012-03-02,5.46,TYVIX
2012-03-05,5.68,TYVIX
2012-03-06,5.61,TYVIX
2012-03-07,5.44,TYVIX
2012-03-08,5.59,TYVIX
2012-03-09,5.18,TYVIX
2012-03-12,5.1,TYVIX
2012-03-13,5.41,TYVIX
2012-03-14,6.54,TYVIX
2012-03-15,6.04,TYVIX
2012-03-16,6.38,TYVIX
2012-03-19,7.07,TYVIX
2012-03-20,7.22,TYVIX
2012-03-21,6.74,TYVIX
2012-03-22,6.57,TYVIX
2012-03-23,6.49,TYVIX
2012-03-26,6.55,TYVIX
2012-03-27,6.16,TYVIX
2012-03-28,5.86,TYVIX
2012-03-29,5.7,TYVIX
2012-03-30,6.05,TYVIX
2012-04-02,6.05,TYVIX
2012-04-03,6.67,TYVIX
2012-04-04,6.53,TYVIX
2012-04-05,6.32,TYVIX
2012-04-09,5.71,TYVIX
2012-04-10,5.76,TYVIX
2012-04-11,5.84,TYVIX
2012-04-12,5.79,TYVIX
2012-04-13,5.68,TYVIX
2012-04-16,5.73,TYVIX
2012-04-17,5.57,TYVIX
2012-04-18,5.47,TYVIX
2012-04-19,5.45,TYVIX
2012-04-20,5.14,TYVIX
2012-04-23,5.37,TYVIX
2012-04-24,5.35,TYVIX
2012-04-25,5.26,TYVIX
2012-04-26,4.87,TYVIX
2012-04-27,4.87,TYVIX
2012-04-30,4.98,TYVIX
2012-05-01,5.3,TYVIX
2012-05-02,5.19,TYVIX
2012-05-03,4.95,TYVIX
2012-05-04,4.41,TYVIX
2012-05-07,4.58,TYVIX
2012-05-08,4.75,TYVIX
2012-05-09,4.92,TYVIX
2012-05-10,4.63,TYVIX
2012-05-11,5.0,TYVIX
2012-05-14,5.81,TYVIX
2012-05-15,5.22,TYVIX
2012-05-16,5.34,TYVIX
2012-05-17,5.42,TYVIX
2012-05-18,5.46,TYVIX
2012-05-21,5.72,TYVIX
2012-05-22,5.45,TYVIX
2012-05-23,5.75,TYVIX
2012-05-24,5.6,TYVIX
2012-05-25,5.37,TYVIX
2012-05-29,5.39,TYVIX
2012-05-30,5.72,TYVIX
2012-05-31,6.0,TYVIX
2012-06-01,6.74,TYVIX
2012-06-04,6.49,TYVIX
2012-06-05,6.22,TYVIX
2012-06-06,6.33,TYVIX
2012-06-07,5.92,TYVIX
2012-06-08,6.05,TYVIX
2012-06-11,6.38,TYVIX
2012-06-12,6.68,TYVIX
2012-06-13,6.91,TYVIX
2012-06-14,6.74,TYVIX
2012-06-15,6.82,TYVIX
2012-06-18,6.47,TYVIX
2012-06-19,6.36,TYVIX
2012-06-20,5.74,TYVIX
2012-06-21,5.26,TYVIX
2012-06-22,5.17,TYVIX
2012-06-25,5.16,TYVIX
2012-06-26,4.99,TYVIX
2012-06-27,4.91,TYVIX
2012-06-28,4.93,TYVIX
2012-06-29,5.05,TYVIX
2012-07-02,4.91,TYVIX
2012-07-03,5.05,TYVIX
2012-07-05,5.03,TYVIX
2012-07-06,4.65,TYVIX
2012-07-09,4.66,TYVIX
2012-07-10,4.7,TYVIX
2012-07-11,4.74,TYVIX
2012-07-12,4.5,TYVIX
2012-07-13,4.31,TYVIX
2012-07-16,4.43,TYVIX
2012-07-17,4.43,TYVIX
2012-07-18,4.27,TYVIX
2012-07-19,4.32,TYVIX
2012-07-20,4.22,TYVIX
2012-07-23,4.54,TYVIX
2012-07-24,4.67,TYVIX
2012-07-25,4.67,TYVIX
2012-07-26,4.71,TYVIX
2012-07-27,4.99,TYVIX
2012-07-30,5.02,TYVIX
2012-07-31,5.11,TYVIX
2012-08-01,5.09,TYVIX
2012-08-02,4.66,TYVIX
2012-08-03,4.88,TYVIX
2012-08-06,4.87,TYVIX
2012-08-07,4.98,TYVIX
2012-08-08,5.03,TYVIX
2012-08-09,4.95,TYVIX
2012-08-10,4.71,TYVIX
2012-08-13,4.81,TYVIX
2012-08-14,5.01,TYVIX
2012-08-15,5.25,TYVIX
2012-08-16,5.47,TYVIX
2012-08-17,5.18,TYVIX
2012-08-20,5.36,TYVIX
2012-08-21,5.2,TYVIX
2012-08-22,4.95,TYVIX
2012-08-23,4.84,TYVIX
2012-08-24,4.83,TYVIX
2012-08-27,4.87,TYVIX
2012-08-28,4.84,TYVIX
2012-08-29,4.9,TYVIX
2012-08-30,5.18,TYVIX
2012-08-31,4.91,TYVIX
2012-09-04,5.06,TYVIX
2012-09-05,5.03,TYVIX
2012-09-06,5.18,TYVIX
2012-09-07,4.95,TYVIX
2012-09-10,5.31,TYVIX
2012-09-11,5.3,TYVIX
2012-09-12,5.38,TYVIX
2012-09-13,4.97,TYVIX
2012-09-14,5.35,TYVIX
2012-09-17,4.99,TYVIX
2012-09-18,4.33,TYVIX
2012-09-19,4.27,TYVIX
2012-09-20,4.31,TYVIX
2012-09-21,4.09,TYVIX
2012-09-24,4.15,TYVIX
2012-09-25,4.13,TYVIX
2012-09-26,4.25,TYVIX
2012-09-27,4.33,TYVIX
2012-09-28,4.44,TYVIX
2012-10-01,4.49,TYVIX
2012-10-02,4.33,TYVIX
2012-10-03,4.37,TYVIX
2012-10-04,4.45,TYVIX
2012-10-05,4.36,TYVIX
2012-10-08,4.34,TYVIX
2012-10-09,4.42,TYVIX
2012-10-10,4.43,TYVIX
2012-10-11,4.4,TYVIX
2012-10-12,4.5,TYVIX
2012-10-15,4.63,TYVIX
2012-10-16,4.92,TYVIX
2012-10-17,5.33,TYVIX
2012-10-18,5.24,TYVIX
2012-10-19,5.05,TYVIX
2012-10-22,5.35,TYVIX
2012-10-23,5.22,TYVIX
2012-10-24,5.11,TYVIX
2012-10-25,5.73,TYVIX
2012-10-26,5.57,TYVIX
2012-10-31,5.49,TYVIX
2012-11-01,5.67,TYVIX
2012-11-02,5.42,TYVIX
2012-11-05,5.13,TYVIX
2012-11-06,5.54,TYVIX
2012-11-07,4.64,TYVIX
2012-11-08,4.24,TYVIX
2012-11-09,4.17,TYVIX
2012-11-12,4.28,TYVIX
2012-11-13,4.31,TYVIX
2012-11-14,4.4,TYVIX
2012-11-15,4.39,TYVIX
2012-11-16,4.41,TYVIX
2012-11-19,4.35,TYVIX
2012-11-20,4.26,TYVIX
2012-11-21,4.38,TYVIX
2012-11-23,4.45,TYVIX
2012-11-26,4.14,TYVIX
2012-11-27,3.97,TYVIX
2012-11-28,4.02,TYVIX
2012-11-29,4.08,TYVIX
2012-11-30,4.03,TYVIX
2012-12-03,4.06,TYVIX
2012-12-04,4.0,TYVIX
2012-12-05,3.95,TYVIX
2012-12-06,3.97,TYVIX
2012-12-07,4.07,TYVIX
2012-12-10,4.18,TYVIX
2012-12-11,4.19,TYVIX
2012-12-12,4.15,TYVIX
2012-12-13,4.39,TYVIX
2012-12-14,4.2,TYVIX
2012-12-17,4.46,TYVIX
2012-12-18,4.79,TYVIX
2012-12-19,4.38,TYVIX
2012-12-20,4.29,TYVIX
2012-12-21,4.08,TYVIX
2012-12-24,4.48,TYVIX
2012-12-26,4.11,TYVIX
2012-12-27,4.28,TYVIX
2012-12-28,4.46,TYVIX
2012-12-31,4.67,TYVIX
2013-01-02,4.75,TYVIX
2013-01-03,4.93,TYVIX
2013-01-04,4.85,TYVIX
2013-01-07,4.62,TYVIX
2013-01-08,4.46,TYVIX
2013-01-09,4.23,TYVIX
2013-01-10,4.36,TYVIX
2013-01-11,4.48,TYVIX
2013-01-14,4.33,TYVIX
2013-01-15,4.16,TYVIX
2013-01-16,4.12,TYVIX
2013-01-17,4.45,TYVIX
2013-01-18,4.31,TYVIX
2013-01-22,4.34,TYVIX
2013-01-23,4.22,TYVIX
2013-01-24,4.25,TYVIX
2013-01-25,5.11,TYVIX
2013-01-28,5.01,TYVIX
2013-01-29,5.05,TYVIX
2013-01-30,5.13,TYVIX
2013-01-31,5.09,TYVIX
2013-02-01,5.05,TYVIX
2013-02-04,4.95,TYVIX
2013-02-05,5.03,TYVIX
2013-02-06,4.74,TYVIX
2013-02-07,4.56,TYVIX
2013-02-08,4.45,TYVIX
2013-02-11,4.45,TYVIX
2013-02-12,4.48,TYVIX
2013-02-13,4.71,TYVIX
2013-02-14,4.52,TYVIX
2013-02-15,4.45,TYVIX
2013-02-19,4.65,TYVIX
2013-02-20,4.69,TYVIX
2013-02-21,4.58,TYVIX
2013-02-22,4.6,TYVIX
2013-02-25,4.88,TYVIX
2013-02-26,4.64,TYVIX
2013-02-27,4.56,TYVIX
2013-02-28,4.4,TYVIX
2013-03-01,4.33,TYVIX
2013-03-04,4.29,TYVIX
2013-03-05,4.27,TYVIX
2013-03-06,4.48,TYVIX
2013-03-07,4.69,TYVIX
2013-03-08,4.44,TYVIX
2013-03-11,4.42,TYVIX
2013-03-12,4.29,TYVIX
2013-03-13,4.23,TYVIX
2013-03-14,4.25,TYVIX
2013-03-15,4.31,TYVIX
2013-03-18,4.16,TYVIX
2013-03-19,4.56,TYVIX
2013-03-20,4.28,TYVIX
2013-03-21,4.34,TYVIX
2013-03-22,4.57,TYVIX
2013-03-25,4.32,TYVIX
2013-03-26,4.02,TYVIX
2013-03-27,4.14,TYVIX
2013-03-28,4.05,TYVIX
2013-04-01,4.2,TYVIX
2013-04-02,4.23,TYVIX
2013-04-03,4.21,TYVIX
2013-04-04,4.37,TYVIX
2013-04-05,4.03,TYVIX
2013-04-08,4.01,TYVIX
2013-04-09,3.9,TYVIX
2013-04-10,4.04,TYVIX
2013-04-11,3.92,TYVIX
2013-04-12,3.89,TYVIX
2013-04-15,4.09,TYVIX
2013-04-16,3.99,TYVIX
2013-04-17,4.05,TYVIX
2013-04-18,3.95,TYVIX
2013-04-19,3.75,TYVIX
2013-04-22,3.84,TYVIX
2013-04-23,3.92,TYVIX
2013-04-24,3.94,TYVIX
2013-04-25,3.9,TYVIX
2013-04-26,3.77,TYVIX
2013-04-29,3.86,TYVIX
2013-04-30,3.97,TYVIX
2013-05-01,3.95,TYVIX
2013-05-02,3.85,TYVIX
2013-05-03,4.03,TYVIX
2013-05-06,3.97,TYVIX
2013-05-07,3.83,TYVIX
2013-05-08,3.62,TYVIX
2013-05-09,3.73,TYVIX
2013-05-10,4.33,TYVIX
2013-05-13,4.72,TYVIX
2013-05-14,4.71,TYVIX
2013-05-15,4.78,TYVIX
2013-05-16,4.41,TYVIX
2013-05-17,4.86,TYVIX
2013-05-20,4.97,TYVIX
2013-05-21,4.85,TYVIX
2013-05-22,5.18,TYVIX
2013-05-23,5.39,TYVIX
2013-05-24,5.13,TYVIX
2013-05-28,6.13,TYVIX
2013-05-29,6.6,TYVIX
2013-05-30,6.11,TYVIX
2013-05-31,6.25,TYVIX
2013-06-03,6.64,TYVIX
2013-06-04,6.51,TYVIX
2013-06-05,6.36,TYVIX
2013-06-06,6.29,TYVIX
2013-06-07,6.02,TYVIX
2013-06-10,6.0,TYVIX
2013-06-11,6.0,TYVIX
2013-06-12,6.07,TYVIX
2013-06-13,5.96,TYVIX
2013-06-14,5.9,TYVIX
2013-06-17,5.99,TYVIX
2013-06-18,6.1,TYVIX
2013-06-19,6.48,TYVIX
2013-06-20,6.86,TYVIX
2013-06-21,7.78,TYVIX
2013-06-24,8.62,TYVIX
2013-06-25,8.35,TYVIX
2013-06-26,7.77,TYVIX
2013-06-27,7.22,TYVIX
2013-06-28,7.35,TYVIX
2013-07-01,7.39,TYVIX
2013-07-02,7.5,TYVIX
2013-07-03,8.0,TYVIX
2013-07-05,8.18,TYVIX
2013-07-08,7.66,TYVIX
2013-07-09,7.12,TYVIX
2013-07-10,7.28,TYVIX
2013-07-11,6.51,TYVIX
2013-07-12,6.63,TYVIX
2013-07-15,6.58,TYVIX
2013-07-16,6.51,TYVIX
2013-07-17,5.95,TYVIX
2013-07-18,5.6,TYVIX
2013-07-19,5.44,TYVIX
2013-07-22,5.4,TYVIX
2013-07-23,5.67,TYVIX
2013-07-24,6.39,TYVIX
2013-07-25,6.21,TYVIX
2013-07-26,6.18,TYVIX
2013-07-29,6.59,TYVIX
2013-07-30,6.61,TYVIX
2013-07-31,6.52,TYVIX
2013-08-01,7.27,TYVIX
2013-08-02,5.72,TYVIX
2013-08-05,6.03,TYVIX
2013-08-06,5.82,TYVIX
2013-08-07,5.66,TYVIX
2013-08-08,5.57,TYVIX
2013-08-09,5.48,TYVIX
2013-08-12,5.74,TYVIX
2013-08-13,6.6,TYVIX
2013-08-14,6.64,TYVIX
2013-08-15,7.09,TYVIX
2013-08-16,7.8,TYVIX
2013-08-19,8.29,TYVIX
2013-08-20,7.92,TYVIX
2013-08-21,7.94,TYVIX
2013-08-22,8.09,TYVIX
2013-08-23,7.58,TYVIX
2013-08-26,7.57,TYVIX
2013-08-27,7.51,TYVIX
2013-08-28,7.91,TYVIX
2013-08-29,7.88,TYVIX
2013-08-30,8.19,TYVIX
2013-09-03,8.46,TYVIX
2013-09-04,8.46,TYVIX
2013-09-05,8.53,TYVIX
2013-09-06,7.77,TYVIX
2013-09-09,7.5,TYVIX
2013-09-10,7.65,TYVIX
2013-09-11,7.3,TYVIX
2013-09-12,7.25,TYVIX
2013-09-13,6.87,TYVIX
2013-09-16,7.02,TYVIX
2013-09-17,6.66,TYVIX
2013-09-18,5.93,TYVIX
2013-09-19,5.81,TYVIX
2013-09-20,5.54,TYVIX
2013-09-23,5.68,TYVIX
2013-09-24,5.71,TYVIX
2013-09-25,5.78,TYVIX
2013-09-26,5.96,TYVIX
2013-09-27,6.01,TYVIX
2013-09-30,6.67,TYVIX
2013-10-01,6.37,TYVIX
2013-10-02,6.02,TYVIX
2013-10-03,6.03,TYVIX
2013-10-04,6.03,TYVIX
2013-10-07,6.34,TYVIX
2013-10-08,6.4,TYVIX
2013-10-09,6.01,TYVIX
2013-10-10,5.84,TYVIX
2013-10-11,5.67,TYVIX
2013-10-14,6.06,TYVIX
2013-10-15,5.99,TYVIX
2013-10-16,5.58,TYVIX
2013-10-17,5.5,TYVIX
2013-10-18,5.72,TYVIX
2013-10-21,5.77,TYVIX
2013-10-22,4.87,TYVIX
2013-10-23,4.81,TYVIX
2013-10-24,4.99,TYVIX
2013-10-25,4.8,TYVIX
2013-10-28,4.79,TYVIX
2013-10-29,4.89,TYVIX
2013-10-30,5.0,TYVIX
2013-10-31,5.22,TYVIX
2013-11-01,5.64,TYVIX
2013-11-04,5.42,TYVIX
2013-11-05,5.69,TYVIX
2013-11-06,5.35,TYVIX
2013-11-07,5.3,TYVIX
2013-11-08,5.36,TYVIX
2013-11-11,5.55,TYVIX
2013-11-12,5.49,TYVIX
2013-11-13,5.41,TYVIX
2013-11-14,4.96,TYVIX
2013-11-15,4.82,TYVIX
2013-11-18,4.82,TYVIX
2013-11-19,5.15,TYVIX
2013-11-20,5.71,TYVIX
2013-11-21,5.49,TYVIX
2013-11-22,5.08,TYVIX
2013-11-25,5.13,TYVIX
2013-11-26,5.16,TYVIX
2013-11-27,5.36,TYVIX
2013-11-29,4.67,TYVIX
2013-12-02,5.99,TYVIX
2013-12-03,5.89,TYVIX
2013-12-04,6.06,TYVIX
2013-12-05,5.97,TYVIX
2013-12-06,5.56,TYVIX
2013-12-09,5.55,TYVIX
2013-12-10,5.21,TYVIX
2013-12-11,5.32,TYVIX
2013-12-12,5.48,TYVIX
2013-12-13,5.36,TYVIX
2013-12-16,5.4,TYVIX
2013-12-17,5.18,TYVIX
2013-12-18,4.9,TYVIX
2013-12-19,4.78,TYVIX
2013-12-20,4.64,TYVIX
2013-12-23,4.73,TYVIX
2013-12-24,4.98,TYVIX
2013-12-26,4.91,TYVIX
2013-12-27,5.06,TYVIX
2013-12-30,5.03,TYVIX
2013-12-31,5.13,TYVIX
2014-01-02,5.14,TYVIX
2014-01-03,5.06,TYVIX
2014-01-06,5.13,TYVIX
2014-01-07,5.0,TYVIX
2014-01-08,5.08,TYVIX
2014-01-09,4.83,TYVIX
2014-01-10,4.51,TYVIX
2014-01-13,4.59,TYVIX
2014-01-14,4.84,TYVIX
2014-01-15,4.83,TYVIX
2014-01-16,4.67,TYVIX
2014-01-17,4.46,TYVIX
2014-01-21,4.79,TYVIX
2014-01-22,4.9,TYVIX
2014-01-23,5.07,TYVIX
2014-01-24,5.15,TYVIX
2014-01-27,5.54,TYVIX
2014-01-28,5.3,TYVIX
2014-01-29,5.24,TYVIX
2014-01-30,5.16,TYVIX
2014-01-31,5.38,TYVIX
2014-02-03,6.04,TYVIX
2014-02-04,6.18,TYVIX
2014-02-05,5.93,TYVIX
2014-02-06,5.8,TYVIX
2014-02-07,5.19,TYVIX
2014-02-10,5.13,TYVIX
2014-02-11,5.32,TYVIX
2014-02-12,5.14,TYVIX
2014-02-13,4.72,TYVIX
2014-02-14,4.62,TYVIX
2014-02-18,4.96,TYVIX
2014-02-19,5.0,TYVIX
2014-02-20,4.94,TYVIX
2014-02-21,4.9,TYVIX
2014-02-24,4.84,TYVIX
2014-02-25,4.85,TYVIX
2014-02-26,5.07,TYVIX
2014-02-27,5.01,TYVIX
2014-02-28,5.01,TYVIX
2014-03-03,5.37,TYVIX
2014-03-04,5.31,TYVIX
2014-03-05,5.14,TYVIX
2014-03-06,5.03,TYVIX
2014-03-07,4.72,TYVIX
2014-03-10,4.73,TYVIX
2014-03-11,4.71,TYVIX
2014-03-12,4.7,TYVIX
2014-03-13,4.93,TYVIX
2014-03-14,5.29,TYVIX
2014-03-17,5.2,TYVIX
2014-03-18,4.97,TYVIX
2014-03-19,5.11,TYVIX
2014-03-20,4.68,TYVIX
2014-03-21,4.58,TYVIX
2014-03-24,4.77,TYVIX
2014-03-25,4.66,TYVIX
2014-03-26,4.69,TYVIX
2014-03-27,4.9,TYVIX
2014-03-28,5.03,TYVIX
2014-03-31,5.15,TYVIX
2014-04-01,4.99,TYVIX
2014-04-02,5.07,TYVIX
2014-04-03,5.03,TYVIX
2014-04-04,4.24,TYVIX
2014-04-07,4.11,TYVIX
2014-04-08,4.33,TYVIX
2014-04-09,4.21,TYVIX
2014-04-10,4.38,TYVIX
2014-04-11,4.84,TYVIX
2014-04-14,4.98,TYVIX
2014-04-15,4.96,TYVIX
2014-04-16,4.81,TYVIX
2014-04-17,4.78,TYVIX
2014-04-21,4.74,TYVIX
2014-04-22,4.72,TYVIX
2014-04-23,4.71,TYVIX
2014-04-24,4.81,TYVIX
2014-04-25,4.99,TYVIX
2014-04-28,5.19,TYVIX
2014-04-29,5.12,TYVIX
2014-04-30,4.95,TYVIX
2014-05-01,5.04,TYVIX
2014-05-02,4.63,TYVIX
2014-05-05,4.74,TYVIX
2014-05-06,4.81,TYVIX
2014-05-07,4.65,TYVIX
2014-05-08,4.4,TYVIX
2014-05-09,4.37,TYVIX
2014-05-12,4.45,TYVIX
2014-05-13,4.41,TYVIX
2014-05-14,4.65,TYVIX
2014-05-15,4.95,TYVIX
2014-05-16,4.81,TYVIX
2014-05-19,4.89,TYVIX
2014-05-20,4.86,TYVIX
2014-05-21,4.84,TYVIX
2014-05-22,4.68,TYVIX
2014-05-23,4.66,TYVIX
2014-05-27,4.8,TYVIX
2014-05-28,5.03,TYVIX
2014-05-29,5.08,TYVIX
2014-05-30,5.18,TYVIX
2014-06-02,5.4,TYVIX
2014-06-03,5.46,TYVIX
2014-06-04,5.41,TYVIX
2014-06-05,4.99,TYVIX
2014-06-06,4.64,TYVIX
2014-06-09,4.58,TYVIX
2014-06-10,4.55,TYVIX
2014-06-11,4.56,TYVIX
2014-06-12,4.6,TYVIX
2014-06-13,4.48,TYVIX
2014-06-16,4.58,TYVIX
2014-06-17,4.78,TYVIX
2014-06-18,4.29,TYVIX
2014-06-19,4.28,TYVIX
2014-06-20,4.3,TYVIX
2014-06-23,4.34,TYVIX
2014-06-24,4.39,TYVIX
2014-06-25,4.42,TYVIX
2014-06-26,4.31,TYVIX
2014-06-27,4.3,TYVIX
2014-06-30,4.44,TYVIX
2014-07-01,4.43,TYVIX
2014-07-02,4.41,TYVIX
2014-07-03,3.95,TYVIX
2014-07-07,4.09,TYVIX
2014-07-08,4.19,TYVIX
2014-07-09,4.16,TYVIX
2014-07-10,4.31,TYVIX
2014-07-11,4.23,TYVIX
2014-07-14,4.41,TYVIX
2014-07-15,4.3,TYVIX
2014-07-16,4.12,TYVIX
2014-07-17,4.6,TYVIX
2014-07-18,4.16,TYVIX
2014-07-21,4.4,TYVIX
2014-07-22,4.46,TYVIX
2014-07-23,4.4,TYVIX
2014-07-24,4.49,TYVIX
2014-07-25,4.53,TYVIX
2014-07-28,4.62,TYVIX
2014-07-29,4.63,TYVIX
2014-07-30,4.58,TYVIX
2014-07-31,4.74,TYVIX
2014-08-01,4.28,TYVIX
2014-08-04,4.38,TYVIX
2014-08-05,4.37,TYVIX
2014-08-06,4.51,TYVIX
2014-08-07,4.95,TYVIX
2014-08-08,5.08,TYVIX
2014-08-11,4.94,TYVIX
2014-08-12,4.92,TYVIX
2014-08-13,4.83,TYVIX
2014-08-14,4.79,TYVIX
2014-08-15,5.13,TYVIX
2014-08-18,4.93,TYVIX
2014-08-19,4.89,TYVIX
2014-08-20,4.9,TYVIX
2014-08-21,4.71,TYVIX
2014-08-22,4.69,TYVIX
2014-08-25,4.52,TYVIX
2014-08-26,4.51,TYVIX
2014-08-27,4.61,TYVIX
2014-08-28,4.83,TYVIX
2014-08-29,4.93,TYVIX
2014-09-02,5.17,TYVIX
2014-09-03,5.1,TYVIX
2014-09-04,4.95,TYVIX
2014-09-05,4.57,TYVIX
2014-09-08,4.76,TYVIX
2014-09-09,4.79,TYVIX
2014-09-10,4.95,TYVIX
2014-09-11,4.94,TYVIX
2014-09-12,5.16,TYVIX
2014-09-15,5.28,TYVIX
2014-09-16,5.27,TYVIX
2014-09-17,4.86,TYVIX
2014-09-18,4.85,TYVIX
2014-09-19,4.41,TYVIX
2014-09-22,4.43,TYVIX
2014-09-23,4.41,TYVIX
2014-09-24,4.5,TYVIX
2014-09-25,4.62,TYVIX
2014-09-26,4.83,TYVIX
2014-09-29,4.83,TYVIX
2014-09-30,4.83,TYVIX
2014-10-01,4.85,TYVIX
2014-10-02,4.93,TYVIX
2014-10-03,4.63,TYVIX
2014-10-06,4.68,TYVIX
2014-10-07,4.99,TYVIX
2014-10-08,4.97,TYVIX
2014-10-09,4.98,TYVIX
2014-10-10,5.2,TYVIX
2014-10-13,5.74,TYVIX
2014-10-14,6.31,TYVIX
2014-10-15,7.72,TYVIX
2014-10-16,6.81,TYVIX
2014-10-17,6.37,TYVIX
2014-10-20,5.91,TYVIX
2014-10-21,6.18,TYVIX
2014-10-22,6.0,TYVIX
2014-10-23,6.08,TYVIX
2014-10-24,6.15,TYVIX
2014-10-27,5.95,TYVIX
2014-10-28,5.46,TYVIX
2014-10-29,5.35,TYVIX
2014-10-30,5.11,TYVIX
2014-10-31,5.16,TYVIX
2014-11-03,5.26,TYVIX
2014-11-04,5.4,TYVIX
2014-11-05,5.41,TYVIX
2014-11-06,5.16,TYVIX
2014-11-07,5.08,TYVIX
2014-11-10,5.13,TYVIX
2014-11-11,5.19,TYVIX
2014-11-12,5.26,TYVIX
2014-11-13,5.39,TYVIX
2014-11-14,5.44,TYVIX
2014-11-17,5.45,TYVIX
2014-11-18,5.25,TYVIX
2014-11-19,5.23,TYVIX
2014-11-20,5.1,TYVIX
2014-11-21,5.01,TYVIX
2014-11-24,4.89,TYVIX
2014-11-25,5.31,TYVIX
2014-11-26,5.11,TYVIX
2014-11-28,4.89,TYVIX
2014-12-01,5.49,TYVIX
2014-12-02,5.35,TYVIX
2014-12-03,5.14,TYVIX
2014-12-04,4.99,TYVIX
2014-12-05,4.78,TYVIX
2014-12-08,4.82,TYVIX
2014-12-09,5.0,TYVIX
2014-12-10,5.49,TYVIX
2014-12-11,5.88,TYVIX
2014-12-12,6.61,TYVIX
2014-12-15,6.29,TYVIX
2014-12-16,6.75,TYVIX
2014-12-17,5.85,TYVIX
2014-12-18,5.59,TYVIX
2014-12-19,5.41,TYVIX
2014-12-22,5.44,TYVIX
2014-12-23,5.56,TYVIX
2014-12-24,5.39,TYVIX
2014-12-26,5.31,TYVIX
2014-12-29,5.61,TYVIX
2014-12-30,5.41,TYVIX
2014-12-31,5.35,TYVIX
2015-01-02,5.61,TYVIX
2015-01-05,6.23,TYVIX
2015-01-06,6.84,TYVIX
2015-01-07,6.63,TYVIX
2015-01-08,6.37,TYVIX
2015-01-09,6.21,TYVIX
2015-01-12,6.74,TYVIX
2015-01-13,6.66,TYVIX
2015-01-14,6.85,TYVIX
2015-01-15,7.66,TYVIX
2015-01-16,7.31,TYVIX
2015-01-20,7.24,TYVIX
2015-01-21,6.91,TYVIX
2015-01-22,6.59,TYVIX
2015-01-23,7.04,TYVIX
2015-01-26,6.83,TYVIX
2015-01-27,6.56,TYVIX
2015-01-28,6.6,TYVIX
2015-01-29,6.45,TYVIX
2015-01-30,6.52,TYVIX
2015-02-02,6.49,TYVIX
2015-02-03,6.79,TYVIX
2015-02-04,6.88,TYVIX
2015-02-05,6.66,TYVIX
2015-02-06,6.47,TYVIX
2015-02-09,6.93,TYVIX
2015-02-10,6.99,TYVIX
2015-02-11,6.63,TYVIX
2015-02-12,6.49,TYVIX
2015-02-13,6.64,TYVIX
2015-02-17,6.83,TYVIX
2015-02-18,7.04,TYVIX
2015-02-19,7.1,TYVIX
2015-02-20,6.98,TYVIX
2015-02-23,6.86,TYVIX
2015-02-24,6.42,TYVIX
2015-02-25,6.41,TYVIX
2015-02-26,6.29,TYVIX
2015-02-27,6.23,TYVIX
2015-03-02,6.42,TYVIX
2015-03-03,6.29,TYVIX
2015-03-04,6.12,TYVIX
2015-03-05,5.95,TYVIX
2015-03-06,5.68,TYVIX
2015-03-09,5.65,TYVIX
2015-03-10,5.8,TYVIX
2015-03-11,5.78,TYVIX
2015-03-12,5.79,TYVIX
2015-03-13,5.71,TYVIX
2015-03-16,5.83,TYVIX
2015-03-17,5.83,TYVIX
2015-03-18,5.66,TYVIX
2015-03-19,5.66,TYVIX
2015-03-20,5.53,TYVIX
2015-03-23,5.46,TYVIX
2015-03-24,5.61,TYVIX
2015-03-25,5.57,TYVIX
2015-03-26,5.63,TYVIX
2015-03-27,5.77,TYVIX
2015-03-30,5.77,TYVIX
2015-03-31,5.78,TYVIX
2015-04-01,5.83,TYVIX
2015-04-02,5.66,TYVIX
2015-04-06,5.45,TYVIX
2015-04-07,5.37,TYVIX
2015-04-08,5.09,TYVIX
2015-04-09,5.05,TYVIX
2015-04-10,5.01,TYVIX
2015-04-13,5.14,TYVIX
2015-04-14,4.94,TYVIX
2015-04-15,4.82,TYVIX
2015-04-16,4.85,TYVIX
2015-04-17,4.99,TYVIX
2015-04-20,5.19,TYVIX
2015-04-21,5.06,TYVIX
2015-04-22,5.17,TYVIX
2015-04-23,5.12,TYVIX
2015-04-24,4.89,TYVIX
2015-04-27,5.03,TYVIX
2015-04-28,5.15,TYVIX
2015-04-29,5.32,TYVIX
2015-04-30,5.45,TYVIX
2015-05-01,5.9,TYVIX
2015-05-04,6.27,TYVIX
2015-05-05,6.37,TYVIX
2015-05-06,6.53,TYVIX
2015-05-07,6.16,TYVIX
2015-05-08,5.62,TYVIX
2015-05-11,6.38,TYVIX
2015-05-12,6.5,TYVIX
2015-05-13,6.43,TYVIX
2015-05-14,5.99,TYVIX
2015-05-15,6.0,TYVIX
2015-05-18,6.13,TYVIX
2015-05-19,6.36,TYVIX
2015-05-20,6.22,TYVIX
2015-05-21,6.18,TYVIX
2015-05-22,6.0,TYVIX
2015-05-26,6.15,TYVIX
2015-05-27,5.88,TYVIX
2015-05-28,6.01,TYVIX
2015-05-29,5.99,TYVIX
2015-06-01,6.1,TYVIX
2015-06-02,6.22,TYVIX
2015-06-03,6.74,TYVIX
2015-06-04,6.56,TYVIX
2015-06-05,6.28,TYVIX
2015-06-08,6.29,TYVIX
2015-06-09,6.36,TYVIX
2015-06-10,6.74,TYVIX
2015-06-11,6.18,TYVIX
2015-06-12,6.39,TYVIX
2015-06-15,6.25,TYVIX
2015-06-16,6.21,TYVIX
2015-06-17,5.85,TYVIX
2015-06-18,5.99,TYVIX
2015-06-19,6.2,TYVIX
2015-06-22,6.17,TYVIX
2015-06-23,6.23,TYVIX
2015-06-24,6.18,TYVIX
2015-06-25,6.28,TYVIX
2015-06-26,6.37,TYVIX
2015-06-29,7.27,TYVIX
2015-06-30,6.9,TYVIX
2015-07-01,6.56,TYVIX
2015-07-02,6.58,TYVIX
2015-07-06,6.61,TYVIX
2015-07-07,6.63,TYVIX
2015-07-08,6.76,TYVIX
2015-07-09,6.81,TYVIX
2015-07-10,6.69,TYVIX
2015-07-13,6.32,TYVIX
2015-07-14,6.05,TYVIX
2015-07-15,5.97,TYVIX
2015-07-16,5.66,TYVIX
2015-07-17,5.47,TYVIX
2015-07-20,5.38,TYVIX
2015-07-21,5.33,TYVIX
2015-07-22,5.33,TYVIX
2015-07-23,5.39,TYVIX
2015-07-24,5.4,TYVIX
2015-07-27,5.55,TYVIX
2015-07-28,5.46,TYVIX
2015-07-29,5.24,TYVIX
2015-07-30,5.37,TYVIX
2015-07-31,5.58,TYVIX
2015-08-03,5.68,TYVIX
2015-08-04,5.69,TYVIX
2015-08-05,5.43,TYVIX
2015-08-06,5.59,TYVIX
2015-08-07,5.32,TYVIX
2015-08-10,5.35,TYVIX
2015-08-11,5.6,TYVIX
2015-08-12,5.95,TYVIX
2015-08-13,5.69,TYVIX
2015-08-14,5.65,TYVIX
2015-08-17,5.74,TYVIX
2015-08-18,5.68,TYVIX
2015-08-19,5.59,TYVIX
2015-08-20,5.79,TYVIX
2015-08-21,6.02,TYVIX
2015-08-24,6.47,TYVIX
2015-08-25,6.43,TYVIX
2015-08-26,6.41,TYVIX
2015-08-27,6.2,TYVIX
2015-08-28,6.02,TYVIX
2015-08-31,6.01,TYVIX
2015-09-01,6.27,TYVIX
2015-09-02,6.01,TYVIX
2015-09-03,5.79,TYVIX
2015-09-04,5.66,TYVIX
2015-09-08,5.84,TYVIX
2015-09-09,5.79,TYVIX
2015-09-10,5.64,TYVIX
2015-09-11,5.63,TYVIX
2015-09-14,5.71,TYVIX
2015-09-15,5.94,TYVIX
2015-09-16,6.01,TYVIX
2015-09-17,5.2,TYVIX
2015-09-18,5.09,TYVIX
2015-09-21,5.17,TYVIX
2015-09-22,5.32,TYVIX
2015-09-23,5.34,TYVIX
2015-09-24,5.47,TYVIX
2015-09-25,5.15,TYVIX
2015-09-28,5.63,TYVIX
2015-09-29,5.65,TYVIX
2015-09-30,5.54,TYVIX
2015-10-01,5.34,TYVIX
2015-10-02,5.08,TYVIX
2015-10-05,5.16,TYVIX
2015-10-06,5.17,TYVIX
2015-10-07,5.07,TYVIX
2015-10-08,5.03,TYVIX
2015-10-09,4.98,TYVIX
2015-10-12,5.1,TYVIX
2015-10-13,5.03,TYVIX
2015-10-14,4.98,TYVIX
2015-10-15,4.96,TYVIX
2015-10-16,4.81,TYVIX
2015-10-19,5.02,TYVIX
2015-10-20,5.09,TYVIX
2015-10-21,4.91,TYVIX
2015-10-22,4.88,TYVIX
2015-10-23,4.98,TYVIX
2015-10-26,5.07,TYVIX
2015-10-27,5.17,TYVIX
2015-10-28,5.34,TYVIX
2015-10-29,5.33,TYVIX
2015-10-30,5.28,TYVIX
2015-11-02,5.49,TYVIX
2015-11-03,5.54,TYVIX
2015-11-04,5.57,TYVIX
2015-11-05,5.53,TYVIX
2015-11-06,5.09,TYVIX
2015-11-09,5.19,TYVIX
2015-11-10,5.19,TYVIX
2015-11-11,5.13,TYVIX
2015-11-12,5.11,TYVIX
2015-11-13,4.93,TYVIX
2015-11-16,5.1,TYVIX
2015-11-17,5.08,TYVIX
2015-11-18,4.9,TYVIX
2015-11-19,5.04,TYVIX
2015-11-20,4.84,TYVIX
2015-11-23,5.21,TYVIX
2015-11-24,5.21,TYVIX
2015-11-25,5.11,TYVIX
2015-11-27,5.15,TYVIX
2015-11-30,5.28,TYVIX
2015-12-01,5.52,TYVIX
2015-12-02,5.35,TYVIX
2015-12-03,5.23,TYVIX
2015-12-04,4.83,TYVIX
2015-12-07,4.96,TYVIX
2015-12-08,4.99,TYVIX
2015-12-09,5.15,TYVIX
2015-12-10,5.17,TYVIX
2015-12-11,5.59,TYVIX
2015-12-14,5.97,TYVIX
2015-12-15,5.9,TYVIX
2015-12-16,5.09,TYVIX
2015-12-17,4.77,TYVIX
2015-12-18,4.77,TYVIX
2015-12-21,4.78,TYVIX
2015-12-22,4.83,TYVIX
2015-12-23,4.7,TYVIX
2015-12-24,4.63,TYVIX
2015-12-28,4.81,TYVIX
2015-12-29,5.01,TYVIX
2015-12-30,4.95,TYVIX
2015-12-31,4.96,TYVIX
2016-01-04,5.28,TYVIX
2016-01-05,5.22,TYVIX
2016-01-06,5.33,TYVIX
2016-01-07,5.41,TYVIX
2016-01-08,5.28,TYVIX
2016-01-11,5.28,TYVIX
2016-01-12,5.43,TYVIX
2016-01-13,5.63,TYVIX
2016-01-14,5.53,TYVIX
2016-01-15,6.17,TYVIX
2016-01-19,6.35,TYVIX
2016-01-20,6.29,TYVIX
2016-01-21,5.88,TYVIX
2016-01-22,5.64,TYVIX
2016-01-25,5.8,TYVIX
2016-01-26,5.71,TYVIX
2016-01-27,5.53,TYVIX
2016-01-28,5.39,TYVIX
2016-01-29,5.69,TYVIX
2016-02-01,5.6,TYVIX
2016-02-02,6.03,TYVIX
2016-02-03,6.21,TYVIX
2016-02-04,6.08,TYVIX
2016-02-05,5.99,TYVIX
2016-02-08,7.11,TYVIX
2016-02-09,6.86,TYVIX
2016-02-10,6.72,TYVIX
2016-02-11,7.65,TYVIX
2016-02-12,6.9,TYVIX
2016-02-16,6.37,TYVIX
2016-02-17,6.17,TYVIX
2016-02-18,6.33,TYVIX
2016-02-19,6.26,TYVIX
2016-02-22,6.07,TYVIX
2016-02-23,6.08,TYVIX
2016-02-24,6.02,TYVIX
2016-02-25,6.01,TYVIX
2016-02-26,5.8,TYVIX
2016-02-29,5.76,TYVIX
2016-03-01,5.8,TYVIX
2016-03-02,5.79,TYVIX
2016-03-03,5.63,TYVIX
2016-03-04,5.54,TYVIX
2016-03-07,5.74,TYVIX
2016-03-08,5.96,TYVIX
2016-03-09,5.9,TYVIX
2016-03-10,5.78,TYVIX
2016-03-11,5.7,TYVIX
2016-03-14,5.66,TYVIX
2016-03-15,5.48,TYVIX
2016-03-16,5.47,TYVIX
2016-03-17,5.07,TYVIX
2016-03-18,4.94,TYVIX
2016-03-21,5.31,TYVIX
2016-03-22,5.44,TYVIX
2016-03-23,5.45,TYVIX
2016-03-24,5.35,TYVIX
2016-03-28,5.5,TYVIX
2016-03-29,5.32,TYVIX
2016-03-30,5.22,TYVIX
2016-03-31,5.16,TYVIX
2016-04-01,4.83,TYVIX
2016-04-04,4.99,TYVIX
2016-04-05,5.28,TYVIX
2016-04-06,5.04,TYVIX
2016-04-07,5.32,TYVIX
2016-04-08,5.16,TYVIX
2016-04-11,5.12,TYVIX
2016-04-12,5.12,TYVIX
2016-04-13,4.99,TYVIX
2016-04-14,5.05,TYVIX
2016-04-15,4.78,TYVIX
2016-04-18,4.94,TYVIX
2016-04-19,5.09,TYVIX
2016-04-20,5.3,TYVIX
2016-04-21,5.53,TYVIX
2016-04-22,5.37,TYVIX
2016-04-25,5.61,TYVIX
2016-04-26,5.38,TYVIX
2016-04-27,5.34,TYVIX
2016-04-28,5.5,TYVIX
2016-04-29,5.45,TYVIX
2016-05-02,5.51,TYVIX
2016-05-03,5.65,TYVIX
2016-05-04,5.58,TYVIX
2016-05-05,5.54,TYVIX
2016-05-06,5.18,TYVIX
2016-05-09,5.33,TYVIX
2016-05-10,5.28,TYVIX
2016-05-11,5.33,TYVIX
2016-05-12,5.32,TYVIX
2016-05-13,5.45,TYVIX
2016-05-16,5.57,TYVIX
2016-05-17,5.38,TYVIX
2016-05-18,5.56,TYVIX
2016-05-19,5.55,TYVIX
2016-05-20,5.27,TYVIX
2016-05-23,5.32,TYVIX
2016-05-24,5.12,TYVIX
2016-05-25,4.88,TYVIX
2016-05-26,4.81,TYVIX
2016-05-27,4.8,TYVIX
2016-05-31,5.17,TYVIX
2016-06-01,5.19,TYVIX
2016-06-02,5.16,TYVIX
2016-06-03,5.02,TYVIX
2016-06-06,4.95,TYVIX
2016-06-07,4.89,TYVIX
2016-06-08,4.97,TYVIX
2016-06-09,5.15,TYVIX
2016-06-10,5.56,TYVIX
2016-06-13,6.24,TYVIX
2016-06-14,6.04,TYVIX
2016-06-15,6.16,TYVIX
2016-06-16,6.64,TYVIX
2016-06-17,6.33,TYVIX
2016-06-20,6.26,TYVIX
2016-06-21,6.15,TYVIX
2016-06-22,6.38,TYVIX
2016-06-23,6.05,TYVIX
2016-06-24,6.58,TYVIX
2016-06-27,6.75,TYVIX
2016-06-28,6.04,TYVIX
2016-06-29,5.46,TYVIX
2016-06-30,5.63,TYVIX
2016-07-01,5.58,TYVIX
2016-07-05,6.06,TYVIX
2016-07-06,5.99,TYVIX
2016-07-07,5.99,TYVIX
2016-07-08,5.51,TYVIX
2016-07-11,5.56,TYVIX
2016-07-12,5.62,TYVIX
2016-07-13,5.63,TYVIX
2016-07-14,5.74,TYVIX
2016-07-15,5.83,TYVIX
2016-07-18,5.6,TYVIX
2016-07-19,5.52,TYVIX
2016-07-20,5.41,TYVIX
2016-07-21,5.43,TYVIX
2016-07-22,5.31,TYVIX
2016-07-25,5.47,TYVIX
2016-07-26,5.33,TYVIX
2016-07-27,5.14,TYVIX
2016-07-28,5.24,TYVIX
2016-07-29,4.84,TYVIX
2016-08-01,5.02,TYVIX
2016-08-02,5.29,TYVIX
2016-08-03,5.23,TYVIX
2016-08-04,5.07,TYVIX
2016-08-05,5.02,TYVIX
2016-08-08,5.04,TYVIX
2016-08-09,4.92,TYVIX
2016-08-10,4.8,TYVIX
2016-08-11,4.97,TYVIX
2016-08-12,4.81,TYVIX
2016-08-15,5.08,TYVIX
2016-08-16,5.09,TYVIX
2016-08-17,4.98,TYVIX
2016-08-18,4.99,TYVIX
2016-08-19,5.03,TYVIX
2016-08-22,5.1,TYVIX
2016-08-23,4.95,TYVIX
2016-08-24,5.09,TYVIX
2016-08-25,5.39,TYVIX
2016-08-26,5.42,TYVIX
2016-08-29,5.14,TYVIX
2016-08-30,5.12,TYVIX
2016-08-31,5.16,TYVIX
2016-09-01,5.16,TYVIX
2016-09-02,4.75,TYVIX
2016-09-06,4.65,TYVIX
2016-09-07,4.7,TYVIX
2016-09-08,4.81,TYVIX
2016-09-09,5.18,TYVIX
2016-09-12,5.08,TYVIX
2016-09-13,5.24,TYVIX
2016-09-14,5.25,TYVIX
2016-09-15,5.06,TYVIX
2016-09-16,4.83,TYVIX
2016-09-19,5.14,TYVIX
2016-09-20,5.12,TYVIX
2016-09-21,4.62,TYVIX
2016-09-22,4.4,TYVIX
2016-09-23,4.41,TYVIX
2016-09-26,4.6,TYVIX
2016-09-27,4.46,TYVIX
2016-09-28,4.38,TYVIX
2016-09-29,4.67,TYVIX
2016-09-30,4.73,TYVIX
2016-10-03,4.62,TYVIX
2016-10-04,4.66,TYVIX
2016-10-05,4.6,TYVIX
2016-10-06,4.74,TYVIX
2016-10-07,4.59,TYVIX
2016-10-10,4.77,TYVIX
2016-10-11,4.73,TYVIX
2016-10-12,4.71,TYVIX
2016-10-13,4.62,TYVIX
2016-10-14,4.52,TYVIX
2016-10-17,4.61,TYVIX
2016-10-18,4.38,TYVIX
2016-10-19,4.44,TYVIX
2016-10-20,4.17,TYVIX
2016-10-21,3.94,TYVIX
2016-10-24,4.13,TYVIX
2016-10-25,4.14,TYVIX
2016-10-26,4.36,TYVIX
2016-10-27,4.54,TYVIX
2016-10-28,4.58,TYVIX
2016-10-31,4.9,TYVIX
2016-11-01,4.98,TYVIX
2016-11-02,5.03,TYVIX
2016-11-03,5.16,TYVIX
2016-11-04,5.31,TYVIX
2016-11-07,5.44,TYVIX
2016-11-08,5.14,TYVIX
2016-11-09,5.74,TYVIX
2016-11-10,5.92,TYVIX
2016-11-11,6.26,TYVIX
2016-11-14,7.07,TYVIX
2016-11-15,6.43,TYVIX
2016-11-16,6.17,TYVIX
2016-11-17,6.17,TYVIX
2016-11-18,6.83,TYVIX
2016-11-21,6.74,TYVIX
2016-11-22,6.2,TYVIX
2016-11-23,6.41,TYVIX
2016-11-25,6.72,TYVIX
2016-11-28,6.41,TYVIX
2016-11-29,6.26,TYVIX
2016-11-30,6.95,TYVIX
2016-12-01,7.01,TYVIX
2016-12-02,6.84,TYVIX
2016-12-05,6.52,TYVIX
2016-12-06,6.14,TYVIX
2016-12-07,5.93,TYVIX
2016-12-08,5.7,TYVIX
2016-12-09,5.94,TYVIX
2016-12-12,6.26,TYVIX
2016-12-13,6.08,TYVIX
2016-12-14,6.26,TYVIX
2016-12-15,6.16,TYVIX
2016-12-16,5.26,TYVIX
2016-12-19,5.14,TYVIX
2016-12-20,5.37,TYVIX
2016-12-21,5.34,TYVIX
2016-12-22,5.3,TYVIX
2016-12-23,5.27,TYVIX
2016-12-27,5.43,TYVIX
2016-12-28,5.35,TYVIX
2016-12-29,5.49,TYVIX
2016-12-30,5.4,TYVIX
2017-01-03,5.82,TYVIX
2017-01-04,5.8,TYVIX
2017-01-05,6.12,TYVIX
2017-01-06,5.64,TYVIX
2017-01-09,5.78,TYVIX
2017-01-10,5.59,TYVIX
2017-01-11,5.44,TYVIX
2017-01-12,5.51,TYVIX
2017-01-13,5.44,TYVIX
2017-01-17,5.86,TYVIX
2017-01-18,5.87,TYVIX
2017-01-19,6.0,TYVIX
2017-01-20,5.56,TYVIX
2017-01-23,5.77,TYVIX
2017-01-24,5.83,TYVIX
2017-01-25,5.91,TYVIX
2017-01-26,5.65,TYVIX
2017-01-27,5.47,TYVIX
2017-01-30,5.7,TYVIX
2017-01-31,5.79,TYVIX
2017-02-01,5.56,TYVIX
2017-02-02,5.4,TYVIX
2017-02-03,5.07,TYVIX
2017-02-06,5.42,TYVIX
2017-02-07,5.39,TYVIX
2017-02-08,5.54,TYVIX
2017-02-09,5.39,TYVIX
2017-02-10,5.3,TYVIX
2017-02-13,5.33,TYVIX
2017-02-14,5.09,TYVIX
2017-02-15,4.87,TYVIX
2017-02-16,4.97,TYVIX
2017-02-17,5.18,TYVIX
2017-02-21,5.37,TYVIX
2017-02-22,5.41,TYVIX
2017-02-23,5.29,TYVIX
2017-02-24,5.37,TYVIX
2017-02-27,5.46,TYVIX
2017-02-28,5.68,TYVIX
2017-03-01,5.29,TYVIX
2017-03-02,5.04,TYVIX
2017-03-03,4.79,TYVIX
2017-03-06,4.91,TYVIX
2017-03-07,4.82,TYVIX
2017-03-08,4.98,TYVIX
2017-03-09,5.07,TYVIX
2017-03-10,4.79,TYVIX
2017-03-13,5.03,TYVIX
2017-03-14,5.05,TYVIX
2017-03-15,4.54,TYVIX
2017-03-16,4.56,TYVIX
2017-03-17,4.34,TYVIX
2017-03-20,4.43,TYVIX
2017-03-21,4.69,TYVIX
2017-03-22,4.83,TYVIX
2017-03-23,5.01,TYVIX
2017-03-24,4.75,TYVIX
2017-03-27,4.87,TYVIX
2017-03-28,4.75,TYVIX
2017-03-29,4.69,TYVIX
2017-03-30,4.73,TYVIX
2017-03-31,4.68,TYVIX
2017-04-03,4.95,TYVIX
2017-04-04,5.14,TYVIX
2017-04-05,5.25,TYVIX
2017-04-06,5.12,TYVIX
2017-04-07,5.08,TYVIX
2017-04-10,5.3,TYVIX
2017-04-11,5.67,TYVIX
2017-04-12,5.89,TYVIX
2017-04-13,5.59,TYVIX
2017-04-17,5.67,TYVIX
2017-04-18,5.81,TYVIX
2017-04-19,5.74,TYVIX
2017-04-20,5.76,TYVIX
2017-04-21,6.28,TYVIX
2017-04-24,5.08,TYVIX
2017-04-25,4.87,TYVIX
2017-04-26,4.79,TYVIX
2017-04-27,4.59,TYVIX
2017-04-28,4.65,TYVIX
2017-05-01,4.75,TYVIX
2017-05-02,4.73,TYVIX
2017-05-03,4.69,TYVIX
2017-05-04,4.83,TYVIX
2017-05-05,4.85,TYVIX
2017-05-08,4.52,TYVIX
2017-05-09,4.56,TYVIX
2017-05-10,4.38,TYVIX
2017-05-11,4.52,TYVIX
2017-05-12,4.48,TYVIX
2017-05-15,4.41,TYVIX
2017-05-16,4.36,TYVIX
2017-05-17,5.0,TYVIX
2017-05-18,4.67,TYVIX
2017-05-19,4.6,TYVIX
2017-05-22,4.53,TYVIX
2017-05-23,4.53,TYVIX
2017-05-24,4.45,TYVIX
2017-05-25,4.37,TYVIX
2017-05-26,4.28,TYVIX
2017-05-30,4.57,TYVIX
2017-05-31,4.57,TYVIX
2017-06-01,4.51,TYVIX
2017-06-02,4.36,TYVIX
2017-06-05,4.37,TYVIX
2017-06-06,4.53,TYVIX
2017-06-07,4.5,TYVIX
2017-06-08,4.38,TYVIX
2017-06-09,4.21,TYVIX
2017-06-12,4.25,TYVIX
2017-06-13,4.22,TYVIX
2017-06-14,4.25,TYVIX
2017-06-15,4.17,TYVIX
2017-06-16,3.98,TYVIX
2017-06-19,4.2,TYVIX
2017-06-20,4.16,TYVIX
2017-06-21,4.24,TYVIX
2017-06-22,4.11,TYVIX
2017-06-23,4.05,TYVIX
2017-06-26,3.98,TYVIX
2017-06-27,4.29,TYVIX
2017-06-28,4.3,TYVIX
2017-06-29,4.63,TYVIX
2017-06-30,4.87,TYVIX
2017-07-03,4.82,TYVIX
2017-07-05,4.64,TYVIX
2017-07-06,4.68,TYVIX
2017-07-07,4.45,TYVIX
2017-07-10,4.38,TYVIX
2017-07-11,4.43,TYVIX
2017-07-12,4.3,TYVIX
2017-07-13,4.28,TYVIX
2017-07-14,3.75,TYVIX
2017-07-17,3.89,TYVIX
2017-07-18,3.93,TYVIX
2017-07-19,3.87,TYVIX
2017-07-20,3.72,TYVIX
2017-07-21,3.64,TYVIX
2017-07-24,3.88,TYVIX
2017-07-25,4.2,TYVIX
2017-07-26,3.81,TYVIX
2017-07-27,3.89,TYVIX
2017-07-28,3.85,TYVIX
2017-07-31,4.0,TYVIX
2017-08-01,4.05,TYVIX
2017-08-02,3.88,TYVIX
2017-08-03,3.86,TYVIX
2017-08-04,3.74,TYVIX
2017-08-07,3.83,TYVIX
2017-08-08,4.0,TYVIX
2017-08-09,4.26,TYVIX
2017-08-10,4.56,TYVIX
2017-08-11,4.43,TYVIX
2017-08-14,4.19,TYVIX
2017-08-15,4.08,TYVIX
2017-08-16,4.03,TYVIX
2017-08-17,4.22,TYVIX
2017-08-18,4.19,TYVIX
2017-08-21,4.39,TYVIX
2017-08-22,4.15,TYVIX
2017-08-23,4.29,TYVIX
2017-08-24,4.25,TYVIX
2017-08-25,4.01,TYVIX
2017-08-28,3.92,TYVIX
2017-08-29,4.19,TYVIX
2017-08-30,4.19,TYVIX
2017-08-31,4.14,TYVIX
2017-09-01,3.93,TYVIX
2017-09-05,4.54,TYVIX
2017-09-06,4.52,TYVIX
2017-09-07,4.6,TYVIX
2017-09-08,4.62,TYVIX
2017-09-11,4.27,TYVIX
2017-09-12,4.19,TYVIX
2017-09-13,4.17,TYVIX
2017-09-14,4.12,TYVIX
2017-09-15,3.78,TYVIX
2017-09-18,4.01,TYVIX
2017-09-19,4.05,TYVIX
2017-09-20,4.08,TYVIX
2017-09-21,3.92,TYVIX
2017-09-22,4.11,TYVIX
2017-09-25,4.32,TYVIX
2017-09-26,4.1,TYVIX
2017-09-27,4.15,TYVIX
2017-09-28,4.08,TYVIX
2017-09-29,4.24,TYVIX
2017-10-02,4.33,TYVIX
2017-10-03,4.21,TYVIX
2017-10-04,4.23,TYVIX
2017-10-05,4.3,TYVIX
2017-10-06,4.35,TYVIX
2017-10-09,4.38,TYVIX
2017-10-10,4.34,TYVIX
2017-10-11,4.2,TYVIX
2017-10-12,4.21,TYVIX
2017-10-13,3.93,TYVIX
2017-10-16,3.93,TYVIX
2017-10-17,4.04,TYVIX
2017-10-18,4.18,TYVIX
2017-10-19,4.13,TYVIX
2017-10-20,4.39,TYVIX
2017-10-23,4.41,TYVIX
2017-10-24,4.52,TYVIX
2017-10-25,4.53,TYVIX
2017-10-26,4.47,TYVIX
2017-10-27,4.03,TYVIX
2017-10-30,4.12,TYVIX
2017-10-31,4.09,TYVIX
2017-11-01,3.95,TYVIX
2017-11-02,3.73,TYVIX
2017-11-03,3.55,TYVIX
2017-11-06,3.71,TYVIX
2017-11-07,3.67,TYVIX
2017-11-08,3.66,TYVIX
2017-11-09,3.69,TYVIX
2017-11-10,3.84,TYVIX
2017-11-13,3.9,TYVIX
2017-11-14,3.86,TYVIX
2017-11-15,3.93,TYVIX
2017-11-16,3.88,TYVIX
2017-11-17,3.81,TYVIX
2017-11-20,3.83,TYVIX
2017-11-21,3.79,TYVIX
2017-11-22,3.59,TYVIX
2017-11-24,3.4,TYVIX
2017-11-27,3.6,TYVIX
2017-11-28,3.6,TYVIX
2017-11-29,3.62,TYVIX
2017-11-30,3.86,TYVIX
2017-12-01,4.03,TYVIX
2017-12-04,4.06,TYVIX
2017-12-05,3.93,TYVIX
2017-12-06,3.79,TYVIX
2017-12-07,3.78,TYVIX
2017-12-08,3.59,TYVIX
2017-12-11,3.65,TYVIX
2017-12-12,3.72,TYVIX
2017-12-13,3.44,TYVIX
2017-12-14,3.5,TYVIX
2017-12-15,3.21,TYVIX
2017-12-18,3.32,TYVIX
2017-12-19,3.43,TYVIX
2017-12-20,3.52,TYVIX
2017-12-22,3.61,TYVIX
2017-12-26,3.55,TYVIX
2017-12-27,3.42,TYVIX
2017-12-28,3.49,TYVIX
2017-12-29,3.52,TYVIX
2018-01-02,3.73,TYVIX
2018-01-03,3.55,TYVIX
2018-01-04,3.6,TYVIX
2018-01-05,3.44,TYVIX
2018-01-08,3.52,TYVIX
2018-01-09,3.78,TYVIX
2018-01-10,3.68,TYVIX
2018-01-11,3.68,TYVIX
2018-01-12,3.63,TYVIX
2018-01-16,3.66,TYVIX
2018-01-17,3.69,TYVIX
2018-01-18,3.96,TYVIX
2018-01-19,4.27,TYVIX
2018-01-22,4.14,TYVIX
2018-01-23,4.03,TYVIX
2018-01-24,4.18,TYVIX
2018-01-25,3.99,TYVIX
2018-01-26,4.4,TYVIX
2018-01-29,4.39,TYVIX
2018-01-30,4.51,TYVIX
2018-01-31,4.37,TYVIX
2018-02-01,4.49,TYVIX
2018-02-02,4.48,TYVIX
2018-02-05,5.08,TYVIX
2018-02-06,5.13,TYVIX
2018-02-07,5.15,TYVIX
2018-02-08,6.07,TYVIX
2018-02-09,5.78,TYVIX
2018-02-12,5.35,TYVIX
2018-02-13,5.43,TYVIX
2018-02-14,5.33,TYVIX
2018-02-15,4.8,TYVIX
2018-02-16,4.56,TYVIX
2018-02-20,4.77,TYVIX
2018-02-21,4.83,TYVIX
2018-02-22,4.78,TYVIX
2018-02-23,4.88,TYVIX
2018-02-26,4.84,TYVIX
2018-02-27,4.86,TYVIX
2018-02-28,4.83,TYVIX
2018-03-01,4.82,TYVIX
2018-03-02,4.92,TYVIX
2018-03-05,4.89,TYVIX
2018-03-06,4.72,TYVIX
2018-03-07,4.78,TYVIX
2018-03-08,4.51,TYVIX
2018-03-09,4.3,TYVIX
2018-03-12,4.2,TYVIX
2018-03-13,4.04,TYVIX
2018-03-14,4.2,TYVIX
2018-03-15,4.13,TYVIX
2018-03-16,4.1,TYVIX
2018-03-19,4.38,TYVIX
2018-03-20,4.4,TYVIX
2018-03-21,3.87,TYVIX
2018-03-22,4.0,TYVIX
2018-03-23,4.12,TYVIX
2018-03-26,3.94,TYVIX
2018-03-27,4.04,TYVIX
2018-03-28,4.14,TYVIX
2018-03-29,4.17,TYVIX
2018-04-02,4.33,TYVIX
2018-04-03,4.02,TYVIX
2018-04-04,3.93,TYVIX
2018-04-05,3.88,TYVIX
2018-04-06,3.85,TYVIX
2018-04-09,3.82,TYVIX
2018-04-10,3.78,TYVIX
2018-04-11,3.72,TYVIX
2018-04-12,3.72,TYVIX
2018-04-13,3.53,TYVIX
2018-04-16,3.64,TYVIX
2018-04-17,3.46,TYVIX
2018-04-18,3.66,TYVIX
2018-04-19,3.72,TYVIX
2018-04-20,3.76,TYVIX
2018-04-23,3.87,TYVIX
2018-04-24,3.99,TYVIX
2018-04-25,4.31,TYVIX
2018-04-26,4.06,TYVIX
2018-04-27,3.81,TYVIX
2018-04-30,3.93,TYVIX
2018-05-01,3.98,TYVIX
2018-05-02,3.77,TYVIX
2018-05-03,3.72,TYVIX
2018-05-04,3.58,TYVIX
2018-05-07,3.68,TYVIX
2018-05-08,3.85,TYVIX
2018-05-09,3.85,TYVIX
2018-05-10,3.61,TYVIX
2018-05-11,3.44,TYVIX
2018-05-14,3.58,TYVIX
2018-05-15,3.87,TYVIX
2018-05-16,4.08,TYVIX
2018-05-17,4.05,TYVIX
2018-05-18,3.82,TYVIX
2018-05-21,4.1,TYVIX
2018-05-22,3.87,TYVIX
2018-05-23,3.96,TYVIX
2018-05-24,3.74,TYVIX
2018-05-25,3.81,TYVIX
2018-05-29,5.08,TYVIX
2018-05-30,4.8,TYVIX
2018-05-31,4.54,TYVIX
2018-06-01,4.08,TYVIX
2018-06-04,4.08,TYVIX
2018-06-05,4.08,TYVIX
2018-06-06,4.22,TYVIX
2018-06-07,4.31,TYVIX
2018-06-08,4.38,TYVIX
2018-06-11,4.43,TYVIX
2018-06-12,4.34,TYVIX
2018-06-13,4.07,TYVIX
2018-06-14,3.95,TYVIX
2018-06-15,3.66,TYVIX
2018-06-18,3.74,TYVIX
2018-06-19,3.95,TYVIX
2018-06-20,3.79,TYVIX
2018-06-21,4.01,TYVIX
2018-06-22,3.76,TYVIX
2018-06-25,4.01,TYVIX
2018-06-26,3.79,TYVIX
2018-06-27,3.98,TYVIX
2018-06-28,3.92,TYVIX
2018-06-29,3.72,TYVIX
2018-07-02,3.79,TYVIX
2018-07-03,3.87,TYVIX
2018-07-05,3.87,TYVIX
2018-07-06,3.71,TYVIX
2018-07-09,3.77,TYVIX
2018-07-10,3.79,TYVIX
2018-07-11,3.86,TYVIX
2018-07-12,3.69,TYVIX
2018-07-13,3.63,TYVIX
2018-07-16,3.76,TYVIX
2018-07-17,3.65,TYVIX
2018-07-18,3.62,TYVIX
2018-07-19,3.65,TYVIX
2018-07-20,3.76,TYVIX
2018-07-23,4.09,TYVIX
2018-07-24,3.94,TYVIX
2018-07-25,3.92,TYVIX
2018-07-26,3.91,TYVIX
2018-07-27,3.74,TYVIX
2018-07-30,3.97,TYVIX
2018-07-31,3.65,TYVIX
2018-08-01,3.79,TYVIX
2018-08-02,3.78,TYVIX
2018-08-03,3.69,TYVIX
2018-08-06,3.68,TYVIX
2018-08-07,3.65,TYVIX
2018-08-08,3.63,TYVIX
2018-08-09,3.58,TYVIX
2018-08-10,3.94,TYVIX
2018-08-13,4.15,TYVIX
2018-08-14,3.86,TYVIX
2018-08-15,3.99,TYVIX
2018-08-16,3.88,TYVIX
2018-08-17,3.87,TYVIX
2018-08-20,3.97,TYVIX
2018-08-21,3.73,TYVIX
2018-08-22,3.8,TYVIX
2018-08-23,3.72,TYVIX
2018-08-24,3.51,TYVIX
2018-08-27,3.58,TYVIX
2018-08-28,3.69,TYVIX
2018-08-29,3.58,TYVIX
2018-08-30,3.74,TYVIX
2018-08-31,3.65,TYVIX
2018-09-04,3.81,TYVIX
2018-09-05,3.72,TYVIX
2018-09-06,3.72,TYVIX
2018-09-07,3.58,TYVIX
2018-09-10,3.6,TYVIX
2018-09-11,3.52,TYVIX
2018-09-12,3.42,TYVIX
2018-09-13,3.33,TYVIX
2018-09-14,3.16,TYVIX
2018-09-17,3.27,TYVIX
2018-09-18,3.37,TYVIX
2018-09-19,3.54,TYVIX
2018-09-20,3.5,TYVIX
2018-09-21,3.41,TYVIX
2018-09-24,3.62,TYVIX
2018-09-25,3.71,TYVIX
2018-09-26,3.45,TYVIX
2018-09-27,3.33,TYVIX
2018-09-28,3.34,TYVIX
2018-10-01,3.47,TYVIX
2018-10-02,3.46,TYVIX
2018-10-03,3.87,TYVIX
2018-10-04,4.14,TYVIX
2018-10-05,4.21,TYVIX
2018-10-08,4.32,TYVIX
2018-10-09,4.1,TYVIX
2018-10-10,4.42,TYVIX
2018-10-11,4.16,TYVIX
2018-10-12,3.93,TYVIX
2018-10-15,3.89,TYVIX
2018-10-16,3.71,TYVIX
2018-10-17,3.67,TYVIX
2018-10-18,3.78,TYVIX
2018-10-19,3.74,TYVIX
2018-10-22,3.93,TYVIX
2018-10-23,4.16,TYVIX
2018-10-24,4.69,TYVIX
2018-10-25,4.28,TYVIX
2018-10-26,4.69,TYVIX
2018-10-29,4.67,TYVIX
2018-10-30,4.64,TYVIX
2018-10-31,4.41,TYVIX
2018-11-01,4.34,TYVIX
2018-11-02,4.58,TYVIX
2018-11-05,4.43,TYVIX
2018-11-06,4.66,TYVIX
2018-11-07,4.01,TYVIX
2018-11-08,4.01,TYVIX
2018-11-09,3.82,TYVIX
2018-11-12,3.9,TYVIX
2018-11-13,4.08,TYVIX
2018-11-14,4.17,TYVIX
2018-11-15,4.07,TYVIX
2018-11-16,4.21,TYVIX
2018-11-19,4.37,TYVIX
2018-11-20,4.29,TYVIX
2018-11-21,4.32,TYVIX
2018-11-23,4.01,TYVIX
2018-11-26,3.94,TYVIX
2018-11-27,3.89,TYVIX
2018-11-28,3.83,TYVIX
2018-11-29,3.85,TYVIX
2018-11-30,3.88,TYVIX
2018-12-03,3.76,TYVIX
2018-12-04,3.99,TYVIX
2018-12-06,4.23,TYVIX
2018-12-07,4.35,TYVIX
2018-12-10,4.38,TYVIX
2018-12-11,4.29,TYVIX
2018-12-12,4.01,TYVIX
2018-12-13,3.81,TYVIX
2018-12-14,3.66,TYVIX
2018-12-17,4.04,TYVIX
2018-12-18,4.11,TYVIX
2018-12-19,3.83,TYVIX
2018-12-20,4.31,TYVIX
2018-12-21,4.89,TYVIX
2018-12-24,4.91,TYVIX
2018-12-26,4.41,TYVIX
2018-12-27,4.57,TYVIX
2018-12-28,4.55,TYVIX
2018-12-31,4.58,TYVIX
2019-01-02,4.39,TYVIX
2019-01-03,5.04,TYVIX
2019-01-04,4.63,TYVIX
2019-01-07,4.48,TYVIX
2019-01-08,4.42,TYVIX
2019-01-09,4.29,TYVIX
2019-01-10,4.16,TYVIX
2019-01-11,4.02,TYVIX
2019-01-14,4.05,TYVIX
2019-01-15,3.97,TYVIX
2019-01-16,3.92,TYVIX
2019-01-17,4.02,TYVIX
2019-01-18,3.84,TYVIX
2019-01-22,4.25,TYVIX
2019-01-23,4.1,TYVIX
2019-01-24,4.07,TYVIX
2019-01-25,3.8,TYVIX
2019-01-28,3.87,TYVIX
2019-01-29,3.92,TYVIX
2019-01-30,3.79,TYVIX
2019-01-31,3.83,TYVIX
2019-02-01,3.66,TYVIX
2019-02-04,3.73,TYVIX
2019-02-05,3.64,TYVIX
2019-02-06,3.6,TYVIX
2019-02-07,3.66,TYVIX
2019-02-08,3.64,TYVIX
2019-02-11,3.68,TYVIX
2019-02-12,3.72,TYVIX
2019-02-13,3.6,TYVIX
2019-02-14,3.62,TYVIX
2019-02-15,3.42,TYVIX
2019-02-19,3.64,TYVIX
2019-02-20,3.47,TYVIX
2019-02-21,3.61,TYVIX
2019-02-22,3.55,TYVIX
2019-02-25,3.58,TYVIX
2019-02-26,3.69,TYVIX
2019-02-27,3.89,TYVIX
2019-02-28,3.86,TYVIX
2019-03-01,3.88,TYVIX
2019-03-04,3.86,TYVIX
2019-03-05,3.84,TYVIX
2019-03-06,3.64,TYVIX
2019-03-07,3.71,TYVIX
2019-03-08,3.62,TYVIX
2019-03-11,3.69,TYVIX
2019-03-12,3.76,TYVIX
2019-03-13,3.75,TYVIX
2019-03-14,3.76,TYVIX
2019-03-15,3.76,TYVIX
2019-03-18,3.55,TYVIX
2019-03-19,3.45,TYVIX
2019-03-20,3.42,TYVIX
2019-03-21,3.55,TYVIX
2019-03-22,4.29,TYVIX
2019-03-25,5.24,TYVIX
2019-03-26,4.54,TYVIX
2019-03-27,4.78,TYVIX
2019-03-28,4.42,TYVIX
2019-03-29,4.39,TYVIX
2019-04-01,3.91,TYVIX
2019-04-02,3.97,TYVIX
2019-04-03,3.77,TYVIX
2019-04-04,3.78,TYVIX
2019-04-05,3.62,TYVIX
2019-04-08,3.64,TYVIX
2019-04-09,3.68,TYVIX
2019-04-10,3.59,TYVIX
2019-04-11,3.42,TYVIX
2019-04-12,3.45,TYVIX
2019-04-15,3.5,TYVIX
2019-04-16,3.62,TYVIX
2019-04-17,3.68,TYVIX
2019-04-18,3.56,TYVIX
2019-04-22,3.56,TYVIX
2019-04-23,3.91,TYVIX
2019-04-24,3.9,TYVIX
2019-04-25,3.81,TYVIX
2019-04-26,3.64,TYVIX
2019-04-29,4.07,TYVIX
2019-04-30,3.96,TYVIX
2019-05-01,3.83,TYVIX
2019-05-02,3.72,TYVIX
2019-05-03,3.59,TYVIX
2019-05-06,3.99,TYVIX
2019-05-07,4.35,TYVIX
2019-05-08,4.18,TYVIX
2019-05-09,4.31,TYVIX
2019-05-10,4.03,TYVIX
2019-05-13,4.37,TYVIX
2019-05-14,4.15,TYVIX
2019-05-15,4.11,TYVIX
2019-05-16,4.0,TYVIX
2019-05-17,4.1,TYVIX
2019-05-20,4.18,TYVIX
2019-05-21,4.08,TYVIX
2019-05-22,4.08,TYVIX
2019-05-23,4.41,TYVIX
2019-05-24,4.22,TYVIX
2019-05-28,4.77,TYVIX
2019-05-29,4.69,TYVIX
2019-05-30,4.66,TYVIX
2019-05-31,5.61,TYVIX
2019-06-03,5.72,TYVIX
2019-06-04,5.21,TYVIX
2019-06-05,5.28,TYVIX
2019-06-06,5.08,TYVIX
2019-06-07,4.64,TYVIX
2019-06-10,4.42,TYVIX
2019-06-11,4.49,TYVIX
2019-06-12,4.69,TYVIX
2019-06-13,5.28,TYVIX
2019-06-14,5.41,TYVIX
2019-06-17,5.36,TYVIX
2019-06-18,5.22,TYVIX
2019-06-19,4.85,TYVIX
2019-06-20,4.84,TYVIX
2019-06-21,4.85,TYVIX
2019-06-24,4.96,TYVIX
2019-06-25,5.05,TYVIX
2019-06-26,4.75,TYVIX
2019-06-27,4.78,TYVIX
2019-06-28,4.7,TYVIX
2019-07-01,4.38,TYVIX
2019-07-02,4.39,TYVIX
2019-07-03,4.33,TYVIX
2019-07-08,4.27,TYVIX
2019-07-09,4.27,TYVIX
2019-07-10,4.25,TYVIX
2019-07-11,4.36,TYVIX
2019-07-12,4.2,TYVIX
2019-07-15,4.34,TYVIX
2019-07-16,4.32,TYVIX
2019-07-17,4.38,TYVIX
2019-07-18,4.41,TYVIX
2019-07-19,4.28,TYVIX
2019-07-22,4.37,TYVIX
2019-07-23,4.41,TYVIX
2019-07-24,4.47,TYVIX
2019-07-25,4.58,TYVIX
2019-07-26,4.24,TYVIX
2019-07-29,4.35,TYVIX
2019-07-30,4.28,TYVIX
2019-07-31,4.22,TYVIX
2019-08-01,4.95,TYVIX
2019-08-02,4.84,TYVIX
2019-08-05,5.76,TYVIX
2019-08-06,5.41,TYVIX
2019-08-07,5.6,TYVIX
2019-08-08,5.47,TYVIX
2019-08-09,5.18,TYVIX
2019-08-12,5.76,TYVIX
2019-08-13,5.38,TYVIX
2019-08-14,5.87,TYVIX
2019-08-15,6.4,TYVIX
2019-08-16,5.94,TYVIX
2019-08-19,5.72,TYVIX
2019-08-20,5.75,TYVIX
2019-08-21,5.38,TYVIX
2019-08-22,5.35,TYVIX
2019-08-23,5.59,TYVIX
2019-08-26,5.51,TYVIX
2019-08-27,5.54,TYVIX
2019-08-28,5.43,TYVIX
2019-08-29,5.23,TYVIX
2019-08-30,5.29,TYVIX
2019-09-03,5.36,TYVIX
2019-09-04,5.21,TYVIX
2019-09-05,5.1,TYVIX
2019-09-06,4.8,TYVIX
2019-09-09,4.88,TYVIX
2019-09-10,5.11,TYVIX
2019-09-11,5.14,TYVIX
2019-09-12,5.14,TYVIX
2019-09-13,5.88,TYVIX
2019-09-16,5.97,TYVIX
2019-09-17,5.83,TYVIX
2019-09-18,5.66,TYVIX
2019-09-19,5.33,TYVIX
2019-09-20,5.61,TYVIX
2019-09-23,5.55,TYVIX
2019-09-24,5.64,TYVIX
2019-09-25,5.5,TYVIX
2019-09-26,5.43,TYVIX
2019-09-27,5.34,TYVIX
2019-09-30,5.29,TYVIX
2019-10-01,5.66,TYVIX
2019-10-02,5.57,TYVIX
2019-10-03,5.33,TYVIX
2019-10-04,5.18,TYVIX
2019-10-07,5.23,TYVIX
2019-10-08,5.33,TYVIX
2019-10-09,5.18,TYVIX
2019-10-10,5.21,TYVIX
2019-10-11,5.35,TYVIX
2019-10-14,5.28,TYVIX
2019-10-15,5.31,TYVIX
2019-10-16,5.19,TYVIX
2019-10-17,5.23,TYVIX
2019-10-18,5.32,TYVIX
2019-10-21,5.38,TYVIX
2019-10-22,5.21,TYVIX
2019-10-23,5.08,TYVIX
2019-10-24,4.78,TYVIX
2019-10-25,4.61,TYVIX
2019-10-28,4.88,TYVIX
2019-10-29,4.7,TYVIX
2019-10-30,4.35,TYVIX
2019-10-31,4.4,TYVIX
2019-11-01,4.08,TYVIX
2019-11-04,4.2,TYVIX
2019-11-05,4.3,TYVIX
2019-11-06,4.27,TYVIX
2019-11-07,4.94,TYVIX
2019-11-08,4.69,TYVIX
2019-11-11,4.76,TYVIX
2019-11-12,4.62,TYVIX
2019-11-13,4.46,TYVIX
2019-11-14,4.5,TYVIX
2019-11-15,4.28,TYVIX
2019-11-18,4.34,TYVIX
2019-11-19,4.28,TYVIX
2019-11-20,4.48,TYVIX
2019-11-21,4.31,TYVIX
2019-11-22,4.11,TYVIX
2019-11-25,4.12,TYVIX
2019-11-26,4.18,TYVIX
2019-11-27,4.05,TYVIX
2019-11-29,4.18,TYVIX
2019-12-02,4.35,TYVIX
2019-12-03,4.59,TYVIX
2019-12-04,4.47,TYVIX
2019-12-05,4.51,TYVIX
2019-12-06,4.54,TYVIX
2019-12-09,4.75,TYVIX
2019-12-10,4.63,TYVIX
2019-12-11,4.45,TYVIX
2019-12-12,4.53,TYVIX
2019-12-13,4.11,TYVIX
2019-12-16,3.97,TYVIX
2019-12-17,3.89,TYVIX
2019-12-18,3.87,TYVIX
2019-12-19,3.93,TYVIX
2019-12-20,3.91,TYVIX
2019-12-23,4.15,TYVIX
2019-12-24,4.12,TYVIX
2019-12-26,4.16,TYVIX
2019-12-27,3.93,TYVIX
2019-12-30,4.22,TYVIX
2019-12-31,4.13,TYVIX
2020-01-02,4.09,TYVIX
2020-01-03,4.3,TYVIX
2020-01-06,4.36,TYVIX
2020-01-07,4.31,TYVIX
2020-01-08,4.24,TYVIX
2020-01-09,4.03,TYVIX
2020-01-10,3.72,TYVIX
2020-01-13,3.67,TYVIX
2020-01-14,3.73,TYVIX
2020-01-15,3.74,TYVIX
2020-01-16,3.74,TYVIX
2020-01-17,3.5,TYVIX
2020-01-21,3.95,TYVIX
2020-01-22,3.95,TYVIX
2020-01-23,4.12,TYVIX
2020-01-24,4.28,TYVIX
2020-01-27,4.82,TYVIX
2020-01-28,4.63,TYVIX
2020-01-29,4.81,TYVIX
2020-01-30,4.72,TYVIX
2020-01-31,5.35,TYVIX
2020-02-03,5.07,TYVIX
2020-02-04,4.59,TYVIX
2020-02-05,4.35,TYVIX
2020-02-06,4.06,TYVIX
2020-02-07,4.49,TYVIX
2020-02-10,4.64,TYVIX
2020-02-11,4.43,TYVIX
2020-02-12,4.25,TYVIX
2020-02-13,4.31,TYVIX
2020-02-14,4.27,TYVIX
2020-02-18,4.54,TYVIX
2020-02-19,4.5,TYVIX
2020-02-20,4.6,TYVIX
2020-02-21,4.94,TYVIX
2020-02-24,5.69,TYVIX
2020-02-25,5.55,TYVIX
2020-02-26,5.75,TYVIX
2020-02-27,6.31,TYVIX
2020-02-28,7.58,TYVIX
2020-03-02,6.56,TYVIX
2020-03-03,6.76,TYVIX
2020-03-04,5.85,TYVIX
2020-03-05,6.55,TYVIX
2020-03-06,9.8,TYVIX
2020-03-09,14.19,TYVIX
2020-03-10,10.45,TYVIX
2020-03-11,10.95,TYVIX
2020-03-12,13.6,TYVIX
2020-03-13,9.55,TYVIX
2020-03-16,10.45,TYVIX
2020-03-17,9.58,TYVIX
2020-03-18,15.39,TYVIX
2020-03-19,16.39,TYVIX
2020-03-20,13.28,TYVIX
2020-03-23,13.16,TYVIX
2020-03-24,9.5,TYVIX
2020-03-25,8.15,TYVIX
2020-03-26,9.55,TYVIX
2020-03-27,8.27,TYVIX
2020-03-30,9.53,TYVIX
2020-03-31,8.35,TYVIX
2020-04-01,7.73,TYVIX
2020-04-02,6.6,TYVIX
2020-04-03,6.11,TYVIX
2020-04-06,6.08,TYVIX
2020-04-07,6.97,TYVIX
2020-04-08,6.74,TYVIX
2020-04-09,6.58,TYVIX
2020-04-13,6.78,TYVIX
2020-04-14,6.12,TYVIX
2020-04-15,6.66,TYVIX
2020-04-16,6.46,TYVIX
2020-04-17,6.93,TYVIX
2020-04-20,7.06,TYVIX
2020-04-21,7.19,TYVIX
2020-04-22,6.7,TYVIX
2020-04-23,6.31,TYVIX
2020-04-24,5.82,TYVIX
2020-04-27,5.49,TYVIX
2020-04-28,5.46,TYVIX
2020-04-29,5.29,TYVIX
2020-04-30,4.94,TYVIX
2020-05-01,4.75,TYVIX
2020-05-04,4.7,TYVIX
2020-05-05,4.73,TYVIX
2020-05-06,4.9,TYVIX
2020-05-07,5.18,TYVIX
2020-05-08,5.15,TYVIX
2020-05-11,5.26,TYVIX
2020-05-12,5.25,TYVIX
2020-05-13,5.05,TYVIX
2020-05-14,4.93,TYVIX
2020-05-15,4.71,TYVIX
2020-05-18,4.71,TYVIX
2020-05-19,4.71,TYVIX
2020-05-20,4.71,TYVIX
2020-05-21,4.71,TYVIX
2020-05-22,4.71,TYVIX
2020-05-26,4.71,TYVIX
2020-05-27,4.71,TYVIX
2020-05-28,4.71,TYVIX
2020-05-29,4.71,TYVIX
2020-06-01,4.71,TYVIX
2020-06-02,4.71,TYVIX
2020-06-03,4.71,TYVIX
2020-06-04,4.71,TYVIX
2020-06-05,4.71,TYVIX
2020-06-08,4.71,TYVIX
2020-06-09,4.71,TYVIX
2020-06-10,4.71,TYVIX
2020-06-11,4.71,TYVIX
2020-06-12,4.71,TYVIX
2020-06-15,4.71,TYVIX
2020-06-16,4.71,TYVIX
2020-06-17,4.71,TYVIX
2020-06-18,4.71,TYVIX
2020-06-19,4.71,TYVIX
2020-06-22,4.71,TYVIX
2020-06-23,4.71,TYVIX
2020-06-24,4.71,TYVIX
2020-06-25,4.71,TYVIX
2020-06-26,4.71,TYVIX
2020-06-29,4.71,TYVIX
2020-06-30,4.71,TYVIX
2020-07-01,4.71,TYVIX
2020-07-02,4.71,TYVIX
2020-07-06,4.71,TYVIX
2020-07-07,4.71,TYVIX
2020-07-08,4.71,TYVIX
2020-07-09,4.71,TYVIX
2020-07-10,4.71,TYVIX
2020-07-13,4.71,TYVIX
2020-07-14,4.71,TYVIX
2020-07-15,4.71,TYVIX
2020-07-16,4.71,TYVIX
2020-07-17,4.71,TYVIX
2020-07-20,4.71,TYVIX
2020-07-21,4.71,TYVIX
2020-07-22,4.71,TYVIX
2020-07-23,4.71,TYVIX
2020-07-24,4.71,TYVIX
2020-07-27,4.71,TYVIX
2020-07-28,4.71,TYVIX
2020-07-29,4.71,TYVIX
2020-07-30,4.71,TYVIX
2020-07-31,4.71,TYVIX
2020-08-03,4.71,TYVIX
2020-08-04,4.71,TYVIX
2020-08-05,4.71,TYVIX
2020-08-06,4.71,TYVIX
2020-08-07,4.71,TYVIX
2020-08-10,4.71,TYVIX
2020-08-11,4.71,TYVIX
2020-08-12,4.71,TYVIX
2020-08-13,4.71,TYVIX
2020-08-14,4.71,TYVIX
2020-08-17,4.71,TYVIX
2020-08-18,4.71,TYVIX
2020-08-19,4.71,TYVIX
2020-08-20,4.71,TYVIX
2020-08-21,4.71,TYVIX
2020-08-24,4.71,TYVIX
2020-08-25,4.71,TYVIX
2020-08-26,4.71,TYVIX
2020-08-27,4.71,TYVIX
2020-08-28,4.71,TYVIX
2020-08-31,4.71,TYVIX
2020-09-01,4.71,TYVIX
2020-09-02,4.71,TYVIX
2020-09-03,4.71,TYVIX
2020-09-04,4.71,TYVIX
2020-09-08,4.71,TYVIX
2020-09-09,4.71,TYVIX
2020-09-10,4.71,TYVIX
2020-09-11,4.71,TYVIX
2020-09-14,4.71,TYVIX
2020-09-15,4.71,TYVIX
2020-09-16,4.71,TYVIX
2020-09-17,4.71,TYVIX
2020-09-18,4.71,TYVIX
2020-09-21,4.71,TYVIX
2020-09-22,4.71,TYVIX
2020-09-23,4.71,TYVIX
2020-09-24,4.71,TYVIX
2020-09-25,4.71,TYVIX
2020-09-28,4.71,TYVIX
2020-09-29,4.71,TYVIX
2020-09-30,4.71,TYVIX
2020-10-01,4.71,TYVIX
2020-10-02,4.71,TYVIX
2020-10-05,4.71,TYVIX
2020-10-06,4.71,TYVIX
2020-10-07,4.71,TYVIX
2020-10-08,4.71,TYVIX
2020-10-09,4.71,TYVIX
2020-10-13,4.71,TYVIX
2020-10-14,4.71,TYVIX
2020-10-15,4.71,TYVIX
2020-10-19,4.71,TYVIX
2020-10-20,4.71,TYVIX
2020-10-21,4.71,TYVIX
2020-10-22,4.71,TYVIX
2020-10-23,4.71,TYVIX
2020-10-26,4.71,TYVIX
2020-10-27,4.71,TYVIX
2020-10-28,4.71,TYVIX
2020-10-29,4.71,TYVIX
2020-10-30,4.71,TYVIX
2020-11-02,4.71,TYVIX
2020-11-03,4.71,TYVIX
2020-11-04,4.71,TYVIX
2020-11-05,4.71,TYVIX
2020-11-06,4.71,TYVIX
2020-11-09,4.71,TYVIX
2020-11-10,4.71,TYVIX
2020-11-11,4.71,TYVIX
2020-11-12,4.71,TYVIX
2020-11-13,4.71,TYVIX
2020-11-16,4.71,TYVIX
2020-11-17,4.71,TYVIX
2020-11-18,4.71,TYVIX
2020-11-19,4.71,TYVIX
2020-11-20,4.71,TYVIX
2020-11-23,4.71,TYVIX
2020-11-24,4.71,TYVIX
2020-11-25,4.71,TYVIX
2020-11-27,4.71,TYVIX
2020-11-30,4.71,TYVIX
2020-12-01,3.62,TYVIX
2020-12-02,3.67,TYVIX
2020-12-03,3.63,TYVIX
2020-12-04,3.65,TYVIX
2020-12-07,3.77,TYVIX
2020-12-08,3.79,TYVIX
2020-12-09,3.7,TYVIX
2020-12-10,3.6,TYVIX
2020-12-11,3.73,TYVIX
2020-12-14,3.66,TYVIX
2020-12-15,3.67,TYVIX
2020-12-16,3.51,TYVIX
2020-12-17,3.48,TYVIX
2020-12-18,3.53,TYVIX
2020-12-21,3.54,TYVIX
2020-12-22,3.28,TYVIX
2020-12-23,3.35,TYVIX
2020-12-24,3.34,TYVIX
2020-12-28,3.53,TYVIX
2020-12-29,3.56,TYVIX
2020-12-30,3.67,TYVIX
2020-12-31,3.82,TYVIX
2021-01-04,3.88,TYVIX
2021-01-05,3.77,TYVIX
2021-01-06,3.77,TYVIX
2021-01-07,3.7,TYVIX
2021-01-08,3.91,TYVIX
2021-01-11,4.17,TYVIX
2021-01-12,3.99,TYVIX
2021-01-13,3.66,TYVIX
2021-01-14,3.93,TYVIX
2021-01-15,3.51,TYVIX
2021-01-19,3.43,TYVIX
2021-01-20,3.23,TYVIX
2021-01-21,3.35,TYVIX
2021-01-22,3.41,TYVIX
2021-01-25,3.52,TYVIX
2021-01-26,3.5,TYVIX
2021-01-27,3.77,TYVIX
2021-01-28,3.6,TYVIX
2021-01-29,3.86,TYVIX
2021-02-01,3.82,TYVIX
2021-02-02,3.75,TYVIX
2021-02-03,3.82,TYVIX
2021-02-04,3.8,TYVIX
2021-02-05,3.64,TYVIX
2021-02-08,3.7,TYVIX
2021-02-09,3.6,TYVIX
2021-02-10,3.35,TYVIX
2021-02-11,3.35,TYVIX
2021-02-12,3.42,TYVIX
2021-02-16,4.26,TYVIX
2021-02-17,4.09,TYVIX
2021-02-18,4.21,TYVIX
2021-02-19,4.55,TYVIX
2021-02-22,4.93,TYVIX
2021-02-23,4.47,TYVIX
2021-02-24,4.62,TYVIX
2021-02-25,8.38,TYVIX
2021-02-26,6.02,TYVIX
2021-03-01,4.99,TYVIX
2021-03-02,4.65,TYVIX
2021-03-03,5.56,TYVIX
2021-03-04,6.17,TYVIX
2021-03-05,5.72,TYVIX
2021-03-08,6.07,TYVIX
2021-03-09,5.47,TYVIX
2021-03-10,5.2,TYVIX
2021-03-11,5.2,TYVIX
2021-03-12,5.72,TYVIX
2021-03-15,5.65,TYVIX
2021-03-16,5.92,TYVIX
2021-03-17,5.34,TYVIX
2021-03-18,5.61,TYVIX
2021-03-19,5.57,TYVIX
2021-03-22,5.35,TYVIX
2021-03-23,5.08,TYVIX
2021-03-24,5.0,TYVIX
2021-03-25,5.28,TYVIX
2021-03-26,5.29,TYVIX
2021-03-29,5.64,TYVIX
2021-03-30,5.63,TYVIX
2021-03-31,5.68,TYVIX
2021-04-01,5.22,TYVIX
2021-04-05,4.84,TYVIX
2021-04-06,4.93,TYVIX
2021-04-07,5.1,TYVIX
2021-04-08,5.13,TYVIX
2021-04-09,5.05,TYVIX
2021-04-12,5.16,TYVIX
2021-04-13,4.74,TYVIX
2021-04-14,4.86,TYVIX
2021-04-15,5.12,TYVIX
2021-04-16,4.97,TYVIX
2021-04-19,5.22,TYVIX
2021-04-20,5.17,TYVIX
2021-04-21,4.96,TYVIX
2021-04-22,4.79,TYVIX
2021-04-23,4.82,TYVIX
2021-04-26,4.82,TYVIX
2021-04-27,4.93,TYVIX
2021-04-28,4.75,TYVIX
2021-04-29,4.6,TYVIX
2021-04-30,4.55,TYVIX
2021-05-03,4.61,TYVIX
2021-05-04,4.82,TYVIX
2021-05-05,4.75,TYVIX
2021-05-06,4.91,TYVIX
2021-05-07,4.44,TYVIX
2021-05-10,4.63,TYVIX
2021-05-11,4.8,TYVIX
2021-05-12,4.93,TYVIX
2021-05-13,4.64,TYVIX
2021-05-14,4.03,TYVIX
2021-05-17,4.29,TYVIX
2021-05-18,4.11,TYVIX
2021-05-19,4.35,TYVIX
2021-05-20,3.97,TYVIX
2021-05-21,3.86,TYVIX
2021-05-24,4.13,TYVIX
2021-05-25,4.1,TYVIX
2021-05-26,4.11,TYVIX
2021-05-27,4.04,TYVIX
2021-05-28,4.06,TYVIX
2021-06-01,4.26,TYVIX
2021-06-02,4.27,TYVIX
2021-06-03,4.41,TYVIX
2021-06-04,4.03,TYVIX
2021-06-07,4.15,TYVIX
2021-06-08,4.24,TYVIX
2021-06-09,4.39,TYVIX
2021-06-10,4.38,TYVIX
2021-06-11,4.35,TYVIX
2021-06-14,4.61,TYVIX
2021-06-15,4.5,TYVIX
2021-06-16,4.91,TYVIX
2021-06-17,4.7,TYVIX
2021-06-18,4.74,TYVIX
2021-06-21,4.74,TYVIX
2021-06-22,4.74,TYVIX
2021-06-23,4.74,TYVIX
2021-06-24,4.74,TYVIX
2021-06-25,4.74,TYVIX
2021-06-28,4.74,TYVIX
2021-06-29,4.74,TYVIX
2021-06-30,4.74,TYVIX
2021-07-01,4.74,TYVIX
2021-07-02,4.74,TYVIX
2021-07-06,4.74,TYVIX
2021-07-07,4.74,TYVIX
2021-07-08,4.74,TYVIX
2021-07-09,4.74,TYVIX
2021-07-12,4.74,TYVIX
2021-07-13,4.74,TYVIX
2021-07-14,4.74,TYVIX
2021-07-15,4.74,TYVIX
2021-07-16,4.74,TYVIX
2021-07-19,4.74,TYVIX
2021-07-20,4.74,TYVIX
2021-07-21,4.74,TYVIX
2021-07-22,4.74,TYVIX
2021-07-23,4.74,TYVIX
2021-07-26,4.74,TYVIX
2021-07-27,4.74,TYVIX
2021-07-28,4.74,TYVIX
2021-07-29,4.74,TYVIX
2021-07-30,4.74,TYVIX
2021-08-02,4.74,TYVIX
2021-08-03,4.74,TYVIX
2021-08-04,4.74,TYVIX
2021-08-05,4.74,TYVIX
2021-08-06,4.74,TYVIX
2021-08-09,4.74,TYVIX
2021-08-10,4.74,TYVIX
2021-08-11,4.74,TYVIX
2021-08-12,4.74,TYVIX
2021-08-13,4.74,TYVIX
2021-08-16,4.74,TYVIX
2021-08-17,4.74,TYVIX
2021-08-18,4.74,TYVIX
2021-08-19,4.74,TYVIX
2021-08-20,4.74,TYVIX
2021-08-23,4.74,TYVIX
2021-08-24,4.74,TYVIX
2021-08-25,4.74,TYVIX
2021-08-26,4.74,TYVIX
2021-08-27,4.74,TYVIX
2021-08-30,4.74,TYVIX
2021-08-31,4.74,TYVIX
2021-09-01,4.74,TYVIX
2021-09-02,4.74,TYVIX
2021-09-03,4.74,TYVIX
2021-09-07,4.74,TYVIX
2021-09-08,4.74,TYVIX
2021-09-09,4.74,TYVIX
2021-09-10,4.74,TYVIX
2021-09-13,4.74,TYVIX
2021-09-14,4.74,TYVIX
2021-09-15,4.74,TYVIX
2021-09-16,4.74,TYVIX
2021-09-17,4.74,TYVIX
2021-09-20,4.74,TYVIX
2021-09-21,4.74,TYVIX
2021-09-22,4.74,TYVIX
2021-09-23,4.74,TYVIX
2021-09-24,4.74,TYVIX
2021-09-27,4.74,TYVIX
2021-09-28,4.74,TYVIX
2021-09-29,4.74,TYVIX
2021-09-30,4.74,TYVIX
2021-10-01,4.74,TYVIX
2021-10-04,4.74,TYVIX
2021-10-05,4.74,TYVIX
2021-10-06,4.74,TYVIX
2021-10-07,4.74,TYVIX
2021-10-08,4.74,TYVIX
2021-10-11,4.74,TYVIX
2021-10-12,4.74,TYVIX
2021-10-13,4.74,TYVIX
2021-10-14,4.74,TYVIX
2021-10-15,4.74,TYVIX
2021-10-18,4.74,TYVIX
2021-10-19,4.74,TYVIX
2021-10-20,4.74,TYVIX
2021-10-21,4.74,TYVIX
2021-10-22,4.74,TYVIX
2021-10-25,4.74,TYVIX
2021-10-26,4.74,TYVIX
2021-10-27,4.74,TYVIX
2021-10-28,4.74,TYVIX
2021-10-29,4.74,TYVIX
2021-11-01,4.74,TYVIX
2021-11-02,4.74,TYVIX
2021-11-03,4.74,TYVIX
2021-11-04,4.74,TYVIX
2021-11-05,4.74,TYVIX
2021-11-08,4.74,TYVIX
2021-11-09,4.74,TYVIX
2021-11-10,4.74,TYVIX
2021-11-11,4.74,TYVIX
2021-11-12,4.74,TYVIX
2021-11-15,4.74,TYVIX
2021-11-16,4.74,TYVIX
2021-11-17,4.74,TYVIX
2021-11-18,4.74,TYVIX
2021-11-19,4.74,TYVIX
2021-11-22,4.74,TYVIX
2021-11-23,4.74,TYVIX
2021-11-24,4.74,TYVIX
2021-11-26,4.74,TYVIX
2021-11-29,4.74,TYVIX
2021-11-30,4.74,TYVIX
2021-12-01,4.74,TYVIX
2021-12-02,4.74,TYVIX
2021-12-03,4.74,TYVIX
2021-12-06,4.74,TYVIX
2021-12-07,4.74,TYVIX
2021-12-08,4.74,TYVIX
2021-12-09,4.74,TYVIX
2021-12-10,4.74,TYVIX
2021-12-13,4.74,TYVIX
2021-12-14,4.74,TYVIX
2021-12-15,4.74,TYVIX
2021-12-16,4.74,TYVIX
2021-12-17,4.74,TYVIX
2021-12-20,4.74,TYVIX
2021-12-21,4.74,TYVIX
2021-12-22,4.74,TYVIX
2021-12-23,4.74,TYVIX
2021-12-27,4.74,TYVIX
2021-12-28,4.74,TYVIX
2021-12-29,4.74,TYVIX
2021-12-30,4.74,TYVIX
2021-12-31,4.74,TYVIX
2022-01-03,4.74,TYVIX
2022-01-04,4.74,TYVIX
2022-01-05,4.74,TYVIX
2022-01-06,4.74,TYVIX
2022-01-07,4.74,TYVIX
2022-01-10,4.74,TYVIX
2022-01-11,4.74,TYVIX
2022-01-12,4.74,TYVIX
2022-01-13,4.74,TYVIX
2022-01-14,4.74,TYVIX
2022-01-18,4.74,TYVIX
2022-01-19,4.74,TYVIX
2022-01-20,4.74,TYVIX
2022-01-21,4.74,TYVIX
2022-01-24,4.74,TYVIX
2022-01-25,4.74,TYVIX
2022-01-26,4.74,TYVIX
2022-01-27,4.74,TYVIX
2022-01-28,4.74,TYVIX
2022-01-31,4.74,TYVIX
2022-02-01,4.74,TYVIX
2022-02-02,4.74,TYVIX
2022-02-03,4.74,TYVIX
2022-02-04,4.74,TYVIX
2022-02-07,4.74,TYVIX
2022-02-08,4.74,TYVIX
2022-02-09,4.74,TYVIX
2022-02-10,4.74,TYVIX
2022-02-11,4.74,TYVIX
2022-02-14,4.74,TYVIX
2022-02-15,4.74,TYVIX
2022-02-16,4.74,TYVIX
2022-02-17,4.74,TYVIX
2022-02-18,4.74,TYVIX
2022-02-22,4.74,TYVIX
2022-02-23,4.74,TYVIX
2022-02-24,4.74,TYVIX
2022-02-25,4.74,TYVIX
2022-02-28,4.74,TYVIX
2022-03-01,4.74,TYVIX
2022-03-02,4.74,TYVIX
2022-03-03,4.74,TYVIX
2022-03-04,4.74,TYVIX
2022-03-07,4.74,TYVIX
2022-03-08,4.74,TYVIX
2022-03-09,4.74,TYVIX
2022-03-10,4.74,TYVIX
2022-03-11,4.74,TYVIX
2022-03-14,4.74,TYVIX
2022-03-15,4.74,TYVIX
2022-03-16,4.74,TYVIX
2022-03-17,4.74,TYVIX
2022-03-18,4.74,TYVIX
2022-03-21,4.74,TYVIX
2022-03-22,4.74,TYVIX
2022-03-23,4.74,TYVIX
2022-03-24,4.74,TYVIX
2022-03-25,4.74,TYVIX
2022-03-28,4.74,TYVIX
2022-03-29,4.74,TYVIX
2022-03-30,4.74,TYVIX
2022-03-31,4.74,TYVIX
2022-04-01,4.74,TYVIX
2022-04-04,4.74,TYVIX
2022-04-05,4.74,TYVIX
2022-04-06,4.74,TYVIX
2022-04-07,4.74,TYVIX
2022-04-08,4.74,TYVIX
2022-04-11,4.74,TYVIX
2022-04-12,4.74,TYVIX
2022-04-13,4.74,TYVIX
2022-04-14,4.74,TYVIX
2022-04-18,4.74,TYVIX
2022-04-19,4.74,TYVIX
2022-04-20,4.74,TYVIX
2022-04-21,4.74,TYVIX
2022-04-22,4.74,TYVIX
2022-04-25,4.74,TYVIX
2022-04-26,4.74,TYVIX
2022-04-27,4.74,TYVIX
2022-04-28,4.74,TYVIX
2022-04-29,4.74,TYVIX
2022-05-02,4.74,TYVIX
2022-05-03,4.74,TYVIX
2022-05-04,4.74,TYVIX
2022-05-05,4.74,TYVIX
2022-05-06,4.74,TYVIX
2022-05-09,4.74,TYVIX
2022-05-10,4.74,TYVIX
2022-05-11,4.74,TYVIX
2022-05-12,4.74,TYVIX
2022-05-13,4.74,TYVIX
2022-05-16,4.74,TYVIX
2022-05-17,4.74,TYVIX
2022-05-18,4.74,TYVIX
2022-05-19,4.74,TYVIX
2022-05-20,4.74,TYVIX
2022-05-23,4.74,TYVIX
2022-05-24,4.74,TYVIX
2022-05-25,4.74,TYVIX
2022-05-26,4.74,TYVIX
2022-05-27,4.74,TYVIX
2022-05-31,4.74,TYVIX
2022-06-01,4.74,TYVIX
2022-06-02,4.74,TYVIX
2022-06-03,4.74,TYVIX
2022-06-06,4.74,TYVIX
2022-06-07,4.74,TYVIX
2022-06-08,4.74,TYVIX
2022-06-09,4.74,TYVIX
2022-06-10,4.74,TYVIX
2022-06-13,4.74,TYVIX
2022-06-14,4.74,TYVIX
2022-06-15,4.74,TYVIX
2022-06-16,4.74,TYVIX
2022-06-17,4.74,TYVIX
2022-06-21,4.74,TYVIX
2022-06-22,4.74,TYVIX
2022-06-23,4.74,TYVIX
2022-06-24,4.74,TYVIX
2022-06-27,4.74,TYVIX
2022-06-28,4.74,TYVIX
2022-06-29,4.74,TYVIX
2022-06-30,4.74,TYVIX
2022-07-01,4.74,TYVIX
2022-07-05,4.74,TYVIX
2022-07-06,4.74,TYVIX
2022-07-07,4.74,TYVIX
2022-07-08,4.74,TYVIX
2022-07-11,4.74,TYVIX
2022-07-12,4.74,TYVIX
2022-07-13,4.74,TYVIX
2022-07-14,4.74,TYVIX
2022-07-15,4.74,TYVIX
2022-07-18,4.74,TYVIX
2022-07-19,4.74,TYVIX
2022-07-20,4.74,TYVIX
2022-07-21,4.74,TYVIX
2022-07-22,4.74,TYVIX
2022-07-25,4.74,TYVIX
2022-07-26,4.74,TYVIX
2022-07-27,4.74,TYVIX
2022-07-28,4.74,TYVIX
2022-07-29,4.74,TYVIX
2022-08-01,4.74,TYVIX
2022-08-02,4.74,TYVIX
2022-08-03,4.74,TYVIX
2022-08-04,4.74,TYVIX
2022-08-05,4.74,TYVIX
2022-08-08,4.74,TYVIX
2022-08-09,4.74,TYVIX
2022-08-10,4.74,TYVIX
2022-08-11,4.74,TYVIX
2022-08-12,4.74,TYVIX
2022-08-15,4.74,TYVIX
2022-08-16,4.74,TYVIX
2022-08-17,4.74,TYVIX
2022-08-18,4.74,TYVIX
2022-08-19,4.74,TYVIX
2022-08-22,4.74,TYVIX
2022-08-23,4.74,TYVIX
2022-08-24,4.74,TYVIX
2022-08-25,4.74,TYVIX
2022-08-26,4.74,TYVIX
2022-08-29,4.74,TYVIX
2022-08-30,4.74,TYVIX
2022-08-31,4.74,TYVIX
2022-09-01,4.74,TYVIX
2022-09-02,4.74,TYVIX
2022-09-06,4.74,TYVIX
2022-09-07,4.74,TYVIX
2022-09-08,4.74,TYVIX
2022-09-09,4.74,TYVIX
2022-09-12,4.74,TYVIX
2022-09-13,4.74,TYVIX
2022-09-14,4.74,TYVIX
2022-09-15,4.74,TYVIX
2022-09-16,4.74,TYVIX
2022-09-19,4.74,TYVIX
2022-09-20,4.74,TYVIX
2022-09-21,4.74,TYVIX
2022-09-22,4.74,TYVIX
2022-09-23,4.74,TYVIX
2022-09-26,4.74,TYVIX
2022-09-27,4.74,TYVIX
2022-09-28,4.74,TYVIX
2022-09-29,4.74,TYVIX
2022-09-30,4.74,TYVIX
2022-10-03,4.74,TYVIX
2022-10-04,4.74,TYVIX
2022-10-05,4.74,TYVIX
2022-10-06,4.74,TYVIX
2022-10-07,4.74,TYVIX
2022-10-10,4.74,TYVIX
2022-10-11,4.74,TYVIX
2022-10-12,4.74,TYVIX
2022-10-13,4.74,TYVIX
2022-10-14,4.74,TYVIX
2022-10-17,4.74,TYVIX
2022-10-18,4.74,TYVIX
2022-10-19,4.74,TYVIX
2022-10-20,4.74,TYVIX
2022-10-21,4.74,TYVIX
2022-10-24,4.74,TYVIX
2022-10-25,4.74,TYVIX
2022-10-26,4.74,TYVIX
2022-10-27,4.74,TYVIX
2022-10-28,4.74,TYVIX
2022-10-31,4.74,TYVIX
2022-11-01,4.74,TYVIX
2022-11-02,4.74,TYVIX
2022-11-03,4.74,TYVIX
2022-11-04,4.74,TYVIX
2022-11-07,4.74,TYVIX
2022-11-08,4.74,TYVIX
2022-11-09,4.74,TYVIX
2022-11-10,4.74,TYVIX
2022-11-11,4.74,TYVIX
2022-11-14,4.74,TYVIX
2022-11-15,4.74,TYVIX
2022-11-16,4.74,TYVIX
2022-11-17,4.74,TYVIX
2022-11-18,4.74,TYVIX
2022-11-21,4.74,TYVIX
2022-11-22,4.74,TYVIX
2022-11-23,4.74,TYVIX
2022-11-25,4.74,TYVIX
2022-11-28,4.74,TYVIX
2022-11-29,4.74,TYVIX
2022-11-30,4.74,TYVIX
2022-12-01,4.74,TYVIX
2022-12-02,4.74,TYVIX
2022-12-05,4.74,TYVIX
2022-12-06,4.74,TYVIX
2022-12-07,4.74,TYVIX
2022-12-08,4.74,TYVIX
2022-12-09,4.74,TYVIX
2022-12-12,4.74,TYVIX
2022-12-13,4.74,TYVIX
2022-12-14,4.74,TYVIX
2022-12-15,4.74,TYVIX
2022-12-16,4.74,TYVIX
2022-12-19,4.74,TYVIX
2022-12-20,4.74,TYVIX
2022-12-21,4.74,TYVIX
2022-12-22,4.74,TYVIX
2022-12-23,4.74,TYVIX
2022-12-27,4.74,TYVIX
2022-12-28,4.74,TYVIX
2022-12-29,4.74,TYVIX
2022-12-30,4.74,TYVIX
2023-01-03,4.74,TYVIX
2023-01-04,4.74,TYVIX
2023-01-05,4.74,TYVIX
2023-01-06,4.74,TYVIX
2023-01-09,4.74,TYVIX
2023-01-10,4.74,TYVIX
2023-01-11,4.74,TYVIX
2023-01-12,4.74,TYVIX
2023-01-13,4.74,TYVIX
2023-01-17,4.74,TYVIX
2023-01-18,4.74,TYVIX
2023-01-19,4.74,TYVIX
2023-01-20,4.74,TYVIX
2023-01-23,4.74,TYVIX
2023-01-24,4.74,TYVIX
2023-01-25,4.74,TYVIX
2023-01-26,4.74,TYVIX
2023-01-27,4.74,TYVIX
2023-01-30,4.74,TYVIX
2023-01-31,4.74,TYVIX
2023-02-01,4.74,TYVIX
2023-02-02,4.74,TYVIX
2023-02-03,4.74,TYVIX
2023-02-06,4.74,TYVIX
2023-02-07,4.74,TYVIX
2023-02-08,4.74,TYVIX
2023-02-09,4.74,TYVIX
2023-02-10,4.74,TYVIX
2023-02-13,4.74,TYVIX
2023-02-14,4.74,TYVIX
2023-02-15,4.74,TYVIX
2023-02-16,4.74,TYVIX
2023-02-17,4.74,TYVIX
2023-02-21,4.74,TYVIX
2023-02-22,4.74,TYVIX
2023-02-23,4.74,TYVIX
2023-02-24,4.74,TYVIX
2023-02-27,4.74,TYVIX
2023-02-28,4.74,TYVIX
2023-03-01,4.74,TYVIX
2023-03-02,4.74,TYVIX
2023-03-03,4.74,TYVIX
2023-03-06,4.74,TYVIX
2023-03-07,4.74,TYVIX
2023-03-08,4.74,TYVIX
2023-03-09,4.74,TYVIX
2023-03-10,4.74,TYVIX
2023-03-13,4.74,TYVIX
2023-03-14,4.74,TYVIX
2023-03-15,4.74,TYVIX
2023-03-16,4.74,TYVIX
2023-03-17,4.74,TYVIX
2023-03-20,4.74,TYVIX
2023-03-21,4.74,TYVIX
2023-03-22,4.74,TYVIX
2023-03-23,4.74,TYVIX
2023-03-24,4.74,TYVIX
2023-03-27,4.74,TYVIX
2023-03-28,4.74,TYVIX
2023-03-29,4.74,TYVIX
2023-03-30,4.74,TYVIX
2023-03-31,4.74,TYVIX
2023-04-03,4.74,TYVIX
2023-04-04,4.74,TYVIX
2023-04-05,4.74,TYVIX
2023-04-06,4.74,TYVIX
2023-04-10,4.74,TYVIX
2023-04-11,4.74,TYVIX
2023-04-12,4.74,TYVIX
2023-04-13,4.74,TYVIX
2023-04-14,4.74,TYVIX
2023-04-17,4.74,TYVIX
2023-04-18,4.74,TYVIX
2023-04-19,4.74,TYVIX
2023-04-20,4.74,TYVIX
2023-04-21,4.74,TYVIX
2023-04-24,4.74,TYVIX
2023-04-25,4.74,TYVIX
2023-04-26,4.74,TYVIX
2023-04-27,4.74,TYVIX
2023-04-28,4.74,TYVIX
2023-05-01,4.74,TYVIX
2023-05-02,4.74,TYVIX
2023-05-03,4.74,TYVIX
2023-05-04,4.74,TYVIX
2023-05-05,4.74,TYVIX
2023-05-08,4.74,TYVIX
2023-05-09,4.74,TYVIX
2023-05-10,4.74,TYVIX
2023-05-11,4.74,TYVIX
2023-05-12,4.74,TYVIX
2023-05-15,4.74,TYVIX
2023-05-16,4.74,TYVIX
2023-05-17,4.74,TYVIX
2023-05-18,4.74,TYVIX
2023-05-19,4.74,TYVIX
2023-05-22,4.74,TYVIX
2023-05-23,4.74,TYVIX
2023-05-24,4.74,TYVIX
2023-05-25,4.74,TYVIX
2023-05-26,4.74,TYVIX
2023-05-30,4.74,TYVIX
2023-05-31,4.74,TYVIX
2023-06-01,4.74,TYVIX
2023-06-02,4.74,TYVIX
2023-06-05,4.74,TYVIX
2023-06-06,4.74,TYVIX
2023-06-07,4.74,TYVIX
2023-06-08,4.74,TYVIX
2023-06-09,4.74,TYVIX
2023-06-12,4.74,TYVIX
2023-06-13,4.74,TYVIX
2023-06-14,4.74,TYVIX
2023-06-15,4.74,TYVIX
2023-06-16,4.74,TYVIX
2023-06-20,4.74,TYVIX
2023-06-21,4.74,TYVIX
2023-06-22,4.74,TYVIX
2023-06-23,4.74,TYVIX
2023-06-26,4.74,TYVIX
2023-06-27,4.74,TYVIX
2023-06-28,4.74,TYVIX
2023-06-29,4.74,TYVIX
2023-06-30,4.74,TYVIX
2023-07-03,4.74,TYVIX
2023-07-05,4.74,TYVIX
2023-07-06,4.74,TYVIX
2023-07-07,4.74,TYVIX
2023-07-10,4.74,TYVIX
2023-07-11,4.74,TYVIX
2023-07-12,4.74,TYVIX
2023-07-13,4.74,TYVIX
2023-07-14,4.74,TYVIX
2012-06-18,97.84,SRVIX
2012-06-19,97.8,SRVIX
2012-06-20,95.64,SRVIX
2012-06-21,93.77,SRVIX
2012-06-22,93.93,SRVIX
2012-06-25,93.61,SRVIX
2012-06-26,93.52,SRVIX
2012-06-27,92.89,SRVIX
2012-06-28,91.97,SRVIX
2012-06-29,92.6,SRVIX
2012-07-02,92.26,SRVIX
2012-07-03,92.28,SRVIX
2012-07-05,92.7,SRVIX
2012-07-06,91.5,SRVIX
2012-07-09,90.18,SRVIX
2012-07-10,89.82,SRVIX
2012-07-11,89.37,SRVIX
2012-07-12,89.37,SRVIX
2012-07-13,88.97,SRVIX
2012-07-16,89.05,SRVIX
2012-07-17,89.68,SRVIX
2012-07-18,88.81,SRVIX
2012-07-19,88.88,SRVIX
2012-07-20,88.65,SRVIX
2012-07-23,88.79,SRVIX
2012-07-24,88.74,SRVIX
2012-07-25,88.74,SRVIX
2012-07-26,88.72,SRVIX
2012-07-27,90.18,SRVIX
2012-07-30,90.88,SRVIX
2012-07-31,89.56,SRVIX
2012-08-01,90.74,SRVIX
2012-08-02,90.92,SRVIX
2012-08-03,91.61,SRVIX
2012-08-06,91.81,SRVIX
2012-08-07,91.95,SRVIX
2012-08-08,92.89,SRVIX
2012-08-09,94.36,SRVIX
2012-08-10,92.0,SRVIX
2012-08-13,91.82,SRVIX
2012-08-14,93.05,SRVIX
2012-08-15,95.51,SRVIX
2012-08-16,96.32,SRVIX
2012-08-17,95.62,SRVIX
2012-08-20,94.79,SRVIX
2012-08-21,94.77,SRVIX
2012-08-22,93.54,SRVIX
2012-08-23,92.52,SRVIX
2012-08-24,91.53,SRVIX
2012-08-27,92.21,SRVIX
2012-08-28,92.69,SRVIX
2012-08-29,93.49,SRVIX
2012-08-30,93.43,SRVIX
2012-08-31,92.97,SRVIX
2012-09-04,92.08,SRVIX
2012-09-05,91.91,SRVIX
2012-09-06,92.15,SRVIX
2012-09-07,92.36,SRVIX
2012-09-10,92.38,SRVIX
2012-09-11,92.42,SRVIX
2012-09-12,94.14,SRVIX
2012-09-13,93.25,SRVIX
2012-09-14,93.05,SRVIX
2012-09-17,92.19,SRVIX
2012-09-18,91.26,SRVIX
2012-09-19,90.69,SRVIX
2012-09-20,89.08,SRVIX
2012-09-21,89.15,SRVIX
2012-09-24,87.98,SRVIX
2012-09-25,87.93,SRVIX
2012-09-26,87.55,SRVIX
2012-09-27,87.17,SRVIX
2012-09-28,86.53,SRVIX
2012-10-01,87.03,SRVIX
2012-10-02,86.73,SRVIX
2012-10-03,87.98,SRVIX
2012-10-04,86.64,SRVIX
2012-10-05,87.21,SRVIX
2012-10-08,87.17,SRVIX
2012-10-09,87.19,SRVIX
2012-10-10,86.65,SRVIX
2012-10-11,85.81,SRVIX
2012-10-12,85.66,SRVIX
2012-10-15,85.59,SRVIX
2012-10-16,87.74,SRVIX
2012-10-17,88.5,SRVIX
2012-10-18,89.69,SRVIX
2012-10-19,89.33,SRVIX
2012-10-22,88.51,SRVIX
2012-10-23,88.47,SRVIX
2012-10-24,88.39,SRVIX
2012-10-25,89.09,SRVIX
2012-10-26,87.9,SRVIX
2012-10-31,88.01,SRVIX
2012-11-01,87.91,SRVIX
2012-11-02,88.21,SRVIX
2012-11-05,87.68,SRVIX
2012-11-06,87.05,SRVIX
2012-11-07,85.89,SRVIX
2012-11-08,83.57,SRVIX
2012-11-09,84.01,SRVIX
2012-11-12,83.97,SRVIX
2012-11-13,83.94,SRVIX
2012-11-14,84.45,SRVIX
2012-11-15,84.47,SRVIX
2012-11-16,84.25,SRVIX
2012-11-19,84.41,SRVIX
2012-11-20,84.65,SRVIX
2012-11-21,85.19,SRVIX
2012-11-23,85.53,SRVIX
2012-11-26,84.62,SRVIX
2012-11-27,84.07,SRVIX
2012-11-28,83.51,SRVIX
2012-11-29,83.97,SRVIX
2012-11-30,83.49,SRVIX
2012-12-03,83.54,SRVIX
2012-12-04,82.34,SRVIX
2012-12-05,82.38,SRVIX
2012-12-06,81.87,SRVIX
2012-12-07,81.84,SRVIX
2012-12-10,81.76,SRVIX
2012-12-11,81.51,SRVIX
2012-12-12,81.83,SRVIX
2012-12-13,82.54,SRVIX
2012-12-14,82.77,SRVIX
2012-12-17,84.02,SRVIX
2012-12-18,85.98,SRVIX
2012-12-19,85.14,SRVIX
2012-12-20,84.27,SRVIX
2012-12-21,84.1,SRVIX
2012-12-24,82.4,SRVIX
2012-12-26,82.39,SRVIX
2012-12-27,82.27,SRVIX
2012-12-28,82.26,SRVIX
2012-12-31,82.48,SRVIX
2013-01-02,83.55,SRVIX
2013-01-03,83.03,SRVIX
2013-01-04,82.95,SRVIX
2013-01-07,82.51,SRVIX
2013-01-08,82.41,SRVIX
2013-01-09,82.06,SRVIX
2013-01-10,82.67,SRVIX
2013-01-11,82.41,SRVIX
2013-01-14,83.46,SRVIX
2013-01-15,80.61,SRVIX
2013-01-16,80.72,SRVIX
2013-01-17,81.69,SRVIX
2013-01-18,81.9,SRVIX
2013-01-22,82.32,SRVIX
2013-01-23,82.35,SRVIX
2013-01-24,82.68,SRVIX
2013-01-25,83.76,SRVIX
2013-01-28,84.81,SRVIX
2013-01-29,84.3,SRVIX
2013-01-30,84.73,SRVIX
2013-01-31,84.41,SRVIX
2013-02-01,84.94,SRVIX
2013-02-04,85.74,SRVIX
2013-02-05,85.95,SRVIX
2013-02-06,86.15,SRVIX
2013-02-07,84.9,SRVIX
2013-02-08,84.94,SRVIX
2013-02-11,84.45,SRVIX
2013-02-12,84.52,SRVIX
2013-02-13,85.1,SRVIX
2013-02-14,84.88,SRVIX
2013-02-15,84.45,SRVIX
2013-02-19,83.23,SRVIX
2013-02-20,83.13,SRVIX
2013-02-21,82.99,SRVIX
2013-02-22,83.14,SRVIX
2013-02-25,83.26,SRVIX
2013-02-26,85.31,SRVIX
2013-02-27,85.3,SRVIX
2013-02-28,85.3,SRVIX
2013-03-01,83.08,SRVIX
2013-03-04,82.83,SRVIX
2013-03-05,82.97,SRVIX
2013-03-06,83.07,SRVIX
2013-03-07,83.84,SRVIX
2013-03-08,84.27,SRVIX
2013-03-11,84.11,SRVIX
2013-03-12,84.07,SRVIX
2013-03-13,84.33,SRVIX
2013-03-14,84.57,SRVIX
2013-03-15,84.22,SRVIX
2013-03-18,84.23,SRVIX
2013-03-19,84.22,SRVIX
2013-03-20,85.64,SRVIX
2013-03-21,85.29,SRVIX
2013-03-22,85.14,SRVIX
2013-03-25,84.83,SRVIX
2013-03-26,84.35,SRVIX
2013-03-27,84.16,SRVIX
2013-03-28,84.06,SRVIX
2013-04-01,83.88,SRVIX
2013-04-02,83.92,SRVIX
2013-04-03,83.28,SRVIX
2013-04-04,80.74,SRVIX
2013-04-05,80.01,SRVIX
2013-04-08,80.15,SRVIX
2013-04-09,79.76,SRVIX
2013-04-10,80.23,SRVIX
2013-04-11,79.59,SRVIX
2013-04-12,79.34,SRVIX
2013-04-15,77.58,SRVIX
2013-04-16,78.04,SRVIX
2013-04-17,77.71,SRVIX
2013-04-18,77.64,SRVIX
2013-04-19,77.67,SRVIX
2013-04-22,77.62,SRVIX
2013-04-23,77.41,SRVIX
2013-04-24,77.32,SRVIX
2013-04-25,77.29,SRVIX
2013-04-26,76.86,SRVIX
2013-04-29,76.88,SRVIX
2013-04-30,77.07,SRVIX
2013-05-01,76.84,SRVIX
2013-05-02,76.9,SRVIX
2013-05-03,77.57,SRVIX
2013-05-06,77.81,SRVIX
2013-05-07,77.85,SRVIX
2013-05-08,77.6,SRVIX
2013-05-09,78.02,SRVIX
2013-05-10,78.16,SRVIX
2013-05-13,79.34,SRVIX
2013-05-14,79.96,SRVIX
2013-05-15,81.23,SRVIX
2013-05-16,80.8,SRVIX
2013-05-17,81.7,SRVIX
2013-05-20,81.47,SRVIX
2013-05-21,81.47,SRVIX
2013-05-22,82.19,SRVIX
2013-05-23,82.68,SRVIX
2013-05-24,82.59,SRVIX
2013-05-28,85.27,SRVIX
2013-05-29,85.99,SRVIX
2013-05-30,91.34,SRVIX
2013-05-31,92.02,SRVIX
2013-06-03,93.52,SRVIX
2013-06-04,94.09,SRVIX
2013-06-05,93.52,SRVIX
2013-06-06,92.89,SRVIX
2013-06-07,93.47,SRVIX
2013-06-10,94.14,SRVIX
2013-06-11,94.49,SRVIX
2013-06-12,96.23,SRVIX
2013-06-13,95.29,SRVIX
2013-06-14,94.07,SRVIX
2013-06-17,94.4,SRVIX
2013-06-18,93.51,SRVIX
2013-06-19,95.28,SRVIX
2013-06-20,101.75,SRVIX
2013-06-21,102.46,SRVIX
2013-06-24,109.8,SRVIX
2013-06-25,109.58,SRVIX
2013-06-26,109.01,SRVIX
2013-06-27,103.71,SRVIX
2013-06-28,104.34,SRVIX
2013-07-01,104.9,SRVIX
2013-07-02,104.74,SRVIX
2013-07-03,105.37,SRVIX
2013-07-05,107.48,SRVIX
2013-07-08,107.16,SRVIX
2013-07-09,106.41,SRVIX
2013-07-10,106.46,SRVIX
2013-07-11,105.83,SRVIX
2013-07-12,105.61,SRVIX
2013-07-15,105.6,SRVIX
2013-07-16,104.21,SRVIX
2013-07-17,103.02,SRVIX
2013-07-18,102.2,SRVIX
2013-07-19,102.11,SRVIX
2013-07-22,101.48,SRVIX
2013-07-23,100.11,SRVIX
2013-07-24,100.82,SRVIX
2013-07-25,100.59,SRVIX
2013-07-26,100.63,SRVIX
2013-07-29,102.12,SRVIX
2013-07-30,102.21,SRVIX
2013-07-31,102.02,SRVIX
2013-08-01,103.74,SRVIX
2013-08-02,101.42,SRVIX
2013-08-05,101.84,SRVIX
2013-08-06,101.9,SRVIX
2013-08-07,101.13,SRVIX
2013-08-08,100.75,SRVIX
2013-08-09,100.26,SRVIX
2013-08-12,100.4,SRVIX
2013-08-13,101.5,SRVIX
2013-08-14,101.79,SRVIX
2013-08-15,104.11,SRVIX
2013-08-16,104.62,SRVIX
2013-08-19,106.36,SRVIX
2013-08-20,106.4,SRVIX
2013-08-21,107.11,SRVIX
2013-08-22,108.86,SRVIX
2013-08-23,108.18,SRVIX
2013-08-26,107.79,SRVIX
2013-08-27,105.51,SRVIX
2013-08-28,106.85,SRVIX
2013-08-29,107.14,SRVIX
2013-08-30,108.1,SRVIX
2013-09-03,109.77,SRVIX
2013-09-04,111.09,SRVIX
2013-09-05,112.3,SRVIX
2013-09-06,111.39,SRVIX
2013-09-09,111.28,SRVIX
2013-09-10,112.03,SRVIX
2013-09-11,111.19,SRVIX
2013-09-12,110.75,SRVIX
2013-09-13,110.29,SRVIX
2013-09-16,106.44,SRVIX
2013-09-17,106.44,SRVIX
2013-09-18,103.66,SRVIX
2013-09-19,100.3,SRVIX
2013-09-20,99.67,SRVIX
2013-09-23,98.8,SRVIX
2013-09-24,98.15,SRVIX
2013-09-25,98.27,SRVIX
2013-09-26,99.42,SRVIX
2013-09-27,99.04,SRVIX
2013-09-30,99.19,SRVIX
2013-10-01,101.01,SRVIX
2013-10-02,100.52,SRVIX
2013-10-03,99.49,SRVIX
2013-10-04,99.06,SRVIX
2013-10-07,99.01,SRVIX
2013-10-08,99.26,SRVIX
2013-10-09,99.25,SRVIX
2013-10-10,99.14,SRVIX
2013-10-11,98.5,SRVIX
2013-10-14,98.28,SRVIX
2013-10-15,99.23,SRVIX
2013-10-16,98.5,SRVIX
2013-10-17,96.82,SRVIX
2013-10-18,96.1,SRVIX
2013-10-21,95.89,SRVIX
2013-10-22,94.49,SRVIX
2013-10-23,92.13,SRVIX
2013-10-24,92.61,SRVIX
2013-10-25,91.87,SRVIX
2013-10-28,92.02,SRVIX
2013-10-29,91.68,SRVIX
2013-10-30,90.13,SRVIX
2013-10-31,90.62,SRVIX
2013-11-01,91.93,SRVIX
2013-11-04,94.64,SRVIX
2013-11-05,95.22,SRVIX
2013-11-06,94.65,SRVIX
2013-11-07,94.69,SRVIX
2013-11-08,96.29,SRVIX
2013-11-11,96.29,SRVIX
2013-11-12,97.79,SRVIX
2013-11-13,97.26,SRVIX
2013-11-14,96.15,SRVIX
2013-11-15,94.01,SRVIX
2013-11-18,92.09,SRVIX
2013-11-19,92.44,SRVIX
2013-11-20,93.06,SRVIX
2013-11-21,94.87,SRVIX
2013-11-22,94.51,SRVIX
2013-11-25,94.73,SRVIX
2013-11-26,94.95,SRVIX
2013-11-27,95.19,SRVIX
2013-11-29,95.32,SRVIX
2013-12-02,97.59,SRVIX
2013-12-03,97.83,SRVIX
2013-12-04,99.64,SRVIX
2013-12-05,99.31,SRVIX
2013-12-06,98.74,SRVIX
2013-12-09,98.44,SRVIX
2013-12-10,97.87,SRVIX
2013-12-11,97.95,SRVIX
2013-12-12,97.39,SRVIX
2013-12-13,97.05,SRVIX
2013-12-16,96.99,SRVIX
2013-12-17,96.42,SRVIX
2013-12-18,96.18,SRVIX
2013-12-19,96.41,SRVIX
2013-12-20,96.26,SRVIX
2013-12-23,96.5,SRVIX
2013-12-24,96.41,SRVIX
2013-12-26,96.51,SRVIX
2013-12-27,95.91,SRVIX
2013-12-30,95.78,SRVIX
2013-12-31,96.25,SRVIX
2014-01-02,95.53,SRVIX
2014-01-03,95.18,SRVIX
2014-01-06,94.79,SRVIX
2014-01-07,94.51,SRVIX
2014-01-08,92.37,SRVIX
2014-01-09,92.3,SRVIX
2014-01-10,90.67,SRVIX
2014-01-13,88.75,SRVIX
2014-01-14,89.21,SRVIX
2014-01-15,88.99,SRVIX
2014-01-16,88.74,SRVIX
2014-01-17,88.64,SRVIX
2014-01-21,88.53,SRVIX
2014-01-22,88.68,SRVIX
2014-01-23,88.19,SRVIX
2014-01-24,87.95,SRVIX
2014-01-27,87.64,SRVIX
2014-01-28,88.04,SRVIX
2014-01-29,87.72,SRVIX
2014-01-30,88.31,SRVIX
2014-01-31,88.56,SRVIX
2014-02-03,88.47,SRVIX
2014-02-04,91.09,SRVIX
2014-02-05,91.48,SRVIX
2014-02-06,91.75,SRVIX
2014-02-07,90.91,SRVIX
2014-02-10,90.83,SRVIX
2014-02-11,89.24,SRVIX
2014-02-12,89.23,SRVIX
2014-02-13,88.77,SRVIX
2014-02-14,87.9,SRVIX
2014-02-18,87.65,SRVIX
2014-02-19,87.91,SRVIX
2014-02-20,87.9,SRVIX
2014-02-21,87.22,SRVIX
2014-02-24,87.31,SRVIX
2014-02-25,86.67,SRVIX
2014-02-26,84.63,SRVIX
2014-02-27,84.78,SRVIX
2014-02-28,84.92,SRVIX
2014-03-03,84.97,SRVIX
2014-03-04,86.79,SRVIX
2014-03-05,86.5,SRVIX
2014-03-06,86.58,SRVIX
2014-03-07,86.68,SRVIX
2014-03-10,85.88,SRVIX
2014-03-11,85.49,SRVIX
2014-03-12,85.38,SRVIX
2014-03-13,85.35,SRVIX
2014-03-14,85.59,SRVIX
2014-03-17,85.43,SRVIX
2014-03-18,85.33,SRVIX
2014-03-19,85.92,SRVIX
2014-03-20,85.62,SRVIX
2014-03-21,84.85,SRVIX
2014-03-24,84.83,SRVIX
2014-03-25,84.46,SRVIX
2014-03-26,84.22,SRVIX
2014-03-27,83.91,SRVIX
2014-03-28,84.13,SRVIX
2014-03-31,83.8,SRVIX
2014-04-01,83.88,SRVIX
2014-04-02,82.76,SRVIX
2014-04-03,82.46,SRVIX
2014-04-04,81.73,SRVIX
2014-04-07,79.6,SRVIX
2014-04-08,78.74,SRVIX
2014-04-09,77.95,SRVIX
2014-04-10,77.48,SRVIX
2014-04-11,77.49,SRVIX
2014-04-14,77.83,SRVIX
2014-04-15,78.28,SRVIX
2014-04-16,78.33,SRVIX
2014-04-17,78.82,SRVIX
2014-04-21,78.67,SRVIX
2014-04-22,78.67,SRVIX
2014-04-23,78.42,SRVIX
2014-04-24,78.37,SRVIX
2014-04-25,78.09,SRVIX
2014-04-28,78.38,SRVIX
2014-04-29,79.64,SRVIX
2014-04-30,79.61,SRVIX
2014-05-01,79.73,SRVIX
2014-05-02,79.06,SRVIX
2014-05-05,79.52,SRVIX
2014-05-06,79.47,SRVIX
2014-05-07,79.47,SRVIX
2014-05-08,79.67,SRVIX
2014-05-09,79.46,SRVIX
2014-05-12,79.54,SRVIX
2014-05-13,79.45,SRVIX
2014-05-14,79.51,SRVIX
2014-05-15,80.11,SRVIX
2014-05-16,80.11,SRVIX
2014-05-19,80.87,SRVIX
2014-05-20,80.93,SRVIX
2014-05-21,80.96,SRVIX
2014-05-22,81.19,SRVIX
2014-05-23,80.58,SRVIX
2014-05-27,80.54,SRVIX
2014-05-28,80.68,SRVIX
2014-05-29,80.96,SRVIX
2014-05-30,81.2,SRVIX
2014-06-02,82.04,SRVIX
2014-06-03,83.62,SRVIX
2014-06-04,83.74,SRVIX
2014-06-05,83.44,SRVIX
2014-06-06,82.95,SRVIX
2014-06-09,82.95,SRVIX
2014-06-10,81.27,SRVIX
2014-06-11,80.65,SRVIX
2014-06-12,80.05,SRVIX
2014-06-13,79.79,SRVIX
2014-06-16,79.56,SRVIX
2014-06-17,79.74,SRVIX
2014-06-18,78.75,SRVIX
2014-06-19,78.24,SRVIX
2014-06-20,77.93,SRVIX
2014-06-23,78.1,SRVIX
2014-06-24,77.99,SRVIX
2014-06-25,77.58,SRVIX
2014-06-26,76.88,SRVIX
2014-06-27,76.31,SRVIX
2014-06-30,76.27,SRVIX
2014-07-01,77.01,SRVIX
2014-07-02,77.66,SRVIX
2014-07-03,77.76,SRVIX
2014-07-07,77.76,SRVIX
2014-07-08,77.02,SRVIX
2014-07-09,76.93,SRVIX
2014-07-10,76.86,SRVIX
2014-07-11,76.83,SRVIX
2014-07-14,77.02,SRVIX
2014-07-15,76.82,SRVIX
2014-07-16,76.71,SRVIX
2014-07-17,76.58,SRVIX
2014-07-18,76.97,SRVIX
2014-07-21,78.87,SRVIX
2014-07-22,77.38,SRVIX
2014-07-23,77.29,SRVIX
2014-07-24,77.43,SRVIX
2014-07-25,77.64,SRVIX
2014-07-28,77.74,SRVIX
2014-07-29,78.01,SRVIX
2014-07-30,79.91,SRVIX
2014-07-31,79.77,SRVIX
2014-08-01,79.37,SRVIX
2014-08-04,79.42,SRVIX
2014-08-05,79.56,SRVIX
2014-08-06,80.08,SRVIX
2014-08-07,80.31,SRVIX
2014-08-08,80.91,SRVIX
2014-08-11,80.92,SRVIX
2014-08-12,81.29,SRVIX
2014-08-13,81.56,SRVIX
2014-08-14,82.06,SRVIX
2014-08-15,82.42,SRVIX
2014-08-18,82.8,SRVIX
2014-08-19,83.03,SRVIX
2014-08-20,82.92,SRVIX
2014-08-21,82.44,SRVIX
2014-08-22,81.79,SRVIX
2014-08-25,81.69,SRVIX
2014-08-26,80.95,SRVIX
2014-08-27,81.45,SRVIX
2014-08-28,81.8,SRVIX
2014-08-29,80.77,SRVIX
2014-09-02,81.81,SRVIX
2014-09-03,81.64,SRVIX
2014-09-04,81.75,SRVIX
2014-09-05,81.46,SRVIX
2014-09-08,81.72,SRVIX
2014-09-09,81.98,SRVIX
2014-09-10,82.12,SRVIX
2014-09-11,81.81,SRVIX
2014-09-12,82.38,SRVIX
2014-09-15,82.41,SRVIX
2014-09-16,82.75,SRVIX
2014-09-17,82.81,SRVIX
2014-09-18,82.54,SRVIX
2014-09-19,82.37,SRVIX
2014-09-22,82.02,SRVIX
2014-09-23,81.72,SRVIX
2014-09-24,82.27,SRVIX
2014-09-25,82.02,SRVIX
2014-09-26,82.86,SRVIX
2014-09-29,82.39,SRVIX
2014-09-30,82.65,SRVIX
2014-10-01,82.95,SRVIX
2014-10-02,82.76,SRVIX
2014-10-03,82.56,SRVIX
2014-10-06,82.37,SRVIX
2014-10-07,82.22,SRVIX
2014-10-08,81.99,SRVIX
2014-10-09,82.63,SRVIX
2014-10-10,82.59,SRVIX
2014-10-14,83.5,SRVIX
2014-10-15,89.95,SRVIX
2014-10-16,89.01,SRVIX
2014-10-17,88.67,SRVIX
2014-10-20,87.82,SRVIX
2014-10-21,86.98,SRVIX
2014-10-22,86.73,SRVIX
2014-10-23,88.16,SRVIX
2014-10-24,87.93,SRVIX
2014-10-27,87.52,SRVIX
2014-10-28,86.74,SRVIX
2014-10-29,85.82,SRVIX
2014-10-30,84.14,SRVIX
2014-10-31,83.61,SRVIX
2014-11-03,83.53,SRVIX
2014-11-04,83.72,SRVIX
2014-11-05,83.8,SRVIX
2014-11-06,84.17,SRVIX
2014-11-07,83.38,SRVIX
2014-11-10,83.52,SRVIX
2014-11-12,82.81,SRVIX
2014-11-13,82.65,SRVIX
2014-11-14,82.72,SRVIX
2014-11-17,83.08,SRVIX
2014-11-18,82.82,SRVIX
2014-11-19,82.97,SRVIX
2014-11-20,82.97,SRVIX
2014-11-21,82.56,SRVIX
2014-11-24,81.79,SRVIX
2014-11-25,81.83,SRVIX
2014-11-26,81.92,SRVIX
2014-11-28,81.91,SRVIX
2014-12-01,82.87,SRVIX
2014-12-02,83.24,SRVIX
2014-12-03,82.93,SRVIX
2014-12-04,82.67,SRVIX
2014-12-05,82.63,SRVIX
2014-12-08,82.76,SRVIX
2014-12-09,82.94,SRVIX
2014-12-10,83.08,SRVIX
2014-12-11,84.38,SRVIX
2014-12-12,85.01,SRVIX
2014-12-15,86.26,SRVIX
2014-12-16,86.97,SRVIX
2014-12-17,86.61,SRVIX
2014-12-18,86.41,SRVIX
2014-12-19,86.09,SRVIX
2014-12-22,86.08,SRVIX
2014-12-23,85.5,SRVIX
2014-12-24,85.5,SRVIX
2014-12-26,85.51,SRVIX
2014-12-29,85.48,SRVIX
2014-12-30,84.78,SRVIX
2014-12-31,84.79,SRVIX
2015-01-02,83.85,SRVIX
2015-01-05,84.22,SRVIX
2015-01-06,85.55,SRVIX
2015-01-07,85.91,SRVIX
2015-01-08,86.29,SRVIX
2015-01-09,85.96,SRVIX
2015-01-12,87.81,SRVIX
2015-01-13,89.01,SRVIX
2015-01-14,89.58,SRVIX
2015-01-15,91.46,SRVIX
2015-01-16,91.83,SRVIX
2015-01-20,92.52,SRVIX
2015-01-21,91.15,SRVIX
2015-01-22,89.15,SRVIX
2015-01-23,89.32,SRVIX
2015-01-26,88.33,SRVIX
2015-01-27,86.61,SRVIX
2015-01-28,86.27,SRVIX
2015-01-29,86.16,SRVIX
2015-01-30,86.3,SRVIX
2015-02-02,86.3,SRVIX
2015-02-03,88.65,SRVIX
2015-02-04,88.4,SRVIX
2015-02-05,88.67,SRVIX
2015-02-06,88.23,SRVIX
2015-02-09,89.65,SRVIX
2015-02-10,89.34,SRVIX
2015-02-11,88.91,SRVIX
2015-02-12,88.43,SRVIX
2015-02-13,87.69,SRVIX
2015-02-17,88.47,SRVIX
2015-02-18,88.69,SRVIX
2015-02-19,91.06,SRVIX
2015-02-20,91.22,SRVIX
2015-02-23,91.19,SRVIX
2015-02-24,90.77,SRVIX
2015-02-25,90.5,SRVIX
2015-02-26,90.39,SRVIX
2015-02-27,90.31,SRVIX
2015-03-02,90.54,SRVIX
2015-03-03,90.64,SRVIX
2015-03-04,90.33,SRVIX
2015-03-05,90.03,SRVIX
2015-03-06,89.78,SRVIX
2015-03-09,89.68,SRVIX
2015-03-10,89.56,SRVIX
2015-03-11,89.79,SRVIX
2015-03-12,90.34,SRVIX
2015-03-13,91.01,SRVIX
2015-03-16,90.82,SRVIX
2015-03-17,91.12,SRVIX
2015-03-18,91.15,SRVIX
2015-03-19,92.09,SRVIX
2015-03-20,91.75,SRVIX
2015-03-23,93.12,SRVIX
2015-03-24,92.82,SRVIX
2015-03-25,93.2,SRVIX
2015-03-26,93.01,SRVIX
2015-03-27,92.15,SRVIX
2015-03-30,91.93,SRVIX
2015-03-31,91.63,SRVIX
2015-04-01,91.71,SRVIX
2015-04-02,91.82,SRVIX
2015-04-06,91.32,SRVIX
2015-04-07,91.08,SRVIX
2015-04-08,90.94,SRVIX
2015-04-09,88.67,SRVIX
2015-04-10,88.33,SRVIX
2015-04-13,88.07,SRVIX
2015-04-14,88.19,SRVIX
2015-04-15,87.93,SRVIX
2015-04-16,87.93,SRVIX
2015-04-17,87.95,SRVIX
2015-04-20,88.03,SRVIX
2015-04-21,87.93,SRVIX
2015-04-22,88.24,SRVIX
2015-04-23,87.96,SRVIX
2015-04-24,87.84,SRVIX
2015-04-27,88.12,SRVIX
2015-04-28,88.67,SRVIX
2015-04-29,89.14,SRVIX
2015-04-30,89.31,SRVIX
2015-05-01,89.62,SRVIX
2015-05-04,89.8,SRVIX
2015-05-05,89.86,SRVIX
2015-05-06,90.29,SRVIX
2015-05-07,90.3,SRVIX
2015-05-08,89.93,SRVIX
2015-05-11,90.7,SRVIX
2015-05-12,90.97,SRVIX
2015-05-13,90.77,SRVIX
2015-05-14,90.35,SRVIX
2015-05-15,88.17,SRVIX
2015-05-18,88.51,SRVIX
2015-05-19,88.91,SRVIX
2015-05-20,88.84,SRVIX
2015-05-21,88.39,SRVIX
2015-05-22,88.58,SRVIX
2015-05-26,88.55,SRVIX
2015-05-27,90.15,SRVIX
2015-05-28,89.93,SRVIX
2015-05-29,89.67,SRVIX
2015-06-01,90.26,SRVIX
2015-06-02,90.82,SRVIX
2015-06-03,91.41,SRVIX
2015-06-04,91.23,SRVIX
2015-06-05,91.32,SRVIX
2015-06-08,91.26,SRVIX
2015-06-09,91.16,SRVIX
2015-06-10,91.35,SRVIX
2015-06-11,90.1,SRVIX
2015-06-12,89.08,SRVIX
2015-06-15,89.16,SRVIX
2015-06-16,89.02,SRVIX
2015-06-17,88.99,SRVIX
2015-06-18,89.03,SRVIX
2015-06-19,89.14,SRVIX
2015-06-22,89.41,SRVIX
2015-06-23,90.14,SRVIX
2015-06-24,90.18,SRVIX
2015-06-25,89.76,SRVIX
2015-06-26,89.45,SRVIX
2015-06-29,90.05,SRVIX
2015-06-30,90.46,SRVIX
2015-07-01,90.03,SRVIX
2015-07-02,89.7,SRVIX
2015-07-06,90.12,SRVIX
2015-07-07,90.29,SRVIX
2015-07-08,90.38,SRVIX
2015-07-09,90.65,SRVIX
2015-07-10,90.47,SRVIX
2015-07-13,90.09,SRVIX
2015-07-14,88.89,SRVIX
2015-07-15,88.28,SRVIX
2015-07-16,87.5,SRVIX
2015-07-17,86.76,SRVIX
2015-07-20,86.04,SRVIX
2015-07-21,86.03,SRVIX
2015-07-22,86.22,SRVIX
2015-07-23,86.52,SRVIX
2015-07-24,86.66,SRVIX
2015-07-27,86.67,SRVIX
2015-07-28,86.9,SRVIX
2015-07-29,87.32,SRVIX
2015-07-30,87.48,SRVIX
2015-07-31,87.91,SRVIX
2015-08-03,87.84,SRVIX
2015-08-04,88.96,SRVIX
2015-08-05,89.19,SRVIX
2015-08-06,88.49,SRVIX
2015-08-07,87.86,SRVIX
2015-08-10,88.14,SRVIX
2015-08-11,87.93,SRVIX
2015-08-12,88.18,SRVIX
2015-08-13,88.66,SRVIX
2015-08-14,88.63,SRVIX
2015-08-17,88.1,SRVIX
2015-08-18,88.11,SRVIX
2015-08-19,87.81,SRVIX
2015-08-20,88.17,SRVIX
2015-08-21,88.49,SRVIX
2015-08-24,89.07,SRVIX
2015-08-25,89.61,SRVIX
2015-08-26,89.8,SRVIX
2015-08-27,90.59,SRVIX
2015-08-28,90.51,SRVIX
2015-08-31,90.58,SRVIX
2015-09-01,90.51,SRVIX
2015-09-02,90.79,SRVIX
2015-09-03,90.5,SRVIX
2015-09-04,90.17,SRVIX
2015-09-08,90.35,SRVIX
2015-09-09,90.32,SRVIX
2015-09-10,90.03,SRVIX
2015-09-11,89.36,SRVIX
2015-09-14,88.97,SRVIX
2015-09-15,88.83,SRVIX
2015-09-16,89.18,SRVIX
2015-09-17,88.5,SRVIX
2015-09-18,86.42,SRVIX
2015-09-21,86.03,SRVIX
2015-09-22,86.32,SRVIX
2015-09-23,87.26,SRVIX
2015-09-24,87.89,SRVIX
2015-09-25,87.51,SRVIX
2015-09-28,87.56,SRVIX
2015-09-29,88.37,SRVIX
2015-09-30,88.22,SRVIX
2015-10-01,88.05,SRVIX
2015-10-02,87.97,SRVIX
2015-10-05,88.09,SRVIX
2015-10-06,87.6,SRVIX
2015-10-07,87.53,SRVIX
2015-10-08,86.9,SRVIX
2015-10-09,86.89,SRVIX
2015-10-12,86.88,SRVIX
2015-10-13,86.8,SRVIX
2015-10-14,86.51,SRVIX
2015-10-15,86.58,SRVIX
2015-10-16,86.61,SRVIX
2015-10-19,86.38,SRVIX
2015-10-20,86.52,SRVIX
2015-10-21,86.53,SRVIX
2015-10-22,86.41,SRVIX
2015-10-23,86.53,SRVIX
2015-10-26,86.52,SRVIX
2015-10-27,86.4,SRVIX
2015-10-28,86.8,SRVIX
2015-10-29,86.97,SRVIX
2015-10-30,86.63,SRVIX
2015-11-02,86.84,SRVIX
2015-11-03,86.76,SRVIX
2015-11-04,86.78,SRVIX
2015-11-05,86.51,SRVIX
2015-11-06,86.38,SRVIX
2015-11-09,86.05,SRVIX
2015-11-10,86.17,SRVIX
2015-11-11,86.26,SRVIX
2015-11-12,86.01,SRVIX
2015-11-13,86.17,SRVIX
2015-11-16,86.32,SRVIX
2015-11-17,86.29,SRVIX
2015-11-18,86.29,SRVIX
2015-11-19,86.02,SRVIX
2015-11-23,86.05,SRVIX
2015-11-24,86.4,SRVIX
2015-11-25,86.57,SRVIX
2015-11-27,86.56,SRVIX
2015-11-30,86.52,SRVIX
2015-12-01,86.13,SRVIX
2015-12-02,86.1,SRVIX
2015-12-03,86.16,SRVIX
2015-12-04,85.86,SRVIX
2015-12-07,85.93,SRVIX
2015-12-08,85.93,SRVIX
2015-12-09,85.93,SRVIX
2015-12-10,85.67,SRVIX
2015-12-11,85.76,SRVIX
2015-12-14,86.57,SRVIX
2015-12-15,86.71,SRVIX
2015-12-16,85.51,SRVIX
2015-12-17,84.97,SRVIX
2015-12-18,84.87,SRVIX
2015-12-21,84.71,SRVIX
2015-12-22,84.59,SRVIX
2015-12-30,81.79,SRVIX
2015-12-31,81.78,SRVIX
2016-01-04,81.9,SRVIX
2016-01-05,81.79,SRVIX
2016-01-06,81.84,SRVIX
2016-01-07,81.74,SRVIX
2016-01-08,81.68,SRVIX
2016-01-11,81.68,SRVIX
2016-01-12,81.79,SRVIX
2016-01-14,81.99,SRVIX
2016-01-15,83.3,SRVIX
2016-01-19,83.28,SRVIX
2016-01-20,83.58,SRVIX
2016-01-21,83.56,SRVIX
2016-01-22,82.99,SRVIX
2016-01-25,82.91,SRVIX
2016-01-26,82.79,SRVIX
2016-01-27,82.7,SRVIX
2016-01-28,82.89,SRVIX
2016-01-29,82.86,SRVIX
2016-02-01,83.05,SRVIX
2016-02-02,83.14,SRVIX
2016-02-03,83.43,SRVIX
2016-02-04,83.54,SRVIX
2016-02-05,83.6,SRVIX
2016-02-08,84.48,SRVIX
2016-02-09,85.19,SRVIX
2016-02-10,85.04,SRVIX
2016-02-11,87.02,SRVIX
2016-02-12,86.39,SRVIX
2016-02-16,85.66,SRVIX
2016-02-17,84.43,SRVIX
2016-02-18,84.18,SRVIX
2016-02-19,85.14,SRVIX
2016-02-22,84.86,SRVIX
2016-02-23,89.2,SRVIX
2016-02-24,89.47,SRVIX
2016-02-25,89.73,SRVIX
2016-02-26,89.46,SRVIX
2016-02-29,89.9,SRVIX
2016-03-01,89.55,SRVIX
2016-03-02,89.4,SRVIX
2016-03-03,88.94,SRVIX
2016-03-04,88.36,SRVIX
2016-03-07,88.33,SRVIX
2016-03-08,88.75,SRVIX
2016-03-09,88.31,SRVIX
2016-03-10,88.43,SRVIX
2016-03-11,87.99,SRVIX
2016-03-14,87.83,SRVIX
2016-03-15,87.84,SRVIX
2016-03-16,86.91,SRVIX
2016-03-17,86.64,SRVIX
2016-03-18,86.62,SRVIX
2016-03-21,86.83,SRVIX
2016-03-22,85.61,SRVIX
2016-03-23,85.58,SRVIX
2016-03-24,85.83,SRVIX
2016-03-28,85.92,SRVIX
2016-03-29,85.39,SRVIX
2016-03-30,85.17,SRVIX
2016-03-31,85.19,SRVIX
2016-04-01,84.99,SRVIX
2016-04-04,84.52,SRVIX
2016-04-05,85.05,SRVIX
2016-04-06,84.7,SRVIX
2016-04-07,85.01,SRVIX
2016-04-08,85.11,SRVIX
2016-04-11,85.1,SRVIX
2016-04-12,85.18,SRVIX
2016-04-13,85.07,SRVIX
2016-04-14,85.09,SRVIX
2016-04-15,85.02,SRVIX
2016-04-18,85.02,SRVIX
2016-04-19,85.41,SRVIX
2016-04-20,85.38,SRVIX
2016-04-21,85.38,SRVIX
2016-04-22,85.31,SRVIX
2016-04-25,85.32,SRVIX
2016-04-26,85.2,SRVIX
2016-04-27,84.73,SRVIX
2016-04-28,84.85,SRVIX
2016-04-29,84.86,SRVIX
2016-05-02,84.98,SRVIX
2016-05-04,84.82,SRVIX
2016-05-05,84.95,SRVIX
2016-05-06,84.75,SRVIX
2016-05-09,84.81,SRVIX
2016-05-10,84.86,SRVIX
2016-05-11,84.79,SRVIX
2016-05-12,84.92,SRVIX
2016-05-13,84.83,SRVIX
2016-05-16,85.26,SRVIX
2016-05-17,85.3,SRVIX
2016-05-18,85.54,SRVIX
2016-05-19,85.55,SRVIX
2016-05-20,85.59,SRVIX
2016-05-23,85.3,SRVIX
2016-05-24,85.32,SRVIX
2016-05-25,84.76,SRVIX
2016-05-26,84.73,SRVIX
2016-05-27,84.4,SRVIX
2016-05-31,84.46,SRVIX
2016-06-01,84.75,SRVIX
2016-06-02,84.62,SRVIX
2016-06-03,84.26,SRVIX
2016-06-06,84.3,SRVIX
2016-06-07,84.08,SRVIX
2016-06-08,84.07,SRVIX
2016-06-09,84.42,SRVIX
2016-06-10,84.58,SRVIX
2016-06-13,85.04,SRVIX
2016-06-14,85.0,SRVIX
2016-06-15,84.65,SRVIX
2016-06-16,85.54,SRVIX
2016-06-17,85.22,SRVIX
2016-06-20,84.84,SRVIX
2016-06-21,84.68,SRVIX
2016-06-22,84.71,SRVIX
2016-06-23,84.1,SRVIX
2016-06-24,84.25,SRVIX
2016-06-27,84.29,SRVIX
2016-06-28,83.96,SRVIX
2016-06-29,83.66,SRVIX
2016-06-30,83.47,SRVIX
2016-07-01,83.17,SRVIX
2016-07-05,83.56,SRVIX
2016-07-06,83.2,SRVIX
2016-07-07,83.24,SRVIX
2016-07-08,82.78,SRVIX
2016-07-11,82.68,SRVIX
2016-07-12,83.1,SRVIX
2016-07-13,82.71,SRVIX
2016-07-14,83.32,SRVIX
2016-07-15,83.72,SRVIX
2016-07-18,83.96,SRVIX
2016-07-19,83.48,SRVIX
2016-07-20,83.48,SRVIX
2016-07-21,83.73,SRVIX
2016-07-22,83.68,SRVIX
2016-07-25,83.51,SRVIX
2016-07-26,83.3,SRVIX
2016-07-27,83.23,SRVIX
2016-07-28,83.24,SRVIX
2016-07-29,82.75,SRVIX
2016-08-01,83.04,SRVIX
2016-08-02,83.3,SRVIX
2016-08-03,83.05,SRVIX
2016-08-04,82.81,SRVIX
2016-08-05,83.09,SRVIX
2016-08-08,82.98,SRVIX
2016-08-09,82.7,SRVIX
2016-08-10,82.38,SRVIX
2016-08-11,82.4,SRVIX
2016-08-12,82.33,SRVIX
2016-08-15,82.94,SRVIX
2016-08-16,82.98,SRVIX
2016-08-17,82.9,SRVIX
2016-08-18,82.75,SRVIX
2016-08-19,82.88,SRVIX
2016-08-22,82.41,SRVIX
2016-08-23,82.17,SRVIX
2016-08-24,81.95,SRVIX
2016-08-25,82.38,SRVIX
2016-08-26,82.44,SRVIX
2016-08-29,82.26,SRVIX
2016-08-30,81.94,SRVIX
2016-08-31,81.95,SRVIX
2016-09-01,81.84,SRVIX
2016-09-02,81.64,SRVIX
2016-09-06,81.39,SRVIX
2016-09-07,80.75,SRVIX
2016-09-08,81.06,SRVIX
2016-09-09,81.67,SRVIX
2016-09-12,81.8,SRVIX
2016-09-13,82.45,SRVIX
2016-09-14,82.33,SRVIX
2016-09-15,82.28,SRVIX
2016-09-16,82.26,SRVIX
2016-09-19,82.44,SRVIX
2016-09-20,82.41,SRVIX
2016-09-21,81.3,SRVIX
2016-09-22,81.07,SRVIX
2016-09-23,80.77,SRVIX
2016-09-26,80.58,SRVIX
2016-09-27,80.66,SRVIX
2016-09-28,80.64,SRVIX
2016-09-29,80.74,SRVIX
2016-09-30,80.96,SRVIX
2016-10-03,81.16,SRVIX
2016-10-04,81.29,SRVIX
2016-10-05,81.43,SRVIX
2016-10-06,81.31,SRVIX
2016-10-07,81.16,SRVIX
2016-10-10,81.15,SRVIX
2016-10-11,81.29,SRVIX
2016-10-12,81.07,SRVIX
2016-10-13,81.01,SRVIX
2016-10-14,81.05,SRVIX
2016-10-17,81.03,SRVIX
2016-10-18,81.13,SRVIX
2016-10-19,80.93,SRVIX
2016-10-20,80.67,SRVIX
2016-10-21,80.29,SRVIX
2016-10-24,80.29,SRVIX
2016-10-25,80.37,SRVIX
2016-10-26,80.71,SRVIX
2016-10-27,80.9,SRVIX
2016-10-28,81.34,SRVIX
2016-10-31,81.87,SRVIX
2016-11-01,82.17,SRVIX
2016-11-02,82.34,SRVIX
2016-11-03,82.46,SRVIX
2016-11-04,82.38,SRVIX
2016-11-07,82.54,SRVIX
2016-11-08,81.61,SRVIX
2016-11-10,85.66,SRVIX
2016-11-11,86.11,SRVIX
2016-11-14,88.23,SRVIX
2016-11-15,86.57,SRVIX
2016-11-16,87.2,SRVIX
2016-11-17,86.64,SRVIX
2016-11-18,87.9,SRVIX
2016-11-21,88.25,SRVIX
2016-11-22,87.51,SRVIX
2016-11-23,87.83,SRVIX
2016-11-25,87.91,SRVIX
2016-11-28,87.73,SRVIX
2016-11-29,87.73,SRVIX
2016-11-30,87.91,SRVIX
2016-12-01,89.33,SRVIX
2016-12-02,88.9,SRVIX
2016-12-05,89.56,SRVIX
2016-12-06,89.02,SRVIX
2016-12-07,88.43,SRVIX
2016-12-08,88.54,SRVIX
2016-12-09,89.13,SRVIX
2016-12-12,89.66,SRVIX
2016-12-13,89.64,SRVIX
2016-12-14,89.38,SRVIX
2016-12-15,89.99,SRVIX
2016-12-16,89.85,SRVIX
2016-12-19,89.86,SRVIX
2016-12-20,89.4,SRVIX
2016-12-21,89.44,SRVIX
2016-12-22,89.12,SRVIX
2016-12-23,88.7,SRVIX
2016-12-28,89.3,SRVIX
2016-12-29,89.09,SRVIX
2016-12-30,88.92,SRVIX
2017-01-03,88.81,SRVIX
2017-01-04,88.68,SRVIX
2017-01-05,88.31,SRVIX
2017-01-06,87.96,SRVIX
2017-01-09,89.05,SRVIX
2017-01-10,87.43,SRVIX
2017-01-11,86.26,SRVIX
2017-01-12,87.0,SRVIX
2017-01-13,87.11,SRVIX
2017-01-17,87.28,SRVIX
2017-01-18,87.95,SRVIX
2017-01-19,89.21,SRVIX
2017-01-20,88.66,SRVIX
2017-01-23,88.41,SRVIX
2017-01-24,88.57,SRVIX
2017-01-25,88.91,SRVIX
2017-01-26,88.7,SRVIX
2017-01-27,88.6,SRVIX
2017-01-30,87.31,SRVIX
2017-01-31,87.3,SRVIX
2017-02-01,87.41,SRVIX
2017-02-02,87.24,SRVIX
2017-02-03,86.63,SRVIX
2017-02-06,86.9,SRVIX
2017-02-08,87.13,SRVIX
2017-02-09,87.37,SRVIX
2017-02-10,87.41,SRVIX
2017-02-13,87.26,SRVIX
2017-02-14,87.31,SRVIX
2017-02-15,87.14,SRVIX
2017-02-16,87.14,SRVIX
2017-02-17,87.14,SRVIX
2017-02-21,88.32,SRVIX
2017-02-22,88.2,SRVIX
2017-02-23,88.05,SRVIX
2017-02-24,87.88,SRVIX
2017-02-27,87.93,SRVIX
2017-02-28,87.85,SRVIX
2017-03-01,87.84,SRVIX
2017-03-02,87.9,SRVIX
2017-03-03,88.66,SRVIX
2017-03-06,87.97,SRVIX
2017-03-07,87.81,SRVIX
2017-03-08,87.75,SRVIX
2017-03-09,87.98,SRVIX
2017-03-10,87.58,SRVIX
2017-03-14,87.11,SRVIX
2017-03-15,86.32,SRVIX
2017-03-16,84.99,SRVIX
2017-03-17,84.75,SRVIX
2017-03-20,84.77,SRVIX
2017-03-21,84.53,SRVIX
2017-03-22,84.94,SRVIX
2017-03-23,85.37,SRVIX
2017-03-24,85.33,SRVIX
2017-03-27,85.41,SRVIX
2017-03-28,84.88,SRVIX
2017-03-29,84.68,SRVIX
2017-03-30,84.36,SRVIX
2017-03-31,84.39,SRVIX
2017-04-03,84.38,SRVIX
2017-04-04,84.39,SRVIX
2017-04-05,84.24,SRVIX
2017-04-06,84.31,SRVIX
2017-04-07,84.1,SRVIX
2017-04-10,84.15,SRVIX
2017-04-11,84.34,SRVIX
2017-04-12,84.98,SRVIX
2017-04-13,84.97,SRVIX
2017-04-17,84.96,SRVIX
2017-04-18,84.98,SRVIX
2017-04-19,85.16,SRVIX
2017-04-20,85.39,SRVIX
2017-04-21,85.38,SRVIX
2017-04-24,84.65,SRVIX
2017-04-25,84.69,SRVIX
2017-04-26,84.5,SRVIX
2017-04-27,83.9,SRVIX
2017-04-28,83.68,SRVIX
2017-05-01,83.87,SRVIX
2017-05-02,83.53,SRVIX
2017-05-03,83.62,SRVIX
2017-05-04,83.51,SRVIX
2017-05-05,82.87,SRVIX
2017-05-08,82.41,SRVIX
2017-05-09,82.19,SRVIX
2017-05-10,82.18,SRVIX
2017-05-11,82.1,SRVIX
2017-05-12,82.02,SRVIX
2017-05-15,82.01,SRVIX
2017-05-16,82.0,SRVIX
2017-05-17,82.97,SRVIX
2017-05-18,82.7,SRVIX
2017-05-19,82.36,SRVIX
2017-05-22,82.14,SRVIX
2017-05-23,82.23,SRVIX
2017-05-24,81.97,SRVIX
2017-05-25,81.53,SRVIX
2017-05-26,81.27,SRVIX
2017-05-30,81.34,SRVIX
2017-05-31,81.47,SRVIX
2017-06-01,81.54,SRVIX
2017-06-02,74.92,SRVIX
2017-06-05,74.83,SRVIX
2017-06-06,75.13,SRVIX
2017-06-07,74.86,SRVIX
2017-06-08,74.91,SRVIX
2017-06-09,74.48,SRVIX
2017-06-12,74.68,SRVIX
2017-06-13,74.44,SRVIX
2017-06-14,74.28,SRVIX
2017-06-15,74.87,SRVIX
2017-06-16,74.93,SRVIX
2017-06-19,74.89,SRVIX
2017-06-20,75.08,SRVIX
2017-06-21,75.47,SRVIX
2017-06-22,75.43,SRVIX
2017-06-23,75.61,SRVIX
2017-06-26,75.32,SRVIX
2017-06-27,75.41,SRVIX
2017-06-28,75.68,SRVIX
2017-06-29,75.89,SRVIX
2017-06-30,75.84,SRVIX
2017-07-03,75.87,SRVIX
2017-07-06,76.21,SRVIX
2017-07-07,76.77,SRVIX
2017-07-10,76.67,SRVIX
2017-07-11,76.71,SRVIX
2017-07-12,76.35,SRVIX
2017-07-13,76.03,SRVIX
2017-07-14,75.48,SRVIX
2017-07-17,74.32,SRVIX
2017-07-18,73.94,SRVIX
2017-07-19,73.43,SRVIX
2017-07-20,73.28,SRVIX
2017-07-21,73.39,SRVIX
2017-07-24,73.51,SRVIX
2017-07-25,74.12,SRVIX
2017-07-26,73.66,SRVIX
2017-07-27,73.68,SRVIX
2017-07-28,73.65,SRVIX
2017-07-31,73.66,SRVIX
2017-08-01,73.48,SRVIX
2017-08-02,73.82,SRVIX
2017-08-03,73.71,SRVIX
2017-08-04,73.62,SRVIX
2017-08-07,73.61,SRVIX
2017-08-08,73.69,SRVIX
2017-08-09,74.15,SRVIX
2017-08-10,74.57,SRVIX
2017-08-11,75.09,SRVIX
2017-08-14,75.13,SRVIX
2017-08-15,74.29,SRVIX
2017-08-16,74.51,SRVIX
2017-08-17,74.39,SRVIX
2017-08-18,73.96,SRVIX
2017-08-21,73.93,SRVIX
2017-08-22,73.96,SRVIX
2017-08-23,74.12,SRVIX
2017-08-24,74.56,SRVIX
2017-08-25,74.16,SRVIX
2017-08-28,74.05,SRVIX
2017-08-29,74.13,SRVIX
2017-08-30,74.28,SRVIX
2017-08-31,74.57,SRVIX
2017-09-01,74.32,SRVIX
2017-09-05,74.65,SRVIX
2017-09-06,74.71,SRVIX
2017-09-07,74.86,SRVIX
2017-09-08,74.61,SRVIX
2017-09-11,74.07,SRVIX
2017-09-12,74.14,SRVIX
2017-09-13,73.94,SRVIX
2017-09-14,73.84,SRVIX
2017-09-15,73.85,SRVIX
2017-09-18,73.81,SRVIX
2017-09-19,73.69,SRVIX
2017-09-20,73.24,SRVIX
2017-09-21,72.88,SRVIX
2017-09-25,72.96,SRVIX
2017-09-26,72.86,SRVIX
2017-09-27,73.26,SRVIX
2017-09-28,71.64,SRVIX
2017-09-29,71.57,SRVIX
2017-10-02,71.8,SRVIX
2017-10-03,71.87,SRVIX
2017-10-04,71.93,SRVIX
2017-10-05,72.13,SRVIX
2017-10-06,71.84,SRVIX
2017-10-09,72.02,SRVIX
2017-10-10,72.09,SRVIX
2017-10-11,71.86,SRVIX
2017-10-12,71.61,SRVIX
2017-10-13,71.33,SRVIX
2017-10-16,71.19,SRVIX
2017-10-17,70.75,SRVIX
2017-10-18,70.84,SRVIX
2017-10-19,71.08,SRVIX
2017-10-20,71.54,SRVIX
2017-10-23,71.53,SRVIX
2017-10-24,72.14,SRVIX
2017-10-25,73.06,SRVIX
2017-10-26,73.13,SRVIX
2017-10-27,73.01,SRVIX
2017-10-30,72.8,SRVIX
2017-10-31,72.76,SRVIX
2017-11-01,72.48,SRVIX
2017-11-02,73.09,SRVIX
2017-11-03,72.28,SRVIX
2017-11-06,72.02,SRVIX
2017-11-07,71.96,SRVIX
2017-11-08,71.63,SRVIX
2017-11-09,71.96,SRVIX
2017-11-10,71.99,SRVIX
2017-11-13,72.27,SRVIX
2017-11-14,71.95,SRVIX
2017-11-15,71.85,SRVIX
2017-11-16,71.66,SRVIX
2017-11-17,71.59,SRVIX
2017-11-20,69.36,SRVIX
2017-11-21,68.93,SRVIX
2017-11-22,68.53,SRVIX
2017-11-24,68.54,SRVIX
2017-11-27,68.33,SRVIX
2017-11-28,68.21,SRVIX
2017-11-29,68.25,SRVIX
2017-11-30,67.08,SRVIX
2017-12-01,67.46,SRVIX
2017-12-04,67.18,SRVIX
2017-12-05,66.77,SRVIX
2017-12-06,66.6,SRVIX
2017-12-07,66.3,SRVIX
2017-12-08,66.05,SRVIX
2017-12-11,65.94,SRVIX
2017-12-12,65.79,SRVIX
2017-12-13,65.39,SRVIX
2017-12-14,64.8,SRVIX
2017-12-15,64.84,SRVIX
2017-12-18,64.94,SRVIX
2017-12-19,65.2,SRVIX
2017-12-20,65.59,SRVIX
2017-12-21,65.59,SRVIX
2017-12-22,65.77,SRVIX
2017-12-26,65.77,SRVIX
2017-12-27,65.6,SRVIX
2017-12-28,65.61,SRVIX
2017-12-29,65.38,SRVIX
2018-01-02,65.71,SRVIX
2018-01-03,65.73,SRVIX
2018-01-04,65.66,SRVIX
2018-01-05,65.47,SRVIX
2018-01-08,65.41,SRVIX
2018-01-09,65.72,SRVIX
2018-01-10,66.39,SRVIX
2018-01-11,65.8,SRVIX
2018-01-12,65.67,SRVIX
2018-01-16,65.55,SRVIX
2018-01-17,65.36,SRVIX
2018-01-18,64.17,SRVIX
2018-01-19,64.91,SRVIX
2018-01-22,65.58,SRVIX
2018-01-23,65.85,SRVIX
2018-01-24,66.32,SRVIX
2018-01-25,66.14,SRVIX
2018-01-26,67.34,SRVIX
2018-01-29,68.78,SRVIX
2018-01-30,68.85,SRVIX
2018-01-31,68.64,SRVIX
2018-02-01,69.52,SRVIX
2018-02-02,70.2,SRVIX
2018-02-05,69.91,SRVIX
2018-02-06,71.1,SRVIX
2018-02-07,70.36,SRVIX
2018-02-08,78.46,SRVIX
2018-02-12,78.46,SRVIX
2018-02-13,78.26,SRVIX
2018-02-14,78.19,SRVIX
2018-02-15,77.82,SRVIX
2018-02-16,76.31,SRVIX
2018-02-20,75.83,SRVIX
2018-02-21,74.96,SRVIX
2018-02-22,73.92,SRVIX
2018-02-23,73.92,SRVIX
2018-02-26,74.47,SRVIX
2018-02-27,74.9,SRVIX
2018-02-28,74.74,SRVIX
2018-03-01,74.84,SRVIX
2018-03-02,75.37,SRVIX
2018-03-05,75.62,SRVIX
2018-03-06,77.07,SRVIX
2018-03-07,77.33,SRVIX
2018-03-08,76.86,SRVIX
2018-03-09,76.31,SRVIX
2018-03-12,76.28,SRVIX
2018-03-13,73.77,SRVIX
2018-03-14,73.88,SRVIX
2018-03-15,73.89,SRVIX
2018-03-16,74.4,SRVIX
2018-03-19,74.34,SRVIX
2018-03-20,74.36,SRVIX
2018-03-21,74.01,SRVIX
2018-03-22,73.76,SRVIX
2018-03-23,73.49,SRVIX
2018-03-26,73.62,SRVIX
2018-03-27,73.85,SRVIX
2018-03-28,74.3,SRVIX
2018-03-29,74.29,SRVIX
2018-04-03,74.02,SRVIX
2018-04-04,73.66,SRVIX
2018-04-05,73.49,SRVIX
2018-04-06,72.95,SRVIX
2018-04-09,72.79,SRVIX
2018-04-10,72.34,SRVIX
2018-04-11,72.16,SRVIX
2018-04-12,72.36,SRVIX
2018-04-13,72.02,SRVIX
2018-04-16,71.75,SRVIX
2018-04-17,71.23,SRVIX
2018-04-18,71.25,SRVIX
2018-04-19,71.82,SRVIX
2018-04-20,72.27,SRVIX
2018-04-23,72.61,SRVIX
2018-04-24,72.71,SRVIX
2018-04-25,72.42,SRVIX
2018-04-26,72.05,SRVIX
2018-04-27,71.56,SRVIX
2018-04-30,71.2,SRVIX
2018-05-01,71.53,SRVIX
2018-05-02,70.92,SRVIX
2018-05-03,70.82,SRVIX
2018-05-04,70.62,SRVIX
2018-05-07,70.62,SRVIX
2018-05-08,71.08,SRVIX
2018-05-09,71.37,SRVIX
2018-05-10,71.12,SRVIX
2018-05-11,70.62,SRVIX
2018-05-14,70.64,SRVIX
2018-05-15,71.85,SRVIX
2018-05-16,71.95,SRVIX
2018-05-17,72.19,SRVIX
2018-05-18,71.87,SRVIX
2018-05-21,72.04,SRVIX
2018-05-22,72.11,SRVIX
2018-05-23,71.74,SRVIX
2018-05-24,71.65,SRVIX
2018-05-25,71.63,SRVIX
2018-05-29,72.9,SRVIX
2018-05-30,73.18,SRVIX
2018-05-31,73.47,SRVIX
2018-06-01,72.77,SRVIX
2018-06-04,72.44,SRVIX
2018-06-05,72.31,SRVIX
2018-06-06,72.72,SRVIX
2018-06-07,73.01,SRVIX
2018-06-08,73.15,SRVIX
2018-06-11,73.46,SRVIX
2018-06-12,72.89,SRVIX
2018-06-13,72.13,SRVIX
2018-06-14,72.44,SRVIX
2018-06-15,72.25,SRVIX
2018-06-18,72.26,SRVIX
2018-06-19,72.49,SRVIX
2018-06-20,72.34,SRVIX
2018-06-21,72.68,SRVIX
2018-06-22,72.03,SRVIX
2018-06-25,72.71,SRVIX
2018-06-26,72.34,SRVIX
2018-06-27,72.71,SRVIX
2018-06-28,72.9,SRVIX
2018-06-29,72.83,SRVIX
2018-07-02,72.97,SRVIX
2018-07-03,72.62,SRVIX
2018-07-05,72.77,SRVIX
2018-07-06,72.57,SRVIX
2018-07-09,72.66,SRVIX
2018-07-10,72.68,SRVIX
2018-07-11,72.69,SRVIX
2018-07-12,71.06,SRVIX
2018-07-13,70.76,SRVIX
2018-07-16,70.91,SRVIX
2018-07-17,70.63,SRVIX
2018-07-18,70.28,SRVIX
2018-07-19,70.18,SRVIX
2018-07-20,70.36,SRVIX
2018-07-23,71.54,SRVIX
2018-07-24,71.33,SRVIX
2018-07-25,71.18,SRVIX
2018-07-26,71.21,SRVIX
2018-07-27,71.1,SRVIX
2018-07-30,71.32,SRVIX
2018-07-31,70.79,SRVIX
2018-08-01,71.27,SRVIX
2018-08-02,71.26,SRVIX
2018-08-03,70.89,SRVIX
2018-08-06,70.99,SRVIX
2018-08-07,70.98,SRVIX
2018-08-08,70.97,SRVIX
2018-08-09,70.89,SRVIX
2018-08-10,71.21,SRVIX
2018-08-13,71.37,SRVIX
2018-08-14,71.27,SRVIX
2018-08-15,71.4,SRVIX
2018-08-16,71.28,SRVIX
2018-08-17,71.18,SRVIX
2018-08-20,71.21,SRVIX
2018-08-21,71.16,SRVIX
2018-08-22,71.05,SRVIX
2018-08-23,70.91,SRVIX
2018-08-24,70.69,SRVIX
2018-08-27,70.54,SRVIX
2018-08-28,70.81,SRVIX
2018-08-29,70.26,SRVIX
2018-08-30,70.18,SRVIX
2018-08-31,70.2,SRVIX
2018-09-04,70.38,SRVIX
2018-09-05,70.28,SRVIX
2018-09-06,70.19,SRVIX
2018-09-07,70.3,SRVIX
2018-09-10,70.19,SRVIX
2018-09-11,70.13,SRVIX
2018-09-12,69.72,SRVIX
2018-09-13,69.64,SRVIX
2018-09-14,69.79,SRVIX
2018-09-17,69.8,SRVIX
2018-09-18,69.85,SRVIX
2018-09-19,70.01,SRVIX
2018-09-20,70.18,SRVIX
2018-09-21,69.99,SRVIX
2018-09-24,70.35,SRVIX
2018-09-25,70.5,SRVIX
2018-09-26,69.9,SRVIX
2018-09-27,69.83,SRVIX
2018-09-28,69.4,SRVIX
2018-10-01,69.47,SRVIX
2018-10-02,69.38,SRVIX
2018-10-03,70.45,SRVIX
2018-10-04,71.15,SRVIX
2018-10-05,70.82,SRVIX
2018-10-08,70.81,SRVIX
2018-10-09,70.96,SRVIX
2018-10-10,71.44,SRVIX
2018-10-11,71.18,SRVIX
2018-10-12,71.51,SRVIX
2018-10-15,71.2,SRVIX
2018-10-16,70.9,SRVIX
2018-10-17,70.57,SRVIX
2018-10-18,70.54,SRVIX
2018-10-19,70.49,SRVIX
2018-10-22,70.43,SRVIX
2018-10-23,71.12,SRVIX
2018-10-24,71.24,SRVIX
2018-10-25,71.32,SRVIX
2018-10-26,71.75,SRVIX
2018-10-29,71.74,SRVIX
2018-10-30,72.17,SRVIX
2018-10-31,71.97,SRVIX
2018-11-01,71.87,SRVIX
2018-11-02,72.09,SRVIX
2018-11-05,71.93,SRVIX
2018-11-06,71.78,SRVIX
2018-11-07,70.6,SRVIX
2018-11-08,70.71,SRVIX
2018-11-09,70.65,SRVIX
2018-11-12,70.64,SRVIX
2018-11-13,70.8,SRVIX
2018-11-14,71.01,SRVIX
2018-11-15,71.26,SRVIX
2018-11-16,71.26,SRVIX
2018-11-19,71.79,SRVIX
2018-11-20,73.63,SRVIX
2018-11-21,73.21,SRVIX
2018-11-23,73.16,SRVIX
2018-11-26,72.75,SRVIX
2018-11-27,72.27,SRVIX
2018-11-28,71.54,SRVIX
2018-11-29,71.43,SRVIX
2018-11-30,71.14,SRVIX
2018-12-04,71.31,SRVIX
2018-12-06,72.59,SRVIX
2018-12-07,72.12,SRVIX
2018-12-10,72.59,SRVIX
2018-12-11,72.29,SRVIX
2018-12-12,72.11,SRVIX
2018-12-13,71.42,SRVIX
2018-12-14,71.25,SRVIX
2018-12-17,71.4,SRVIX
2018-12-18,71.87,SRVIX
2018-12-19,71.46,SRVIX
2018-12-20,71.61,SRVIX
2018-12-21,72.33,SRVIX
2018-12-24,72.99,SRVIX
2018-12-26,74.45,SRVIX
2018-12-27,74.84,SRVIX
2018-12-28,74.58,SRVIX
2018-12-31,74.55,SRVIX
2019-01-02,73.62,SRVIX
2019-01-03,74.12,SRVIX
2019-01-04,74.32,SRVIX
2019-01-07,72.59,SRVIX
2019-01-08,72.23,SRVIX
2019-01-09,71.35,SRVIX
2019-01-10,70.93,SRVIX
2019-01-11,70.61,SRVIX
2019-01-14,70.8,SRVIX
2019-01-15,70.26,SRVIX
2019-01-16,69.77,SRVIX
2019-01-17,69.88,SRVIX
2019-01-18,69.67,SRVIX
2019-01-22,69.83,SRVIX
2019-01-23,69.61,SRVIX
2019-01-24,69.66,SRVIX
2019-01-25,69.19,SRVIX
2019-01-28,68.99,SRVIX
2019-01-29,68.55,SRVIX
2019-01-30,68.15,SRVIX
2019-01-31,67.06,SRVIX
2019-02-01,66.91,SRVIX
2019-02-04,67.05,SRVIX
2019-02-05,66.79,SRVIX
2019-02-06,65.63,SRVIX
2019-02-07,65.69,SRVIX
2019-02-08,66.04,SRVIX
2019-02-11,66.35,SRVIX
2019-02-12,66.11,SRVIX
2019-02-13,66.12,SRVIX
2019-02-14,65.66,SRVIX
2019-02-15,65.06,SRVIX
2019-02-19,65.56,SRVIX
2019-02-20,65.1,SRVIX
2019-02-21,65.15,SRVIX
2019-02-22,65.17,SRVIX
2019-02-25,65.22,SRVIX
2019-02-26,65.01,SRVIX
2019-02-27,65.24,SRVIX
2019-02-28,65.29,SRVIX
2019-03-01,65.91,SRVIX
2019-03-04,65.98,SRVIX
2019-03-05,65.91,SRVIX
2019-03-06,65.24,SRVIX
2019-03-07,65.05,SRVIX
2019-03-08,65.02,SRVIX
2019-03-11,64.62,SRVIX
2019-03-12,63.73,SRVIX
2019-03-13,63.87,SRVIX
2019-03-14,63.21,SRVIX
2019-03-15,62.52,SRVIX
2019-03-18,62.45,SRVIX
2019-03-19,61.28,SRVIX
2019-03-20,61.22,SRVIX
2019-03-21,60.68,SRVIX
2019-03-22,63.1,SRVIX
2019-03-25,65.63,SRVIX
2019-03-26,64.05,SRVIX
2019-03-27,66.71,SRVIX
2019-03-28,65.13,SRVIX
2019-03-29,64.8,SRVIX
2019-04-01,63.54,SRVIX
2019-04-02,63.6,SRVIX
2019-04-03,62.79,SRVIX
2019-04-04,61.91,SRVIX
2019-04-05,61.24,SRVIX
2019-04-08,60.91,SRVIX
2019-04-09,61.45,SRVIX
2019-04-10,61.52,SRVIX
2019-04-11,61.44,SRVIX
2019-04-12,62.16,SRVIX
2019-04-15,62.08,SRVIX
2019-04-16,61.85,SRVIX
2019-04-17,61.74,SRVIX
2019-04-18,62.08,SRVIX
2019-04-22,61.87,SRVIX
2019-04-23,63.65,SRVIX
2019-04-24,64.03,SRVIX
2019-04-25,63.52,SRVIX
2019-04-26,63.12,SRVIX
2019-04-29,61.89,SRVIX
2019-04-30,62.46,SRVIX
2019-05-01,61.98,SRVIX
2019-05-02,61.76,SRVIX
2019-05-03,61.17,SRVIX
2019-05-06,62.58,SRVIX
2019-05-07,64.18,SRVIX
2019-05-08,63.42,SRVIX
2019-05-09,63.84,SRVIX
2019-05-10,63.33,SRVIX
2019-05-13,65.03,SRVIX
2019-05-14,64.6,SRVIX
2019-05-15,65.14,SRVIX
2019-05-16,65.17,SRVIX
2019-05-17,65.74,SRVIX
2019-05-20,66.02,SRVIX
2019-05-21,66.01,SRVIX
2019-05-22,65.65,SRVIX
2019-05-23,66.57,SRVIX
2019-05-24,66.69,SRVIX
2019-05-28,68.37,SRVIX
2019-05-29,68.78,SRVIX
2019-05-30,67.85,SRVIX
2019-05-31,70.41,SRVIX
2019-06-03,70.6,SRVIX
2019-06-04,69.66,SRVIX
2019-06-05,70.49,SRVIX
2019-06-06,69.27,SRVIX
2019-06-07,67.54,SRVIX
2019-06-10,67.03,SRVIX
2019-06-11,66.68,SRVIX
2019-06-12,66.95,SRVIX
2019-06-13,68.88,SRVIX
2019-06-14,70.92,SRVIX
2019-06-17,70.21,SRVIX
2019-06-18,69.75,SRVIX
2019-06-19,68.32,SRVIX
2019-06-20,67.47,SRVIX
2019-06-21,67.91,SRVIX
2019-06-24,67.92,SRVIX
2019-06-25,68.7,SRVIX
2019-06-26,68.51,SRVIX
2019-06-27,67.81,SRVIX
2019-06-28,67.74,SRVIX
2019-07-01,66.52,SRVIX
2019-07-02,66.5,SRVIX
2019-07-03,66.65,SRVIX
2019-07-08,66.06,SRVIX
2019-07-09,65.92,SRVIX
2019-07-10,65.67,SRVIX
2019-07-11,65.96,SRVIX
2019-07-12,66.14,SRVIX
2019-07-15,66.74,SRVIX
2019-07-16,66.68,SRVIX
2019-07-17,66.97,SRVIX
2019-07-18,67.53,SRVIX
2019-07-19,67.7,SRVIX
2019-07-22,67.39,SRVIX
2019-07-23,67.6,SRVIX
2019-07-24,67.71,SRVIX
2019-07-25,67.12,SRVIX
2019-07-26,66.37,SRVIX
2019-07-29,65.89,SRVIX
2019-07-30,65.63,SRVIX
2019-07-31,64.67,SRVIX
2019-08-01,67.79,SRVIX
2019-08-02,67.36,SRVIX
2019-08-05,70.85,SRVIX
2019-08-06,68.87,SRVIX
2019-08-07,70.38,SRVIX
2019-08-08,69.01,SRVIX
2019-08-09,69.79,SRVIX
2019-08-12,70.32,SRVIX
2019-08-13,69.75,SRVIX
2019-08-14,70.7,SRVIX
2019-08-15,72.3,SRVIX
2019-08-16,72.01,SRVIX
2019-08-19,70.16,SRVIX
2019-08-20,70.16,SRVIX
2019-08-21,69.95,SRVIX
2019-08-22,69.25,SRVIX
2019-08-23,70.26,SRVIX
2019-08-26,70.85,SRVIX
2019-08-27,72.16,SRVIX
2019-08-28,73.08,SRVIX
2019-08-29,73.11,SRVIX
2019-08-30,73.56,SRVIX
2019-09-03,73.74,SRVIX
2019-09-04,73.07,SRVIX
2019-09-05,71.48,SRVIX
2019-09-06,71.78,SRVIX
2019-09-09,71.96,SRVIX
2019-09-10,72.84,SRVIX
2019-09-11,72.61,SRVIX
2019-09-12,71.11,SRVIX
2019-09-13,71.78,SRVIX
2019-09-16,72.83,SRVIX
2019-09-17,72.75,SRVIX
2019-09-18,71.68,SRVIX
2019-09-19,70.92,SRVIX
2019-09-20,71.43,SRVIX
2019-09-23,72.51,SRVIX
2019-09-24,72.68,SRVIX
2019-09-25,72.63,SRVIX
2019-09-26,72.66,SRVIX
2019-09-27,72.51,SRVIX
2019-09-30,72.68,SRVIX
2019-10-01,73.19,SRVIX
2019-10-02,73.07,SRVIX
2019-10-03,72.85,SRVIX
2019-10-04,72.81,SRVIX
2019-10-07,72.83,SRVIX
2019-10-08,73.05,SRVIX
2019-10-09,72.94,SRVIX
2019-10-10,72.92,SRVIX
2019-10-11,73.46,SRVIX
2019-10-14,73.46,SRVIX
2019-10-15,73.3,SRVIX
2019-10-16,73.31,SRVIX
2019-10-17,72.99,SRVIX
2019-10-18,72.95,SRVIX
2019-10-21,72.72,SRVIX
2019-10-22,72.18,SRVIX
2019-10-23,71.86,SRVIX
2019-10-24,71.32,SRVIX
2019-10-25,70.68,SRVIX
2019-10-28,70.73,SRVIX
2019-10-29,70.69,SRVIX
2019-10-30,70.01,SRVIX
2019-10-31,70.47,SRVIX
2019-11-01,69.4,SRVIX
2019-11-04,69.55,SRVIX
2019-11-05,70.41,SRVIX
2019-11-06,70.28,SRVIX
2019-11-07,71.38,SRVIX
2019-11-08,70.6,SRVIX
2019-11-11,70.61,SRVIX
2019-11-12,70.68,SRVIX
2019-11-13,70.52,SRVIX
2019-11-14,70.34,SRVIX
2019-11-15,69.97,SRVIX
2019-11-18,69.9,SRVIX
2019-11-19,69.94,SRVIX
2019-11-20,70.62,SRVIX
2019-11-21,70.67,SRVIX
2019-11-22,70.75,SRVIX
2019-11-25,71.21,SRVIX
2019-11-26,71.11,SRVIX
2019-11-27,70.84,SRVIX
2019-11-29,70.6,SRVIX
2019-12-02,70.54,SRVIX
2019-12-03,71.48,SRVIX
2019-12-04,71.3,SRVIX
2019-12-05,71.14,SRVIX
2019-12-06,71.85,SRVIX
2019-12-09,71.7,SRVIX
2019-12-10,71.16,SRVIX
2019-12-11,70.4,SRVIX
2019-12-12,70.05,SRVIX
2019-12-13,69.38,SRVIX
2019-12-16,69.04,SRVIX
2019-12-17,69.03,SRVIX
2019-12-18,68.74,SRVIX
2019-12-19,68.56,SRVIX
2019-12-20,68.42,SRVIX
2019-12-23,68.87,SRVIX
2019-12-24,68.87,SRVIX
2019-12-26,68.75,SRVIX
2019-12-27,68.26,SRVIX
2019-12-30,68.45,SRVIX
2019-12-31,68.08,SRVIX
2020-01-02,68.6,SRVIX
2020-01-03,69.11,SRVIX
2020-01-06,69.43,SRVIX
2020-01-07,69.79,SRVIX
2020-01-08,70.17,SRVIX
2020-01-09,69.62,SRVIX
2020-01-10,68.37,SRVIX
2020-01-13,67.72,SRVIX
2020-01-14,67.36,SRVIX
2020-01-15,67.52,SRVIX
2020-01-16,67.41,SRVIX
2020-01-17,67.43,SRVIX
2020-01-21,67.91,SRVIX
2020-01-22,67.86,SRVIX
2020-01-23,68.25,SRVIX
2020-01-24,69.51,SRVIX
2020-01-27,70.41,SRVIX
2020-01-28,69.67,SRVIX
2020-01-29,69.68,SRVIX
2020-01-30,70.99,SRVIX
2020-01-31,70.89,SRVIX
2020-02-03,70.51,SRVIX
2020-02-04,69.8,SRVIX
2020-02-05,68.98,SRVIX
2020-02-06,68.7,SRVIX
2020-02-07,69.19,SRVIX
2020-02-10,70.02,SRVIX
2020-02-11,69.57,SRVIX
2020-02-12,69.44,SRVIX
2020-02-13,69.43,SRVIX
2020-02-14,69.43,SRVIX
2020-02-18,69.92,SRVIX
2020-02-19,69.75,SRVIX
2020-02-20,69.61,SRVIX
2020-02-21,70.99,SRVIX
2020-02-24,72.69,SRVIX
2020-02-25,72.08,SRVIX
2020-02-26,71.24,SRVIX
2020-02-27,71.69,SRVIX
2020-02-28,72.59,SRVIX
2020-03-02,71.78,SRVIX
2020-03-03,70.24,SRVIX
2020-03-04,69.99,SRVIX
2020-03-05,69.08,SRVIX
2020-03-06,72.64,SRVIX
2020-03-09,76.93,SRVIX
2020-03-10,76.16,SRVIX
2020-03-11,79.92,SRVIX
2020-03-12,84.85,SRVIX
2020-03-13,84.51,SRVIX
2020-03-16,80.35,SRVIX
2020-03-17,80.58,SRVIX
2020-03-18,85.53,SRVIX
2020-03-19,90.13,SRVIX
2020-03-20,85.77,SRVIX
2020-03-23,83.55,SRVIX
2020-03-24,80.8,SRVIX
2020-03-25,75.46,SRVIX
2020-03-26,74.27,SRVIX
2020-03-27,73.68,SRVIX
2020-03-30,73.31,SRVIX
2020-03-31,71.97,SRVIX
2020-04-01,71.0,SRVIX
2020-04-02,70.14,SRVIX
2020-04-03,68.15,SRVIX
2020-04-06,68.04,SRVIX
2020-04-07,68.73,SRVIX
2020-04-08,70.22,SRVIX
2020-04-09,70.81,SRVIX
2020-04-13,70.15,SRVIX
2020-04-14,70.73,SRVIX
2020-04-15,71.09,SRVIX
2020-04-16,71.13,SRVIX
2020-04-17,71.2,SRVIX
2020-04-20,70.58,SRVIX
2020-04-21,70.66,SRVIX
2020-04-22,70.42,SRVIX
2020-04-23,70.03,SRVIX
2020-04-24,68.96,SRVIX
2020-04-27,67.35,SRVIX
2020-04-28,66.83,SRVIX
2020-04-29,65.92,SRVIX
2020-04-30,64.98,SRVIX
2020-05-01,64.3,SRVIX
2020-05-04,63.51,SRVIX
2020-05-05,63.67,SRVIX
2020-05-06,65.39,SRVIX
2020-05-07,66.05,SRVIX
2020-05-08,66.49,SRVIX
2020-05-11,66.92,SRVIX
2020-05-12,67.19,SRVIX
2020-05-13,66.99,SRVIX
2020-05-14,66.99,SRVIX
2020-05-15,66.74,SRVIX
2020-05-18,66.57,SRVIX
2020-05-19,66.56,SRVIX
2020-05-20,66.47,SRVIX
2020-05-21,66.16,SRVIX
2020-05-22,62.01,SRVIX
2020-05-26,65.03,SRVIX
2020-05-27,64.72,SRVIX
2020-05-28,64.61,SRVIX
2020-05-29,64.74,SRVIX
2020-06-01,65.0,SRVIX
2020-06-02,65.65,SRVIX
2020-06-03,66.75,SRVIX
2020-06-04,67.22,SRVIX
2020-06-05,67.47,SRVIX
2020-06-08,67.05,SRVIX
2020-06-09,66.8,SRVIX
2020-06-10,66.11,SRVIX
2020-06-11,66.77,SRVIX
2020-06-12,67.23,SRVIX
2020-06-15,67.27,SRVIX
2020-06-16,67.57,SRVIX
2020-06-17,67.36,SRVIX
2020-06-18,66.86,SRVIX
2020-06-19,66.06,SRVIX
2020-06-22,66.03,SRVIX
2020-06-23,66.19,SRVIX
2020-06-24,66.52,SRVIX
2020-06-25,66.81,SRVIX
2020-06-26,66.89,SRVIX
2020-06-29,67.0,SRVIX
2020-06-30,66.58,SRVIX
2020-07-01,66.59,SRVIX
2020-07-02,66.18,SRVIX
2020-07-06,66.2,SRVIX
2020-07-07,65.93,SRVIX
2020-07-08,65.88,SRVIX
2020-07-09,65.71,SRVIX
2020-07-10,65.67,SRVIX
2020-07-13,65.77,SRVIX
2020-07-14,66.06,SRVIX
2020-07-15,65.52,SRVIX
2020-07-16,66.05,SRVIX
2020-07-17,66.28,SRVIX
2020-07-20,66.54,SRVIX
2020-07-21,66.36,SRVIX
2020-07-22,66.18,SRVIX
2020-07-23,64.43,SRVIX
2020-07-24,64.57,SRVIX
2020-07-27,64.77,SRVIX
2020-07-28,63.57,SRVIX
2020-07-29,63.18,SRVIX
2020-07-30,61.67,SRVIX
2020-07-31,61.95,SRVIX
2020-08-03,62.54,SRVIX
2020-08-04,62.1,SRVIX
2020-08-05,62.31,SRVIX
2020-08-06,62.29,SRVIX
2020-08-07,63.11,SRVIX
2020-08-10,63.15,SRVIX
2020-08-11,63.45,SRVIX
2020-08-12,63.98,SRVIX
2020-08-13,64.08,SRVIX
2020-08-14,63.58,SRVIX
2020-08-17,63.45,SRVIX
2020-08-18,63.33,SRVIX
2020-08-19,63.28,SRVIX
2020-08-20,63.16,SRVIX
2020-08-21,63.51,SRVIX
2020-08-24,63.65,SRVIX
2020-08-25,64.18,SRVIX
2020-08-26,64.85,SRVIX
2020-08-27,65.42,SRVIX
2020-08-28,65.65,SRVIX
2020-08-31,65.53,SRVIX
2020-09-01,65.19,SRVIX
2020-09-02,65.11,SRVIX
2020-09-03,65.77,SRVIX
2020-09-04,65.88,SRVIX
2020-09-08,66.37,SRVIX
2020-09-09,66.56,SRVIX
2020-09-10,66.33,SRVIX
2020-09-11,65.9,SRVIX
2020-09-14,65.99,SRVIX
2020-09-15,65.86,SRVIX
2020-09-16,65.21,SRVIX
2020-09-17,64.24,SRVIX
2020-09-18,63.07,SRVIX
2020-09-21,63.51,SRVIX
2020-09-22,63.73,SRVIX
2020-09-23,63.47,SRVIX
2020-09-24,63.39,SRVIX
2020-09-25,63.59,SRVIX
2020-09-28,64.05,SRVIX
2020-09-29,64.27,SRVIX
2020-09-30,64.77,SRVIX
2020-10-01,64.52,SRVIX
2020-10-02,64.11,SRVIX
2020-10-05,64.68,SRVIX
2020-10-06,64.83,SRVIX
2020-10-07,64.57,SRVIX
2020-10-08,64.53,SRVIX
2020-10-09,64.32,SRVIX
2020-10-12,64.11,SRVIX
2020-10-13,63.78,SRVIX
2020-10-14,63.39,SRVIX
2020-10-15,63.42,SRVIX
2020-10-19,63.57,SRVIX
2020-10-20,63.64,SRVIX
2020-10-21,63.18,SRVIX
2020-10-22,65.07,SRVIX
2020-10-23,63.98,SRVIX
2020-10-26,62.98,SRVIX
2020-10-27,63.2,SRVIX
2020-10-28,63.51,SRVIX
2020-10-29,64.84,SRVIX
2020-10-30,67.07,SRVIX
2020-11-02,64.64,SRVIX
2020-11-03,66.48,SRVIX
2020-11-04,61.1,SRVIX
2020-11-05,60.9,SRVIX
2020-11-06,60.18,SRVIX
2020-11-09,63.6,SRVIX
2020-11-10,63.39,SRVIX
2020-11-11,62.26,SRVIX
2020-11-12,62.01,SRVIX
2020-11-13,62.08,SRVIX
2020-11-16,62.13,SRVIX
2020-11-17,60.49,SRVIX
2020-11-18,61.37,SRVIX
2020-11-19,60.55,SRVIX
2020-11-20,60.55,SRVIX
2020-11-23,60.66,SRVIX
2020-11-24,62.09,SRVIX
2020-11-25,62.55,SRVIX
2020-11-27,60.75,SRVIX
2020-11-30,61.04,SRVIX
2020-12-01,63.29,SRVIX
2020-12-02,64.8,SRVIX
2020-12-03,63.62,SRVIX
2020-12-04,64.32,SRVIX
2020-12-07,64.32,SRVIX
2020-12-08,64.21,SRVIX
2020-12-09,64.11,SRVIX
2020-12-10,63.84,SRVIX
2020-12-11,64.01,SRVIX
2020-12-14,64.34,SRVIX
2020-12-15,64.47,SRVIX
2020-12-16,64.62,SRVIX
2020-12-17,64.23,SRVIX
2020-12-18,64.05,SRVIX
2020-12-21,64.23,SRVIX
2020-12-22,64.25,SRVIX
2020-12-23,64.6,SRVIX
2020-12-24,64.43,SRVIX
2020-12-28,64.67,SRVIX
2020-12-29,65.06,SRVIX
2020-12-30,65.74,SRVIX
2020-12-31,66.19,SRVIX
2021-01-04,65.16,SRVIX
2021-01-05,65.27,SRVIX
2021-01-06,65.18,SRVIX
2021-01-07,65.52,SRVIX
2021-01-08,66.12,SRVIX
2021-01-11,67.15,SRVIX
2021-01-12,67.47,SRVIX
2021-01-13,66.45,SRVIX
2021-01-14,66.82,SRVIX
2021-01-15,66.28,SRVIX
2021-01-19,66.18,SRVIX
2021-01-20,66.06,SRVIX
2021-01-21,66.58,SRVIX
2021-01-22,66.61,SRVIX
2021-01-25,66.77,SRVIX
2021-01-26,66.24,SRVIX
2021-01-27,66.57,SRVIX
2021-01-28,67.07,SRVIX
2021-01-29,67.87,SRVIX
2021-02-01,67.68,SRVIX
2021-02-02,67.83,SRVIX
2021-02-03,68.34,SRVIX
2021-02-04,69.13,SRVIX
2021-02-05,69.28,SRVIX
2021-02-08,69.64,SRVIX
2021-02-09,69.87,SRVIX
2021-02-10,69.88,SRVIX
2021-02-11,70.39,SRVIX
2021-02-12,70.79,SRVIX
2021-02-16,74.5,SRVIX
2021-02-17,73.79,SRVIX
2021-02-18,73.77,SRVIX
2021-02-19,74.91,SRVIX
2021-02-22,76.07,SRVIX
2021-02-23,75.92,SRVIX
2021-02-24,76.29,SRVIX
2021-02-25,78.61,SRVIX
2021-02-26,77.96,SRVIX
2021-03-01,75.55,SRVIX
2021-03-02,73.72,SRVIX
2021-03-03,76.02,SRVIX
2021-03-04,77.37,SRVIX
2021-03-05,78.72,SRVIX
2021-03-08,79.16,SRVIX
2021-03-09,79.04,SRVIX
2021-03-10,83.69,SRVIX
2021-03-11,82.51,SRVIX
2021-03-12,85.81,SRVIX
2021-03-15,80.59,SRVIX
2021-03-16,79.77,SRVIX
2021-03-17,79.63,SRVIX
2021-03-18,82.19,SRVIX
2021-03-19,81.98,SRVIX
2021-03-22,81.72,SRVIX
2021-03-23,78.9,SRVIX
2021-03-24,78.86,SRVIX
2021-03-25,78.87,SRVIX
2021-03-26,79.04,SRVIX
2021-03-29,80.05,SRVIX
2021-03-30,85.69,SRVIX
2021-03-31,87.93,SRVIX
2021-04-01,86.91,SRVIX
2021-04-05,86.25,SRVIX
2021-04-06,80.39,SRVIX
2021-04-07,80.48,SRVIX
2021-04-08,80.53,SRVIX
2021-04-09,80.73,SRVIX
2021-04-12,80.99,SRVIX
2021-04-13,80.77,SRVIX
2021-04-14,81.45,SRVIX
2021-04-15,81.12,SRVIX
2021-04-16,81.28,SRVIX
2021-04-19,81.14,SRVIX
2021-04-20,86.12,SRVIX
2021-04-21,84.42,SRVIX
2021-04-22,83.97,SRVIX
2021-04-23,83.35,SRVIX
2021-04-26,83.33,SRVIX
2021-04-27,83.09,SRVIX
2021-04-28,83.35,SRVIX
2021-04-29,83.59,SRVIX
2021-04-30,83.48,SRVIX
2021-05-03,83.33,SRVIX
2021-05-04,83.19,SRVIX
2021-05-05,83.28,SRVIX
2021-05-06,83.86,SRVIX
2021-05-07,82.31,SRVIX
2021-05-10,82.82,SRVIX
2021-05-11,83.68,SRVIX
2021-05-12,84.93,SRVIX
2021-05-13,84.8,SRVIX
2021-05-14,84.06,SRVIX
2021-05-17,84.05,SRVIX
2021-05-18,83.86,SRVIX
2021-05-19,85.4,SRVIX
2021-05-20,84.93,SRVIX
2021-05-21,84.46,SRVIX
2021-05-24,84.6,SRVIX
2021-05-25,83.8,SRVIX
2021-05-26,82.86,SRVIX
2021-05-27,82.45,SRVIX
2021-05-28,81.24,SRVIX
2021-06-01,80.8,SRVIX
2021-06-02,80.18,SRVIX
2021-06-03,80.61,SRVIX
2021-06-04,78.29,SRVIX
2021-06-07,77.15,SRVIX
2021-06-08,77.39,SRVIX
2021-06-09,74.96,SRVIX
2021-06-10,77.51,SRVIX
2021-06-11,78.36,SRVIX
2021-06-14,78.92,SRVIX
2021-06-15,78.85,SRVIX
2021-06-16,80.07,SRVIX
2021-06-17,80.13,SRVIX
2021-06-18,80.39,SRVIX
2021-06-21,81.47,SRVIX
2021-06-22,79.21,SRVIX
2021-06-23,77.18,SRVIX
2021-06-24,77.36,SRVIX
2021-06-25,77.28,SRVIX
2021-06-28,76.81,SRVIX
2021-06-29,76.18,SRVIX
2021-06-30,75.76,SRVIX
2021-07-01,76.56,SRVIX
2021-07-02,75.26,SRVIX
2021-07-06,75.84,SRVIX
2021-07-07,76.19,SRVIX
2021-07-08,76.94,SRVIX
2021-07-09,77.87,SRVIX
2021-07-12,76.21,SRVIX
2021-07-13,76.01,SRVIX
2021-07-14,75.66,SRVIX
2021-07-15,75.1,SRVIX
2021-07-16,75.24,SRVIX
2021-07-19,76.78,SRVIX
2021-07-20,76.61,SRVIX
2021-07-21,76.57,SRVIX
2021-07-22,76.35,SRVIX
2021-07-23,76.44,SRVIX
2021-07-26,77.56,SRVIX
2021-07-27,77.33,SRVIX
2021-07-28,75.99,SRVIX
2021-07-29,76.76,SRVIX
2021-07-30,76.62,SRVIX
2021-08-02,76.57,SRVIX
2021-08-03,77.32,SRVIX
2021-08-04,74.6,SRVIX
2021-08-05,78.37,SRVIX
2021-08-06,78.23,SRVIX
2021-08-09,100.64,SRVIX
2021-08-10,101.4,SRVIX
2021-08-11,100.53,SRVIX
2021-08-12,99.09,SRVIX
2021-08-13,77.96,SRVIX
2021-08-16,78.44,SRVIX
2021-08-17,78.17,SRVIX
2021-08-18,78.89,SRVIX
2021-08-19,79.15,SRVIX
2021-08-20,79.0,SRVIX
2021-08-23,78.82,SRVIX
2021-08-24,78.37,SRVIX
2021-08-25,79.26,SRVIX
2021-08-26,78.42,SRVIX
2021-08-27,76.32,SRVIX
2021-08-30,76.42,SRVIX
2021-08-31,76.85,SRVIX
2021-09-01,76.68,SRVIX
2021-09-02,75.8,SRVIX
2021-09-03,75.27,SRVIX
2021-09-07,76.26,SRVIX
2021-09-08,76.16,SRVIX
2021-09-09,75.84,SRVIX
2021-09-10,76.17,SRVIX
2021-09-13,75.87,SRVIX
2021-09-14,74.83,SRVIX
2021-09-15,75.96,SRVIX
2021-09-16,76.38,SRVIX
2021-09-17,76.96,SRVIX
2021-09-20,76.97,SRVIX
2021-09-21,77.24,SRVIX
2021-09-22,76.88,SRVIX
2021-09-23,77.99,SRVIX
2021-09-24,79.0,SRVIX
2021-09-27,79.73,SRVIX
2021-09-28,80.69,SRVIX
2021-09-29,80.26,SRVIX
2021-09-30,80.57,SRVIX
2021-10-01,79.69,SRVIX
2021-10-04,79.08,SRVIX
2021-10-05,80.02,SRVIX
2021-10-06,79.94,SRVIX
2021-10-07,80.58,SRVIX
2021-10-08,80.27,SRVIX
2021-10-11,80.53,SRVIX
2021-10-12,80.31,SRVIX
2021-10-13,79.9,SRVIX
2021-10-14,79.59,SRVIX
2021-10-15,79.92,SRVIX
2021-10-18,81.62,SRVIX
2021-10-19,82.07,SRVIX
2021-10-20,81.5,SRVIX
2021-10-21,82.05,SRVIX
2021-10-22,82.49,SRVIX
2021-10-25,81.57,SRVIX
2021-10-26,81.65,SRVIX
2021-10-27,81.82,SRVIX
2021-10-28,81.89,SRVIX
2021-10-29,83.47,SRVIX
2021-11-01,84.49,SRVIX
2021-11-02,82.71,SRVIX
2021-11-03,82.41,SRVIX
2021-11-04,80.62,SRVIX
2021-11-05,80.38,SRVIX
2021-11-08,80.96,SRVIX
2021-11-09,82.37,SRVIX
2021-11-10,84.73,SRVIX
2021-11-11,85.02,SRVIX
2021-11-12,86.32,SRVIX
2021-11-15,87.23,SRVIX
2021-11-16,87.25,SRVIX
2021-11-17,85.55,SRVIX
2021-11-18,85.27,SRVIX
2021-11-19,84.58,SRVIX
2021-11-22,85.55,SRVIX
2021-11-23,87.12,SRVIX
2021-11-24,87.14,SRVIX
2021-11-26,88.2,SRVIX
2021-11-29,87.63,SRVIX
2021-11-30,88.13,SRVIX
2021-12-01,88.15,SRVIX
2021-12-02,88.99,SRVIX
2021-12-03,88.67,SRVIX
2021-12-06,89.02,SRVIX
2021-12-07,88.9,SRVIX
2021-12-08,86.21,SRVIX
2021-12-09,85.17,SRVIX
2021-12-10,83.38,SRVIX
2021-12-13,83.27,SRVIX
2021-12-14,83.36,SRVIX
2021-12-15,83.37,SRVIX
2021-12-16,82.04,SRVIX
2021-12-17,82.49,SRVIX
2021-12-20,82.72,SRVIX
2021-12-21,83.23,SRVIX
2021-12-22,82.11,SRVIX
2021-12-23,82.91,SRVIX
2021-12-27,82.77,SRVIX
2021-12-28,82.69,SRVIX
2021-12-29,82.87,SRVIX
2021-12-30,82.64,SRVIX
2021-12-31,82.56,SRVIX
2022-01-03,83.29,SRVIX
2022-01-04,83.3,SRVIX
2022-01-05,83.03,SRVIX
2022-01-06,83.12,SRVIX
2022-01-07,84.01,SRVIX
2022-01-10,83.61,SRVIX
2022-01-11,84.49,SRVIX
2022-01-12,84.36,SRVIX
2022-01-13,83.92,SRVIX
2022-01-14,84.02,SRVIX
2022-01-18,85.57,SRVIX
2022-01-19,85.32,SRVIX
2022-01-20,85.2,SRVIX
2022-01-21,85.29,SRVIX
2022-01-24,86.44,SRVIX
2022-01-25,87.04,SRVIX
2022-01-26,86.81,SRVIX
2022-01-27,87.51,SRVIX
2022-01-28,87.78,SRVIX
2022-01-31,88.29,SRVIX
2022-02-01,88.18,SRVIX
2022-02-02,88.05,SRVIX
2022-02-03,88.55,SRVIX
2022-02-04,89.31,SRVIX
2022-02-07,89.92,SRVIX
2022-02-08,90.52,SRVIX
2022-02-09,90.18,SRVIX
2022-02-10,93.09,SRVIX
2022-02-11,94.61,SRVIX
2002-11-12,120.20999908447266,MOVE
2002-11-13,122.87999725341797,MOVE
2002-11-14,130.2899932861328,MOVE
2002-11-15,132.35000610351562,MOVE
2002-11-18,129.13999938964844,MOVE
2002-11-19,126.48999786376953,MOVE
2002-11-20,125.87000274658203,MOVE
2002-11-21,127.0199966430664,MOVE
2002-11-22,126.2699966430664,MOVE
2002-11-25,120.83999633789062,MOVE
2002-11-26,120.80999755859375,MOVE
2002-11-27,128.30999755859375,MOVE
2002-11-29,127.5199966430664,MOVE
2002-12-02,127.5199966430664,MOVE
2002-12-03,130.63999938964844,MOVE
2002-12-04,131.05999755859375,MOVE
2002-12-05,130.44000244140625,MOVE
2002-12-06,128.4600067138672,MOVE
2002-12-09,122.95999908447266,MOVE
2002-12-10,115.58999633789062,MOVE
2002-12-11,118.33000183105469,MOVE
2002-12-12,117.16000366210938,MOVE
2002-12-13,116.20999908447266,MOVE
2002-12-16,120.33000183105469,MOVE
2002-12-17,119.83000183105469,MOVE
2002-12-18,118.62999725341797,MOVE
2002-12-19,124.06999969482422,MOVE
2002-12-20,125.25,MOVE
2002-12-23,124.77999877929688,MOVE
2002-12-24,121.25,MOVE
2002-12-26,118.61000061035156,MOVE
2002-12-27,123.87000274658203,MOVE
2002-12-30,123.72000122070312,MOVE
2002-12-31,123.88999938964844,MOVE
2003-01-02,130.8699951171875,MOVE
2003-01-06,124.83000183105469,MOVE
2003-01-07,117.52999877929688,MOVE
2003-01-08,119.41999816894531,MOVE
2003-01-09,125.08000183105469,MOVE
2003-01-10,120.0199966430664,MOVE
2003-01-13,119.79000091552734,MOVE
2003-01-14,114.16000366210938,MOVE
2003-01-15,115.3499984741211,MOVE
2003-01-16,115.1500015258789,MOVE
2003-01-17,116.0199966430664,MOVE
2003-01-21,114.80000305175781,MOVE
2003-01-22,109.94000244140625,MOVE
2003-01-23,107.7300033569336,MOVE
2003-01-24,109.41000366210938,MOVE
2003-01-27,117.7300033569336,MOVE
2003-01-28,116.88999938964844,MOVE
2003-01-29,114.48999786376953,MOVE
2003-01-30,115.62000274658203,MOVE
2003-01-31,110.88999938964844,MOVE
2003-02-03,109.12000274658203,MOVE
2003-02-04,112.05999755859375,MOVE
2003-02-05,122.12999725341797,MOVE
2003-02-06,117.22000122070312,MOVE
2003-02-07,115.48999786376953,MOVE
2003-02-10,114.06999969482422,MOVE
2003-02-11,112.31999969482422,MOVE
2003-02-12,113.13999938964844,MOVE
2003-02-13,116.33999633789062,MOVE
2003-02-18,115.77999877929688,MOVE
2003-02-19,107.12999725341797,MOVE
2003-02-20,109.16999816894531,MOVE
2003-02-21,104.8499984741211,MOVE
2003-02-24,104.05000305175781,MOVE
2003-02-25,103.0999984741211,MOVE
2003-02-26,114.16000366210938,MOVE
2003-02-27,103.80000305175781,MOVE
2003-02-28,105.36000061035156,MOVE
2003-03-03,101.76000213623047,MOVE
2003-03-04,100.94000244140625,MOVE
2003-03-05,103.1500015258789,MOVE
2003-03-06,102.83999633789062,MOVE
2003-03-07,104.5999984741211,MOVE
2003-03-10,105.9800033569336,MOVE
2003-03-11,104.27999877929688,MOVE
2003-03-12,104.33000183105469,MOVE
2003-03-13,110.98999786376953,MOVE
2003-03-14,110.3499984741211,MOVE
2003-03-17,118.37000274658203,MOVE
2003-03-18,124.87999725341797,MOVE
2003-03-19,130.27999877929688,MOVE
2003-03-20,125.83000183105469,MOVE
2003-03-21,124.18000030517578,MOVE
2003-03-24,119.97000122070312,MOVE
2003-03-25,116.44999694824219,MOVE
2003-03-26,116.30000305175781,MOVE
2003-03-27,115.05999755859375,MOVE
2003-03-28,114.5,MOVE
2003-03-31,112.08999633789062,MOVE
2003-04-01,109.66000366210938,MOVE
2003-04-02,116.79000091552734,MOVE
2003-04-03,115.94000244140625,MOVE
2003-04-04,114.37000274658203,MOVE
2003-04-07,113.4800033569336,MOVE
2003-04-08,110.08000183105469,MOVE
2003-04-09,105.87999725341797,MOVE
2003-04-10,103.56999969482422,MOVE
2003-04-11,103.66000366210938,MOVE
2003-04-14,102.72000122070312,MOVE
2003-04-15,98.56999969482422,MOVE
2003-04-16,96.02999877929688,MOVE
2003-04-17,96.19999694824219,MOVE
2003-04-21,95.80000305175781,MOVE
2003-04-22,98.56999969482422,MOVE
2003-04-23,95.79000091552734,MOVE
2003-04-24,92.43000030517578,MOVE
2003-04-25,91.66000366210938,MOVE
2003-04-28,91.05999755859375,MOVE
2003-04-29,90.63999938964844,MOVE
2003-04-30,89.2699966430664,MOVE
2003-05-01,89.66999816894531,MOVE
2003-05-02,90.66999816894531,MOVE
2003-05-05,88.06999969482422,MOVE
2003-05-06,84.7300033569336,MOVE
2003-05-07,86.37000274658203,MOVE
2003-05-08,85.29000091552734,MOVE
2003-05-09,82.55999755859375,MOVE
2003-05-12,83.20999908447266,MOVE
2003-05-13,84.97000122070312,MOVE
2003-05-14,88.91999816894531,MOVE
2003-05-15,94.38999938964844,MOVE
2003-05-16,94.63999938964844,MOVE
2003-05-19,97.87999725341797,MOVE
2003-05-20,104.38999938964844,MOVE
2003-05-21,108.54000091552734,MOVE
2003-05-22,102.77999877929688,MOVE
2003-05-23,99.52999877929688,MOVE
2003-05-27,99.61000061035156,MOVE
2003-05-28,100.3499984741211,MOVE
2003-05-29,99.43000030517578,MOVE
2003-05-30,99.80999755859375,MOVE
2003-06-02,101.6500015258789,MOVE
2003-06-04,105.18000030517578,MOVE
2003-06-05,108.37999725341797,MOVE
2003-06-06,103.3499984741211,MOVE
2003-06-09,103.06999969482422,MOVE
2003-06-11,104.69999694824219,MOVE
2003-06-12,101.58000183105469,MOVE
2003-06-13,103.18000030517578,MOVE
2003-06-16,101.5999984741211,MOVE
2003-06-17,105.3499984741211,MOVE
2003-06-18,111.45999908447266,MOVE
2003-06-19,113.38999938964844,MOVE
2003-06-23,108.44999694824219,MOVE
2003-06-24,105.66000366210938,MOVE
2003-06-25,106.08999633789062,MOVE
2003-06-26,106.5999984741211,MOVE
2003-06-27,108.19000244140625,MOVE
2003-06-30,103.5999984741211,MOVE
2003-07-01,100.55999755859375,MOVE
2003-07-02,106.0999984741211,MOVE
2003-07-03,107.51000213623047,MOVE
2003-07-07,104.87999725341797,MOVE
2003-07-09,101.9800033569336,MOVE
2003-07-10,103.08999633789062,MOVE
2003-07-11,98.87000274658203,MOVE
2003-07-14,99.30000305175781,MOVE
2003-07-15,106.41999816894531,MOVE
2003-07-16,109.88999938964844,MOVE
2003-07-17,110.05999755859375,MOVE
2003-07-18,104.91999816894531,MOVE
2003-07-21,114.73999786376953,MOVE
2003-07-22,120.5,MOVE
2003-07-23,117.19999694824219,MOVE
2003-07-24,115.12000274658203,MOVE
2003-07-25,115.93000030517578,MOVE
2003-07-28,126.36000061035156,MOVE
2003-07-29,141.44000244140625,MOVE
2003-07-30,146.99000549316406,MOVE
2003-07-31,160.86000061035156,MOVE
2003-08-01,157.22000122070312,MOVE
2003-08-04,145.7100067138672,MOVE
2003-08-05,144.5,MOVE
2003-08-06,144.3800048828125,MOVE
2003-08-07,129.14999389648438,MOVE
2003-08-08,130.9600067138672,MOVE
2003-08-11,139.8300018310547,MOVE
2003-08-12,131.6699981689453,MOVE
2003-08-13,144.75,MOVE
2003-08-14,147.38999938964844,MOVE
2003-08-15,140.58999633789062,MOVE
2003-08-18,132.00999450683594,MOVE
2003-08-19,124.12000274658203,MOVE
2003-08-20,128.32000732421875,MOVE
2003-08-22,135.08999633789062,MOVE
2003-08-25,132.7899932861328,MOVE
2003-08-26,130.8000030517578,MOVE
2003-08-27,127.72000122070312,MOVE
2003-08-28,128.72999572753906,MOVE
2003-08-29,126.55000305175781,MOVE
2003-09-02,135.60000610351562,MOVE
2003-09-03,134.08999633789062,MOVE
2003-09-04,127.77999877929688,MOVE
2003-09-05,124.7300033569336,MOVE
2003-09-08,120.08999633789062,MOVE
2003-09-09,125.55999755859375,MOVE
2003-09-10,118.76000213623047,MOVE
2003-09-11,120.41000366210938,MOVE
2003-09-12,120.87000274658203,MOVE
2003-09-15,119.27999877929688,MOVE
2003-09-16,118.69999694824219,MOVE
2003-09-17,117.81999969482422,MOVE
2003-09-18,116.88999938964844,MOVE
2003-09-19,112.4000015258789,MOVE
2003-09-22,115.5,MOVE
2003-09-23,115.19999694824219,MOVE
2003-09-24,115.0,MOVE
2003-09-25,112.69999694824219,MOVE
2003-09-26,113.5,MOVE
2003-09-29,115.43000030517578,MOVE
2003-09-30,116.69000244140625,MOVE
2003-10-01,118.23999786376953,MOVE
2003-10-02,122.66000366210938,MOVE
2003-10-03,124.80000305175781,MOVE
2003-10-06,121.5999984741211,MOVE
2003-10-07,119.16000366210938,MOVE
2003-10-08,121.69999694824219,MOVE
2003-10-09,120.16000366210938,MOVE
2003-10-10,118.2699966430664,MOVE
2003-10-13,118.2699966430664,MOVE
2003-10-14,118.1500015258789,MOVE
2003-10-15,122.29000091552734,MOVE
2003-10-16,127.37999725341797,MOVE
2003-10-17,125.55000305175781,MOVE
2003-10-20,124.41000366210938,MOVE
2003-10-21,117.66000366210938,MOVE
2003-10-22,118.16999816894531,MOVE
2003-10-23,120.0999984741211,MOVE
2003-10-24,119.55999755859375,MOVE
2003-10-27,118.19999694824219,MOVE
2003-10-28,116.5199966430664,MOVE
2003-10-29,111.83999633789062,MOVE
2003-10-30,119.0199966430664,MOVE
2003-10-31,118.76000213623047,MOVE
2003-11-04,116.2300033569336,MOVE
2003-11-05,119.45999908447266,MOVE
2003-11-06,123.87999725341797,MOVE
2003-11-07,120.56999969482422,MOVE
2003-11-10,117.81999969482422,MOVE
2003-11-12,115.80999755859375,MOVE
2003-11-13,113.68000030517578,MOVE
2003-11-14,114.25,MOVE
2003-11-17,113.9800033569336,MOVE
2003-11-18,114.0999984741211,MOVE
2003-11-19,114.8499984741211,MOVE
2003-11-20,114.8499984741211,MOVE
2003-11-21,114.44000244140625,MOVE
2003-11-24,109.97000122070312,MOVE
2003-11-25,106.7300033569336,MOVE
2003-11-26,104.8499984741211,MOVE
2003-11-28,104.91000366210938,MOVE
2003-12-01,113.13999938964844,MOVE
2003-12-02,116.52999877929688,MOVE
2003-12-03,117.87999725341797,MOVE
2003-12-04,120.18000030517578,MOVE
2003-12-05,116.41999816894531,MOVE
2003-12-08,113.76000213623047,MOVE
2003-12-09,115.27999877929688,MOVE
2003-12-10,112.91000366210938,MOVE
2003-12-11,109.19999694824219,MOVE
2003-12-12,111.05000305175781,MOVE
2003-12-15,111.01000213623047,MOVE
2003-12-16,110.05000305175781,MOVE
2003-12-17,109.58000183105469,MOVE
2003-12-18,107.11000061035156,MOVE
2003-12-19,109.2300033569336,MOVE
2003-12-22,114.08999633789062,MOVE
2003-12-23,115.27999877929688,MOVE
2003-12-24,116.2300033569336,MOVE
2003-12-26,116.2300033569336,MOVE
2003-12-29,116.47000122070312,MOVE
2003-12-30,116.54000091552734,MOVE
2003-12-31,117.91000366210938,MOVE
2004-01-02,118.01000213623047,MOVE
2004-01-05,113.83999633789062,MOVE
2004-01-06,108.7699966430664,MOVE
2004-01-07,110.91000366210938,MOVE
2004-01-08,109.70999908447266,MOVE
2004-01-09,102.81999969482422,MOVE
2004-01-12,100.20999908447266,MOVE
2004-01-13,97.54000091552734,MOVE
2004-01-14,100.83000183105469,MOVE
2004-01-15,103.63999938964844,MOVE
2004-01-16,104.52999877929688,MOVE
2004-01-20,102.7300033569336,MOVE
2004-01-21,103.43000030517578,MOVE
2004-01-22,105.7300033569336,MOVE
2004-01-23,112.22000122070312,MOVE
2004-01-26,114.44000244140625,MOVE
2004-01-27,111.5999984741211,MOVE
2004-01-28,116.52999877929688,MOVE
2004-01-29,124.93000030517578,MOVE
2004-01-30,116.75,MOVE
2004-02-02,116.20999908447266,MOVE
2004-02-03,116.4000015258789,MOVE
2004-02-04,120.70999908447266,MOVE
2004-02-05,125.7300033569336,MOVE
2004-02-06,115.11000061035156,MOVE
2004-02-09,107.43000030517578,MOVE
2004-02-10,107.41999816894531,MOVE
2004-02-11,95.62000274658203,MOVE
2004-02-12,96.33999633789062,MOVE
2004-02-13,96.33000183105469,MOVE
2004-02-17,93.61000061035156,MOVE
2004-02-18,92.62999725341797,MOVE
2004-02-19,91.6500015258789,MOVE
2004-02-20,92.83000183105469,MOVE
2004-02-23,91.04000091552734,MOVE
2004-02-24,90.94000244140625,MOVE
2004-02-25,92.36000061035156,MOVE
2004-02-26,93.19999694824219,MOVE
2004-02-27,90.13999938964844,MOVE
2004-03-01,90.13999938964844,MOVE
2004-03-02,96.08000183105469,MOVE
2004-03-03,104.37000274658203,MOVE
2004-03-04,100.2300033569336,MOVE
2004-03-05,92.30000305175781,MOVE
2004-03-08,91.58000183105469,MOVE
2004-03-09,93.30000305175781,MOVE
2004-03-10,95.48999786376953,MOVE
2004-03-11,99.8499984741211,MOVE
2004-03-12,97.75,MOVE
2004-03-15,96.41000366210938,MOVE
2004-03-16,95.0199966430664,MOVE
2004-03-17,96.31999969482422,MOVE
2004-03-18,97.5999984741211,MOVE
2004-03-19,97.5999984741211,MOVE
2004-03-22,97.5999984741211,MOVE
2004-03-23,96.69999694824219,MOVE
2004-03-24,96.69999694824219,MOVE
2004-03-25,97.4000015258789,MOVE
2004-03-26,105.30000305175781,MOVE
2004-03-29,101.73999786376953,MOVE
2004-03-30,102.0,MOVE
2004-03-31,105.91999816894531,MOVE
2004-04-01,112.4000015258789,MOVE
2004-04-02,112.16000366210938,MOVE
2004-04-05,115.95999908447266,MOVE
2004-04-06,103.08000183105469,MOVE
2004-04-07,117.33999633789062,MOVE
2004-04-08,115.5,MOVE
2004-04-12,112.13999938964844,MOVE
2004-04-13,113.12000274658203,MOVE
2004-04-14,115.30000305175781,MOVE
2004-04-15,117.56999969482422,MOVE
2004-04-16,117.45999908447266,MOVE
2004-04-19,115.08999633789062,MOVE
2004-04-20,118.3499984741211,MOVE
2004-04-21,117.79000091552734,MOVE
2004-04-22,113.13999938964844,MOVE
2004-04-23,114.68000030517578,MOVE
2004-04-26,114.20999908447266,MOVE
2004-04-27,119.97000122070312,MOVE
2004-04-28,120.23999786376953,MOVE
2004-04-29,121.55000305175781,MOVE
2004-04-30,122.93000030517578,MOVE
2004-05-03,123.05999755859375,MOVE
2004-05-04,119.9800033569336,MOVE
2004-05-05,132.99000549316406,MOVE
2004-05-06,137.80999755859375,MOVE
2004-05-07,122.88999938964844,MOVE
2004-05-10,109.75,MOVE
2004-05-11,106.33000183105469,MOVE
2004-05-12,108.80000305175781,MOVE
2004-05-13,114.52999877929688,MOVE
2004-05-14,114.52999877929688,MOVE
2004-05-17,112.43000030517578,MOVE
2004-05-18,109.95999908447266,MOVE
2004-05-19,109.48999786376953,MOVE
2004-05-20,108.29000091552734,MOVE
2004-05-21,107.7699966430664,MOVE
2004-05-24,103.0999984741211,MOVE
2004-05-25,103.58999633789062,MOVE
2004-05-26,107.18000030517578,MOVE
2004-05-27,104.77999877929688,MOVE
2004-05-28,106.12000274658203,MOVE
2004-06-01,108.70999908447266,MOVE
2004-06-02,121.5,MOVE
2004-06-03,116.66000366210938,MOVE
2004-06-04,102.33000183105469,MOVE
2004-06-07,96.0199966430664,MOVE
2004-06-08,97.12000274658203,MOVE
2004-06-09,97.68000030517578,MOVE
2004-06-10,98.70999908447266,MOVE
2004-06-14,103.86000061035156,MOVE
2004-06-15,101.0999984741211,MOVE
2004-06-16,101.79000091552734,MOVE
2004-06-17,101.33000183105469,MOVE
2004-06-18,99.12000274658203,MOVE
2004-06-21,97.36000061035156,MOVE
2004-06-22,100.36000061035156,MOVE
2004-06-23,101.36000061035156,MOVE
2004-06-24,103.7699966430664,MOVE
2004-06-25,100.94999694824219,MOVE
2004-06-28,102.02999877929688,MOVE
2004-06-29,99.95999908447266,MOVE
2004-06-30,93.91000366210938,MOVE
2004-07-01,99.72000122070312,MOVE
2004-07-02,94.70999908447266,MOVE
2004-07-06,91.12999725341797,MOVE
2004-07-07,95.04000091552734,MOVE
2004-07-08,94.43000030517578,MOVE
2004-07-09,97.06999969482422,MOVE
2004-07-12,97.52999877929688,MOVE
2004-07-13,103.83999633789062,MOVE
2004-07-14,102.19000244140625,MOVE
2004-07-15,99.62999725341797,MOVE
2004-07-16,99.70999908447266,MOVE
2004-07-19,95.31999969482422,MOVE
2004-07-20,97.18000030517578,MOVE
2004-07-21,93.70999908447266,MOVE
2004-07-22,91.86000061035156,MOVE
2004-07-23,90.52999877929688,MOVE
2004-07-26,90.2300033569336,MOVE
2004-07-27,94.79000091552734,MOVE
2004-07-28,98.08999633789062,MOVE
2004-07-29,97.12999725341797,MOVE
2004-07-30,97.20999908447266,MOVE
2004-08-02,99.30999755859375,MOVE
2004-08-03,98.9000015258789,MOVE
2004-08-04,106.45999908447266,MOVE
2004-08-05,106.83000183105469,MOVE
2004-08-06,103.11000061035156,MOVE
2004-08-09,98.8499984741211,MOVE
2004-08-10,96.52999877929688,MOVE
2004-08-11,89.72000122070312,MOVE
2004-08-12,93.33999633789062,MOVE
2004-08-13,96.12999725341797,MOVE
2004-08-16,94.45999908447266,MOVE
2004-08-17,102.41999816894531,MOVE
2004-08-18,106.70999908447266,MOVE
2004-08-19,100.68000030517578,MOVE
2004-08-20,100.87999725341797,MOVE
2004-08-23,104.41999816894531,MOVE
2004-08-24,103.44999694824219,MOVE
2004-08-25,102.94000244140625,MOVE
2004-08-26,102.52999877929688,MOVE
2004-08-27,102.0,MOVE
2004-08-30,100.02999877929688,MOVE
2004-08-31,102.66000366210938,MOVE
2004-09-01,105.44000244140625,MOVE
2004-09-02,106.86000061035156,MOVE
2004-09-03,89.29000091552734,MOVE
2004-09-07,84.94999694824219,MOVE
2004-09-08,100.51000213623047,MOVE
2004-09-09,98.7300033569336,MOVE
2004-09-10,96.58000183105469,MOVE
2004-09-13,91.7300033569336,MOVE
2004-09-14,92.22000122070312,MOVE
2004-09-15,91.9800033569336,MOVE
2004-09-16,91.08000183105469,MOVE
2004-09-17,93.66000366210938,MOVE
2004-09-20,92.2300033569336,MOVE
2004-09-21,88.23999786376953,MOVE
2004-09-22,91.5999984741211,MOVE
2004-09-23,98.19000244140625,MOVE
2004-09-24,95.62999725341797,MOVE
2004-09-27,93.38999938964844,MOVE
2004-09-28,92.33999633789062,MOVE
2004-09-29,92.55999755859375,MOVE
2004-09-30,92.88999938964844,MOVE
2004-10-01,93.08000183105469,MOVE
2004-10-04,90.76000213623047,MOVE
2004-10-05,87.41999816894531,MOVE
2004-10-06,96.29000091552734,MOVE
2004-10-07,100.5999984741211,MOVE
2004-10-08,91.37999725341797,MOVE
2004-10-12,92.54000091552734,MOVE
2004-10-13,91.83000183105469,MOVE
2004-10-14,91.22000122070312,MOVE
2004-10-15,90.58999633789062,MOVE
2004-10-18,86.87999725341797,MOVE
2004-10-19,85.8499984741211,MOVE
2004-10-20,92.0999984741211,MOVE
2004-10-21,86.54000091552734,MOVE
2004-10-22,85.83999633789062,MOVE
2004-10-25,88.41999816894531,MOVE
2004-10-26,91.91000366210938,MOVE
2004-10-27,95.41999816894531,MOVE
2004-10-28,97.2699966430664,MOVE
2004-10-29,96.44999694824219,MOVE
2004-11-01,96.79000091552734,MOVE
2004-11-02,98.5199966430664,MOVE
2004-11-03,105.37999725341797,MOVE
2004-11-04,102.80999755859375,MOVE
2004-11-05,92.68000030517578,MOVE
2004-11-08,91.19999694824219,MOVE
2004-11-09,89.04000091552734,MOVE
2004-11-10,86.7699966430664,MOVE
2004-11-12,85.93000030517578,MOVE
2004-11-15,86.72000122070312,MOVE
2004-11-16,86.83000183105469,MOVE
2004-11-17,86.20999908447266,MOVE
2004-11-18,86.0,MOVE
2004-11-19,87.5999984741211,MOVE
2004-11-22,86.04000091552734,MOVE
2004-11-23,85.68000030517578,MOVE
2004-11-24,83.19999694824219,MOVE
2004-11-26,84.9000015258789,MOVE
2004-11-29,90.6500015258789,MOVE
2004-11-30,89.55999755859375,MOVE
2004-12-01,88.2300033569336,MOVE
2004-12-02,91.2300033569336,MOVE
2004-12-03,78.12000274658203,MOVE
2004-12-06,72.33000183105469,MOVE
2004-12-07,66.76000213623047,MOVE
2004-12-08,82.0199966430664,MOVE
2004-12-09,83.0199966430664,MOVE
2004-12-10,82.9800033569336,MOVE
2004-12-13,82.22000122070312,MOVE
2004-12-14,80.2300033569336,MOVE
2004-12-15,82.30000305175781,MOVE
2004-12-16,86.30000305175781,MOVE
2004-12-17,86.43000030517578,MOVE
2004-12-20,81.63999938964844,MOVE
2004-12-21,80.55000305175781,MOVE
2004-12-22,81.08000183105469,MOVE
2004-12-23,80.66999816894531,MOVE
2004-12-27,82.62999725341797,MOVE
2004-12-28,85.80000305175781,MOVE
2004-12-29,85.0999984741211,MOVE
2004-12-30,86.5999984741211,MOVE
2004-12-31,86.5999984741211,MOVE
2005-01-03,83.9000015258789,MOVE
2005-01-04,83.30000305175781,MOVE
2005-01-05,93.19999694824219,MOVE
2005-01-06,92.4000015258789,MOVE
2005-01-07,92.37999725341797,MOVE
2005-01-10,79.01000213623047,MOVE
2005-01-11,77.8499984741211,MOVE
2005-01-12,76.94999694824219,MOVE
2005-01-13,75.7699966430664,MOVE
2005-01-14,76.61000061035156,MOVE
2005-01-18,76.52999877929688,MOVE
2005-01-19,75.95999908447266,MOVE
2005-01-20,74.45999908447266,MOVE
2005-01-21,76.30000305175781,MOVE
2005-01-24,76.94999694824219,MOVE
2005-01-25,77.31999969482422,MOVE
2005-01-26,78.19000244140625,MOVE
2005-01-27,80.20999908447266,MOVE
2005-01-28,78.62000274658203,MOVE
2005-01-31,79.29000091552734,MOVE
2005-02-01,75.95999908447266,MOVE
2005-02-02,83.9000015258789,MOVE
2005-02-03,83.77999877929688,MOVE
2005-02-04,75.51000213623047,MOVE
2005-02-07,72.23999786376953,MOVE
2005-02-08,72.83999633789062,MOVE
2005-02-09,77.0999984741211,MOVE
2005-02-10,80.4000015258789,MOVE
2005-02-11,81.94999694824219,MOVE
2005-02-14,84.66000366210938,MOVE
2005-02-15,84.12000274658203,MOVE
2005-02-16,84.0999984741211,MOVE
2005-02-17,74.23999786376953,MOVE
2005-02-18,78.45999908447266,MOVE
2005-02-22,83.98999786376953,MOVE
2005-02-23,81.69000244140625,MOVE
2005-02-24,82.94000244140625,MOVE
2005-02-25,80.69999694824219,MOVE
2005-02-28,90.05000305175781,MOVE
2005-03-01,89.2300033569336,MOVE
2005-03-02,101.41000366210938,MOVE
2005-03-03,99.44000244140625,MOVE
2005-03-04,83.0,MOVE
2005-03-07,76.30000305175781,MOVE
2005-03-08,81.93000030517578,MOVE
2005-03-09,92.0999984741211,MOVE
2005-03-10,91.13999938964844,MOVE
2005-03-11,93.69999694824219,MOVE
2005-03-14,93.19999694824219,MOVE
2005-03-15,92.0,MOVE
2005-03-16,90.7699966430664,MOVE
2005-03-17,92.12000274658203,MOVE
2005-03-18,90.0999984741211,MOVE
2005-03-21,91.30000305175781,MOVE
2005-03-22,90.69999694824219,MOVE
2005-03-23,89.0,MOVE
2005-03-24,88.37000274658203,MOVE
2005-03-28,88.91000366210938,MOVE
2005-03-29,89.58999633789062,MOVE
2005-03-30,91.0,MOVE
2005-03-31,87.69999694824219,MOVE
2005-04-01,75.16000366210938,MOVE
2005-04-04,75.11000061035156,MOVE
2005-04-05,73.63999938964844,MOVE
2005-04-06,81.1500015258789,MOVE
2005-04-07,79.27999877929688,MOVE
2005-04-08,81.4000015258789,MOVE
2005-04-11,78.19999694824219,MOVE
2005-04-12,75.94000244140625,MOVE
2005-04-13,75.58999633789062,MOVE
2005-04-14,74.41999816894531,MOVE
2005-04-15,83.83999633789062,MOVE
2005-04-18,83.83999633789062,MOVE
2005-04-19,84.11000061035156,MOVE
2005-04-20,84.0,MOVE
2005-04-21,85.80999755859375,MOVE
2005-04-22,84.18000030517578,MOVE
2005-04-25,78.55000305175781,MOVE
2005-04-26,79.19999694824219,MOVE
2005-04-27,79.12000274658203,MOVE
2005-04-28,78.25,MOVE
2005-04-29,82.52999877929688,MOVE
2005-05-02,82.30000305175781,MOVE
2005-05-03,81.5,MOVE
2005-05-04,86.9000015258789,MOVE
2005-05-05,82.9800033569336,MOVE
2005-05-06,78.4000015258789,MOVE
2005-05-09,78.69999694824219,MOVE
2005-05-10,78.9000015258789,MOVE
2005-05-11,83.0,MOVE
2005-05-12,82.16999816894531,MOVE
2005-05-13,87.0999984741211,MOVE
2005-05-16,88.5,MOVE
2005-05-17,84.69999694824219,MOVE
2005-05-18,81.22000122070312,MOVE
2005-05-19,77.19000244140625,MOVE
2005-05-20,76.5999984741211,MOVE
2005-05-23,73.86000061035156,MOVE
2005-05-24,73.81999969482422,MOVE
2005-05-25,74.05999755859375,MOVE
2005-05-26,72.5999984741211,MOVE
2005-05-27,73.75,MOVE
2005-05-31,75.0,MOVE
2005-06-01,79.12999725341797,MOVE
2005-06-02,80.76000213623047,MOVE
2005-06-03,78.9000015258789,MOVE
2005-06-06,78.44000244140625,MOVE
2005-06-07,77.86000061035156,MOVE
2005-06-08,82.95999908447266,MOVE
2005-06-09,80.86000061035156,MOVE
2005-06-10,82.52999877929688,MOVE
2005-06-13,80.52999877929688,MOVE
2005-06-14,80.16999816894531,MOVE
2005-06-15,75.23999786376953,MOVE
2005-06-16,73.4000015258789,MOVE
2005-06-17,72.4000015258789,MOVE
2005-06-20,72.19999694824219,MOVE
2005-06-21,73.5,MOVE
2005-06-22,77.18000030517578,MOVE
2005-06-23,76.51000213623047,MOVE
2005-06-24,76.0,MOVE
2005-06-27,74.5,MOVE
2005-06-28,75.69999694824219,MOVE
2005-06-29,76.79000091552734,MOVE
2005-06-30,75.5999984741211,MOVE
2005-07-01,78.8499984741211,MOVE
2005-07-05,78.3499984741211,MOVE
2005-07-06,86.29000091552734,MOVE
2005-07-07,87.8499984741211,MOVE
2005-07-08,80.12000274658203,MOVE
2005-07-11,82.93000030517578,MOVE
2005-07-12,81.08000183105469,MOVE
2005-07-13,81.48999786376953,MOVE
2005-07-14,76.47000122070312,MOVE
2005-07-15,77.5,MOVE
2005-07-18,76.62000274658203,MOVE
2005-07-19,77.41999816894531,MOVE
2005-07-20,74.16000366210938,MOVE
2005-07-21,78.5,MOVE
2005-07-22,75.54000091552734,MOVE
2005-07-25,75.7699966430664,MOVE
2005-07-26,74.06999969482422,MOVE
2005-07-27,73.77999877929688,MOVE
2005-07-28,72.51000213623047,MOVE
2005-07-29,74.80000305175781,MOVE
2005-08-01,76.5199966430664,MOVE
2005-08-02,76.80000305175781,MOVE
2005-08-03,78.19000244140625,MOVE
2005-08-04,77.5999984741211,MOVE
2005-08-05,75.97000122070312,MOVE
2005-08-08,75.19000244140625,MOVE
2005-08-09,72.62999725341797,MOVE
2005-08-10,72.97000122070312,MOVE
2005-08-11,72.25,MOVE
2005-08-12,74.01000213623047,MOVE
2005-08-15,73.52999877929688,MOVE
2005-08-16,73.8499984741211,MOVE
2005-08-17,73.30000305175781,MOVE
2005-08-18,72.41999816894531,MOVE
2005-08-19,73.30000305175781,MOVE
2005-08-22,71.69999694824219,MOVE
2005-08-23,71.36000061035156,MOVE
2005-08-24,71.5,MOVE
2005-08-25,72.16000366210938,MOVE
2005-08-26,73.62999725341797,MOVE
2005-08-29,72.22000122070312,MOVE
2005-08-30,75.0,MOVE
2005-08-31,78.19999694824219,MOVE
2005-09-01,85.06999969482422,MOVE
2005-09-02,80.66000366210938,MOVE
2005-09-06,76.58000183105469,MOVE
2005-09-07,80.30000305175781,MOVE
2005-09-08,80.33000183105469,MOVE
2005-09-09,79.91000366210938,MOVE
2005-09-12,78.20999908447266,MOVE
2005-09-13,78.88999938964844,MOVE
2005-09-14,77.94000244140625,MOVE
2005-09-15,79.5,MOVE
2005-09-16,82.5,MOVE
2005-09-19,82.4000015258789,MOVE
2005-09-20,77.52999877929688,MOVE
2005-09-21,77.30000305175781,MOVE
2005-09-22,77.91999816894531,MOVE
2005-09-23,78.16999816894531,MOVE
2005-09-26,78.13999938964844,MOVE
2005-09-27,75.9000015258789,MOVE
2005-09-28,75.45999908447266,MOVE
2005-09-29,75.95999908447266,MOVE
2005-09-30,76.70999908447266,MOVE
2005-10-03,80.30000305175781,MOVE
2005-10-04,77.87000274658203,MOVE
2005-10-05,81.6500015258789,MOVE
2005-10-06,80.27999877929688,MOVE
2005-10-07,77.4800033569336,MOVE
2005-10-11,77.54000091552734,MOVE
2005-10-12,77.5999984741211,MOVE
2005-10-13,80.0,MOVE
2005-10-14,80.69999694824219,MOVE
2005-10-17,81.0999984741211,MOVE
2005-10-18,80.0999984741211,MOVE
2005-10-19,80.08999633789062,MOVE
2005-10-20,79.0999984741211,MOVE
2005-10-21,78.4000015258789,MOVE
2005-10-24,78.0,MOVE
2005-10-25,77.0199966430664,MOVE
2005-10-26,82.0999984741211,MOVE
2005-10-27,80.69999694824219,MOVE
2005-10-28,80.19999694824219,MOVE
2005-10-31,80.08000183105469,MOVE
2005-11-01,77.95999908447266,MOVE
2005-11-02,82.5,MOVE
2005-11-03,83.4000015258789,MOVE
2005-11-04,76.5,MOVE
2005-11-07,76.5,MOVE
2005-11-08,78.19999694824219,MOVE
2005-11-09,80.5,MOVE
2005-11-10,79.87999725341797,MOVE
2005-11-14,80.9000015258789,MOVE
2005-11-15,80.30000305175781,MOVE
2005-11-16,79.08999633789062,MOVE
2005-11-17,78.83000183105469,MOVE
2005-11-18,76.51000213623047,MOVE
2005-11-21,73.0999984741211,MOVE
2005-11-22,73.0999984741211,MOVE
2005-11-23,73.30999755859375,MOVE
2005-11-25,72.05999755859375,MOVE
2005-11-28,72.12999725341797,MOVE
2005-11-29,73.98999786376953,MOVE
2005-11-30,73.5,MOVE
2005-12-01,73.5,MOVE
2005-12-02,69.38999938964844,MOVE
2005-12-05,67.69999694824219,MOVE
2005-12-06,67.30000305175781,MOVE
2005-12-07,71.44000244140625,MOVE
2005-12-08,70.5999984741211,MOVE
2005-12-09,71.88999938964844,MOVE
2005-12-12,72.19999694824219,MOVE
2005-12-13,68.36000061035156,MOVE
2005-12-14,70.91999816894531,MOVE
2005-12-15,71.19999694824219,MOVE
2005-12-16,70.2699966430664,MOVE
2005-12-19,67.69999694824219,MOVE
2005-12-20,66.30999755859375,MOVE
2005-12-21,66.4000015258789,MOVE
2005-12-22,66.5,MOVE
2005-12-23,67.88999938964844,MOVE
2005-12-27,68.43000030517578,MOVE
2005-12-28,70.26000213623047,MOVE
2005-12-29,71.2300033569336,MOVE
2005-12-30,72.08999633789062,MOVE
2006-01-03,73.29000091552734,MOVE
2006-01-04,74.69000244140625,MOVE
2006-01-05,72.86000061035156,MOVE
2006-01-06,69.12000274658203,MOVE
2006-01-09,64.9000015258789,MOVE
2006-01-10,65.51000213623047,MOVE
2006-01-11,64.5,MOVE
2006-01-12,64.9000015258789,MOVE
2006-01-13,64.9000015258789,MOVE
2006-01-17,63.5,MOVE
2006-01-18,66.55000305175781,MOVE
2006-01-19,66.23999786376953,MOVE
2006-01-20,66.19999694824219,MOVE
2006-01-23,67.72000122070312,MOVE
2006-01-24,67.5,MOVE
2006-01-25,72.19999694824219,MOVE
2006-01-26,74.91000366210938,MOVE
2006-01-27,73.69999694824219,MOVE
2006-01-30,75.6500015258789,MOVE
2006-01-31,73.69999694824219,MOVE
2006-02-01,72.80000305175781,MOVE
2006-02-02,72.13999938964844,MOVE
2006-02-03,68.73999786376953,MOVE
2006-02-06,67.30000305175781,MOVE
2006-02-07,68.04000091552734,MOVE
2006-02-08,70.0,MOVE
2006-02-09,71.4000015258789,MOVE
2006-02-10,72.4000015258789,MOVE
2006-02-13,71.13999938964844,MOVE
2006-02-14,71.4000015258789,MOVE
2006-02-15,67.0,MOVE
2006-02-16,62.5,MOVE
2006-02-17,62.529998779296875,MOVE
2006-02-21,60.400001525878906,MOVE
2006-02-22,57.5,MOVE
2006-02-23,57.79999923706055,MOVE
2006-02-24,55.2400016784668,MOVE
2006-02-27,56.220001220703125,MOVE
2006-02-28,56.86000061035156,MOVE
2006-03-01,58.310001373291016,MOVE
2006-03-02,62.65999984741211,MOVE
2006-03-03,63.11000061035156,MOVE
2006-03-06,66.30999755859375,MOVE
2006-03-07,68.5,MOVE
2006-03-08,69.5,MOVE
2006-03-09,66.5999984741211,MOVE
2006-03-10,62.5,MOVE
2006-03-13,63.20000076293945,MOVE
2006-03-14,64.4000015258789,MOVE
2006-03-15,63.36000061035156,MOVE
2006-03-16,65.43000030517578,MOVE
2006-03-17,64.51000213623047,MOVE
2006-03-20,63.20000076293945,MOVE
2006-03-21,64.5999984741211,MOVE
2006-03-22,63.20000076293945,MOVE
2006-03-23,64.20999908447266,MOVE
2006-03-24,65.69999694824219,MOVE
2006-03-27,64.0,MOVE
2006-03-28,62.5,MOVE
2006-03-29,65.97000122070312,MOVE
2006-03-30,69.9000015258789,MOVE
2006-03-31,68.5999984741211,MOVE
2006-04-03,68.5999984741211,MOVE
2006-04-04,67.0,MOVE
2006-04-05,68.30000305175781,MOVE
2006-04-06,68.5999984741211,MOVE
2006-04-07,70.80000305175781,MOVE
2006-04-10,67.7699966430664,MOVE
2006-04-11,69.80000305175781,MOVE
2006-04-12,69.4000015258789,MOVE
2006-04-13,71.69999694824219,MOVE
2006-04-17,69.69999694824219,MOVE
2006-04-18,68.83000183105469,MOVE
2006-04-19,67.94999694824219,MOVE
2006-04-20,66.5,MOVE
2006-04-21,66.0,MOVE
2006-04-24,64.4000015258789,MOVE
2006-04-25,67.0999984741211,MOVE
2006-04-26,66.80000305175781,MOVE
2006-04-27,65.0999984741211,MOVE
2006-04-28,63.0,MOVE
2006-05-01,63.900001525878906,MOVE
2006-05-02,66.0999984741211,MOVE
2006-05-03,70.5999984741211,MOVE
2006-05-04,69.0999984741211,MOVE
2006-05-05,65.5999984741211,MOVE
2006-05-08,64.5,MOVE
2006-05-09,65.0999984741211,MOVE
2006-05-10,63.20000076293945,MOVE
2006-05-11,63.79999923706055,MOVE
2006-05-12,65.80000305175781,MOVE
2006-05-15,65.80000305175781,MOVE
2006-05-16,64.4000015258789,MOVE
2006-05-17,65.19999694824219,MOVE
2006-05-18,65.19999694824219,MOVE
2006-05-19,68.80000305175781,MOVE
2006-05-22,71.0999984741211,MOVE
2006-05-23,68.30000305175781,MOVE
2006-05-24,71.9000015258789,MOVE
2006-05-25,68.69999694824219,MOVE
2006-05-26,67.0999984741211,MOVE
2006-05-30,66.0,MOVE
2006-05-31,67.0999984741211,MOVE
2006-06-01,66.5,MOVE
2006-06-02,65.5,MOVE
2006-06-05,64.30000305175781,MOVE
2006-06-06,64.0,MOVE
2006-06-07,66.4000015258789,MOVE
2006-06-08,67.0999984741211,MOVE
2006-06-09,66.0999984741211,MOVE
2006-06-12,64.30000305175781,MOVE
2006-06-13,64.5999984741211,MOVE
2006-06-14,64.30000305175781,MOVE
2006-06-15,64.19999694824219,MOVE
2006-06-16,65.4000015258789,MOVE
2006-06-19,66.30000305175781,MOVE
2006-06-20,66.80000305175781,MOVE
2006-06-21,67.0,MOVE
2006-06-22,69.30000305175781,MOVE
2006-06-23,70.69999694824219,MOVE
2006-06-26,69.0,MOVE
2006-06-27,67.5,MOVE
2006-06-28,67.19999694824219,MOVE
2006-06-29,65.0999984741211,MOVE
2006-06-30,65.5,MOVE
2006-07-03,65.5,MOVE
2006-07-05,67.5999984741211,MOVE
2006-07-06,66.9000015258789,MOVE
2006-07-07,64.0,MOVE
2006-07-10,65.0,MOVE
2006-07-11,64.30000305175781,MOVE
2006-07-12,64.9000015258789,MOVE
2006-07-13,68.0,MOVE
2006-07-14,68.9000015258789,MOVE
2006-07-17,69.5,MOVE
2006-07-18,69.80000305175781,MOVE
2006-07-19,66.0999984741211,MOVE
2006-07-20,66.4000015258789,MOVE
2006-07-21,66.0999984741211,MOVE
2006-07-24,64.9000015258789,MOVE
2006-07-25,63.70000076293945,MOVE
2006-07-26,63.70000076293945,MOVE
2006-07-27,63.599998474121094,MOVE
2006-07-28,63.70000076293945,MOVE
2006-07-31,63.400001525878906,MOVE
2006-08-01,61.79999923706055,MOVE
2006-08-02,66.19999694824219,MOVE
2006-08-03,66.0999984741211,MOVE
2006-08-04,62.5,MOVE
2006-08-07,61.599998474121094,MOVE
2006-08-08,59.20000076293945,MOVE
2006-08-09,58.400001525878906,MOVE
2006-08-10,60.70000076293945,MOVE
2006-08-11,58.79999923706055,MOVE
2006-08-14,58.0,MOVE
2006-08-15,59.400001525878906,MOVE
2006-08-16,59.900001525878906,MOVE
2006-08-17,59.900001525878906,MOVE
2006-08-18,59.29999923706055,MOVE
2006-08-21,58.0,MOVE
2006-08-22,59.599998474121094,MOVE
2006-08-23,59.400001525878906,MOVE
2006-08-24,58.70000076293945,MOVE
2006-08-25,58.29999923706055,MOVE
2006-08-28,57.099998474121094,MOVE
2006-08-29,57.70000076293945,MOVE
2006-08-30,58.099998474121094,MOVE
2006-08-31,59.79999923706055,MOVE
2006-09-01,56.70000076293945,MOVE
2006-09-05,55.099998474121094,MOVE
2006-09-06,57.400001525878906,MOVE
2006-09-07,55.79999923706055,MOVE
2006-09-08,56.400001525878906,MOVE
2006-09-11,56.29999923706055,MOVE
2006-09-12,56.900001525878906,MOVE
2006-09-13,57.5,MOVE
2006-09-14,57.5,MOVE
2006-09-15,55.900001525878906,MOVE
2006-09-18,56.20000076293945,MOVE
2006-09-19,56.20000076293945,MOVE
2006-09-20,55.0,MOVE
2006-09-21,59.5,MOVE
2006-09-22,69.5,MOVE
2006-09-25,70.19999694824219,MOVE
2006-09-26,66.69999694824219,MOVE
2006-09-27,65.80000305175781,MOVE
2006-09-28,63.5,MOVE
2006-09-29,63.099998474121094,MOVE
2006-10-02,62.599998474121094,MOVE
2006-10-03,61.0,MOVE
2006-10-04,66.30000305175781,MOVE
2006-10-05,66.0,MOVE
2006-10-06,63.70000076293945,MOVE
2006-10-10,63.099998474121094,MOVE
2006-10-11,62.0,MOVE
2006-10-12,60.70000076293945,MOVE
2006-10-13,60.29999923706055,MOVE
2006-10-16,59.099998474121094,MOVE
2006-10-17,61.099998474121094,MOVE
2006-10-18,59.099998474121094,MOVE
2006-10-19,58.400001525878906,MOVE
2006-10-20,56.599998474121094,MOVE
2006-10-23,58.599998474121094,MOVE
2006-10-24,57.70000076293945,MOVE
2006-10-25,57.099998474121094,MOVE
2006-10-26,58.29999923706055,MOVE
2006-10-27,59.5,MOVE
2006-10-30,58.5,MOVE
2006-10-31,60.900001525878906,MOVE
2006-11-01,63.79999923706055,MOVE
2006-11-02,63.5,MOVE
2006-11-03,60.900001525878906,MOVE
2006-11-06,58.900001525878906,MOVE
2006-11-07,60.900001525878906,MOVE
2006-11-08,63.5,MOVE
2006-11-09,62.0,MOVE
2006-11-10,63.5,MOVE
2006-11-13,65.0999984741211,MOVE
2006-11-14,66.30000305175781,MOVE
2006-11-15,66.19999694824219,MOVE
2006-11-16,64.5,MOVE
2006-11-17,65.0,MOVE
2006-11-20,63.599998474121094,MOVE
2006-11-21,62.70000076293945,MOVE
2006-11-22,62.900001525878906,MOVE
2006-11-24,63.0,MOVE
2006-11-27,65.0999984741211,MOVE
2006-11-28,67.0999984741211,MOVE
2006-11-29,66.9000015258789,MOVE
2006-11-30,68.5,MOVE
2006-12-01,72.25,MOVE
2006-12-04,70.0999984741211,MOVE
2006-12-05,71.5999984741211,MOVE
2006-12-06,75.0,MOVE
2006-12-07,75.5999984741211,MOVE
2006-12-08,71.0999984741211,MOVE
2006-12-11,68.30000305175781,MOVE
2006-12-12,64.69999694824219,MOVE
2006-12-13,65.19999694824219,MOVE
2006-12-14,64.5,MOVE
2006-12-15,64.25,MOVE
2006-12-18,62.70000076293945,MOVE
2006-12-19,63.400001525878906,MOVE
2006-12-20,61.5,MOVE
2006-12-21,61.79999923706055,MOVE
2006-12-22,65.30000305175781,MOVE
2006-12-26,64.5999984741211,MOVE
2006-12-27,65.0999984741211,MOVE
2006-12-28,65.9000015258789,MOVE
2006-12-29,66.80000305175781,MOVE
2007-01-03,70.9000015258789,MOVE
2007-01-04,72.0,MOVE
2007-01-05,67.4000015258789,MOVE
2007-01-08,64.30000305175781,MOVE
2007-01-09,61.79999923706055,MOVE
2007-01-10,62.20000076293945,MOVE
2007-01-11,63.0,MOVE
2007-01-12,61.20000076293945,MOVE
2007-01-16,60.900001525878906,MOVE
2007-01-17,60.099998474121094,MOVE
2007-01-18,58.0,MOVE
2007-01-19,57.20000076293945,MOVE
2007-01-22,57.20000076293945,MOVE
2007-01-23,57.20000076293945,MOVE
2007-01-24,57.5,MOVE
2007-01-25,60.75,MOVE
2007-01-26,60.29999923706055,MOVE
2007-01-29,60.0,MOVE
2007-01-30,61.900001525878906,MOVE
2007-01-31,61.599998474121094,MOVE
2007-02-01,61.29999923706055,MOVE
2007-02-02,56.099998474121094,MOVE
2007-02-05,54.900001525878906,MOVE
2007-02-06,56.29999923706055,MOVE
2007-02-07,60.5,MOVE
2007-02-08,58.900001525878906,MOVE
2007-02-09,60.099998474121094,MOVE
2007-02-12,60.0,MOVE
2007-02-13,59.79999923706055,MOVE
2007-02-14,59.79999923706055,MOVE
2007-02-15,61.099998474121094,MOVE
2007-02-16,60.70000076293945,MOVE
2007-02-20,60.900001525878906,MOVE
2007-02-21,57.79999923706055,MOVE
2007-02-22,57.5,MOVE
2007-02-23,57.79999923706055,MOVE
2007-02-26,61.599998474121094,MOVE
2007-02-27,70.30000305175781,MOVE
2007-02-28,69.80000305175781,MOVE
2007-03-01,72.9000015258789,MOVE
2007-03-02,76.69999694824219,MOVE
2007-03-05,74.5,MOVE
2007-03-06,67.0999984741211,MOVE
2007-03-07,71.30000305175781,MOVE
2007-03-08,69.80000305175781,MOVE
2007-03-09,63.599998474121094,MOVE
2007-03-12,65.30000305175781,MOVE
2007-03-13,72.19999694824219,MOVE
2007-03-14,69.69999694824219,MOVE
2007-03-15,67.9000015258789,MOVE
2007-03-16,67.0,MOVE
2007-03-19,66.0,MOVE
2007-03-20,66.0,MOVE
2007-03-21,66.19999694824219,MOVE
2007-03-22,67.19999694824219,MOVE
2007-03-23,68.69999694824219,MOVE
2007-03-26,68.19999694824219,MOVE
2007-03-27,69.69999694824219,MOVE
2007-03-28,69.9000015258789,MOVE
2007-03-29,65.9000015258789,MOVE
2007-03-30,67.9000015258789,MOVE
2007-04-02,65.9000015258789,MOVE
2007-04-03,63.79999923706055,MOVE
2007-04-04,66.0999984741211,MOVE
2007-04-05,64.0,MOVE
2007-04-09,58.29999923706055,MOVE
2007-04-10,60.20000076293945,MOVE
2007-04-11,58.70000076293945,MOVE
2007-04-12,57.900001525878906,MOVE
2007-04-13,57.79999923706055,MOVE
2007-04-16,58.70000076293945,MOVE
2007-04-17,59.29999923706055,MOVE
2007-04-18,59.20000076293945,MOVE
2007-04-19,59.400001525878906,MOVE
2007-04-20,59.099998474121094,MOVE
2007-04-23,57.79999923706055,MOVE
2007-04-24,58.79999923706055,MOVE
2007-04-25,57.79999923706055,MOVE
2007-04-26,58.70000076293945,MOVE
2007-04-27,57.79999923706055,MOVE
2007-04-30,59.79999923706055,MOVE
2007-05-01,58.900001525878906,MOVE
2007-05-02,61.099998474121094,MOVE
2007-05-03,60.79999923706055,MOVE
2007-05-04,57.099998474121094,MOVE
2007-05-07,54.5,MOVE
2007-05-08,54.29999923706055,MOVE
2007-05-09,53.29999923706055,MOVE
2007-05-10,52.79999923706055,MOVE
2007-05-11,52.400001525878906,MOVE
2007-05-14,52.5,MOVE
2007-05-15,51.20000076293945,MOVE
2007-05-16,51.599998474121094,MOVE
2007-05-17,52.70000076293945,MOVE
2007-05-18,56.70000076293945,MOVE
2007-05-21,55.400001525878906,MOVE
2007-05-22,54.599998474121094,MOVE
2007-05-23,56.0,MOVE
2007-05-24,56.5,MOVE
2007-05-25,56.900001525878906,MOVE
2007-05-29,56.5,MOVE
2007-05-30,57.599998474121094,MOVE
2007-05-31,58.900001525878906,MOVE
2007-06-01,58.0,MOVE
2007-06-04,54.70000076293945,MOVE
2007-06-05,55.29999923706055,MOVE
2007-06-06,58.900001525878906,MOVE
2007-06-07,70.80000305175781,MOVE
2007-06-08,79.0999984741211,MOVE
2007-06-11,69.5,MOVE
2007-06-12,85.19999694824219,MOVE
2007-06-13,84.5999984741211,MOVE
2007-06-14,78.30000305175781,MOVE
2007-06-15,70.5999984741211,MOVE
2007-06-18,68.0999984741211,MOVE
2007-06-19,68.4000015258789,MOVE
2007-06-20,71.4000015258789,MOVE
2007-06-21,76.30000305175781,MOVE
2007-06-22,76.30000305175781,MOVE
2007-06-25,79.0,MOVE
2007-06-26,77.19999694824219,MOVE
2007-06-27,79.4000015258789,MOVE
2007-06-28,75.5,MOVE
2007-06-29,77.5,MOVE
2007-07-02,76.0,MOVE
2007-07-03,73.5,MOVE
2007-07-05,76.5,MOVE
2007-07-06,74.4000015258789,MOVE
2007-07-09,74.4000015258789,MOVE
2007-07-10,78.0999984741211,MOVE
2007-07-11,77.0,MOVE
2007-07-12,75.5,MOVE
2007-07-13,73.0999984741211,MOVE
2007-07-16,71.0999984741211,MOVE
2007-07-17,69.80000305175781,MOVE
2007-07-18,71.4000015258789,MOVE
2007-07-19,68.9000015258789,MOVE
2007-07-20,72.19999694824219,MOVE
2007-07-23,75.30000305175781,MOVE
2007-07-24,76.69999694824219,MOVE
2007-07-25,78.4000015258789,MOVE
2007-07-26,93.5,MOVE
2007-07-27,92.5999984741211,MOVE
2007-07-30,97.9000015258789,MOVE
2007-07-31,96.4000015258789,MOVE
2007-08-01,94.30000305175781,MOVE
2007-08-02,92.0,MOVE
2007-08-03,95.4000015258789,MOVE
2007-08-06,97.5,MOVE
2007-08-07,86.9000015258789,MOVE
2007-08-08,92.9000015258789,MOVE
2007-08-09,118.5,MOVE
2007-08-10,116.4000015258789,MOVE
2007-08-13,111.69999694824219,MOVE
2007-08-14,106.80000305175781,MOVE
2007-08-15,102.69999694824219,MOVE
2007-08-16,109.80000305175781,MOVE
2007-08-17,106.9000015258789,MOVE
2007-08-20,109.5,MOVE
2007-08-21,114.4000015258789,MOVE
2007-08-22,112.5999984741211,MOVE
2007-08-23,111.4000015258789,MOVE
2007-08-24,104.4000015258789,MOVE
2007-08-27,103.9000015258789,MOVE
2007-08-28,106.5999984741211,MOVE
2007-08-29,107.5,MOVE
2007-08-30,110.30000305175781,MOVE
2007-08-31,111.0,MOVE
2007-09-04,110.23999786376953,MOVE
2007-09-05,113.5,MOVE
2007-09-06,110.5,MOVE
2007-09-07,116.9000015258789,MOVE
2007-09-10,120.4000015258789,MOVE
2007-09-11,123.5,MOVE
2007-09-12,124.5,MOVE
2007-09-13,122.0999984741211,MOVE
2007-09-14,123.4000015258789,MOVE
2007-09-17,121.5999984741211,MOVE
2007-09-18,114.4000015258789,MOVE
2007-09-19,106.25,MOVE
2007-09-20,118.80000305175781,MOVE
2007-09-21,103.19999694824219,MOVE
2007-09-24,102.80000305175781,MOVE
2007-09-25,106.5,MOVE
2007-09-26,104.9000015258789,MOVE
2007-09-27,103.30000305175781,MOVE
2007-09-28,103.69999694824219,MOVE
2007-10-01,104.9000015258789,MOVE
2007-10-02,103.5999984741211,MOVE
2007-10-03,101.80000305175781,MOVE
2007-10-04,102.0,MOVE
2007-10-05,98.0999984741211,MOVE
2007-10-09,91.4000015258789,MOVE
2007-10-10,86.5999984741211,MOVE
2007-10-11,82.4000015258789,MOVE
2007-10-12,79.5999984741211,MOVE
2007-10-15,79.30000305175781,MOVE
2007-10-16,82.80000305175781,MOVE
2007-10-17,93.5,MOVE
2007-10-18,92.30000305175781,MOVE
2007-10-19,95.80000305175781,MOVE
2007-10-22,97.4000015258789,MOVE
2007-10-23,96.30000305175781,MOVE
2007-10-24,104.9000015258789,MOVE
2007-10-25,103.80000305175781,MOVE
2007-10-26,102.04000091552734,MOVE
2007-10-29,99.0999984741211,MOVE
2007-10-30,96.33999633789062,MOVE
2007-10-31,90.18000030517578,MOVE
2007-11-01,100.25,MOVE
2007-11-02,103.63999938964844,MOVE
2007-11-05,102.55999755859375,MOVE
2007-11-06,98.4000015258789,MOVE
2007-11-07,107.9800033569336,MOVE
2007-11-08,112.08000183105469,MOVE
2007-11-09,112.08000183105469,MOVE
2007-11-13,102.5,MOVE
2007-11-14,95.36000061035156,MOVE
2007-11-15,102.22000122070312,MOVE
2007-11-16,99.13999938964844,MOVE
2007-11-19,101.04000091552734,MOVE
2007-11-20,109.19999694824219,MOVE
2007-11-21,112.19999694824219,MOVE
2007-11-23,112.0999984741211,MOVE
2007-11-26,126.9000015258789,MOVE
2007-11-27,133.39999389648438,MOVE
2007-11-28,127.4000015258789,MOVE
2007-11-29,133.60000610351562,MOVE
2007-11-30,131.5,MOVE
2007-12-03,136.11000061035156,MOVE
2007-12-04,141.6999969482422,MOVE
2007-12-05,140.39999389648438,MOVE
2007-12-06,138.5,MOVE
2007-12-07,139.9600067138672,MOVE
2007-12-10,126.88999938964844,MOVE
2007-12-11,140.60000610351562,MOVE
2007-12-12,142.8000030517578,MOVE
2007-12-13,139.1999969482422,MOVE
2007-12-14,139.3800048828125,MOVE
2007-12-17,138.72999572753906,MOVE
2007-12-18,141.5,MOVE
2007-12-19,147.8300018310547,MOVE
2007-12-20,154.6999969482422,MOVE
2007-12-21,145.5,MOVE
2007-12-24,144.0,MOVE
2007-12-26,141.3000030517578,MOVE
2007-12-27,140.89999389648438,MOVE
2007-12-28,144.0,MOVE
2007-12-31,145.39999389648438,MOVE
2008-01-02,148.6999969482422,MOVE
2008-01-03,145.60000610351562,MOVE
2008-01-04,138.10000610351562,MOVE
2008-01-07,130.89999389648438,MOVE
2008-01-08,124.0,MOVE
2008-01-09,128.0,MOVE
2008-01-10,125.30000305175781,MOVE
2008-01-11,130.89999389648438,MOVE
2008-01-14,130.55999755859375,MOVE
2008-01-15,131.89999389648438,MOVE
2008-01-16,133.0,MOVE
2008-01-17,135.10000610351562,MOVE
2008-01-18,137.10000610351562,MOVE
2008-01-22,147.3000030517578,MOVE
2008-01-23,165.10000610351562,MOVE
2008-01-24,171.6999969482422,MOVE
2008-01-25,178.8000030517578,MOVE
2008-01-28,170.1999969482422,MOVE
2008-01-29,161.8000030517578,MOVE
2008-01-30,146.7100067138672,MOVE
2008-01-31,153.6999969482422,MOVE
2008-02-01,144.6999969482422,MOVE
2008-02-04,142.0,MOVE
2008-02-05,145.89999389648438,MOVE
2008-02-06,146.1999969482422,MOVE
2008-02-07,150.39999389648438,MOVE
2008-02-08,153.0,MOVE
2008-02-11,149.8000030517578,MOVE
2008-02-12,148.5,MOVE
2008-02-13,146.10000610351562,MOVE
2008-02-14,144.1999969482422,MOVE
2008-02-15,146.60000610351562,MOVE
2008-02-19,147.5,MOVE
2008-02-20,154.3000030517578,MOVE
2008-02-21,160.60000610351562,MOVE
2008-02-22,161.5,MOVE
2008-02-25,158.10000610351562,MOVE
2008-02-26,149.1999969482422,MOVE
2008-02-27,142.91000366210938,MOVE
2008-02-28,145.1999969482422,MOVE
2008-02-29,155.1999969482422,MOVE
2008-03-03,152.1999969482422,MOVE
2008-03-04,155.6999969482422,MOVE
2008-03-05,164.89999389648438,MOVE
2008-03-06,171.39999389648438,MOVE
2008-03-07,172.60000610351562,MOVE
2008-03-10,169.60000610351562,MOVE
2008-03-11,155.3000030517578,MOVE
2008-03-12,154.3000030517578,MOVE
2008-03-13,162.6999969482422,MOVE
2008-03-14,167.1999969482422,MOVE
2008-03-17,168.8000030517578,MOVE
2008-03-18,159.1999969482422,MOVE
2008-03-19,159.89999389648438,MOVE
2008-03-20,158.60000610351562,MOVE
2008-03-24,161.0,MOVE
2008-03-25,160.6999969482422,MOVE
2008-03-26,157.6999969482422,MOVE
2008-03-27,152.39999389648438,MOVE
2008-03-28,145.89999389648438,MOVE
2008-03-31,145.5,MOVE
2008-04-01,141.89999389648438,MOVE
2008-04-02,146.1999969482422,MOVE
2008-04-03,139.6999969482422,MOVE
2008-04-04,140.1999969482422,MOVE
2008-04-07,132.89999389648438,MOVE
2008-04-08,128.1999969482422,MOVE
2008-04-09,128.6999969482422,MOVE
2008-04-10,127.80000305175781,MOVE
2008-04-11,129.39999389648438,MOVE
2008-04-14,127.4000015258789,MOVE
2008-04-15,129.89999389648438,MOVE
2008-04-16,144.0,MOVE
2008-04-17,149.6999969482422,MOVE
2008-04-18,144.10000610351562,MOVE
2008-04-21,135.1999969482422,MOVE
2008-04-22,129.10000610351562,MOVE
2008-04-23,125.5999984741211,MOVE
2008-04-24,129.1999969482422,MOVE
2008-04-25,131.0,MOVE
2008-04-28,130.10000610351562,MOVE
2008-04-29,126.5,MOVE
2008-04-30,119.0999984741211,MOVE
2008-05-01,115.19999694824219,MOVE
2008-05-02,111.80000305175781,MOVE
2008-05-05,108.9000015258789,MOVE
2008-05-06,110.4000015258789,MOVE
2008-05-07,116.0999984741211,MOVE
2008-05-08,119.69999694824219,MOVE
2008-05-09,121.0999984741211,MOVE
2008-05-12,118.30000305175781,MOVE
2008-05-13,120.9000015258789,MOVE
2008-05-14,127.19999694824219,MOVE
2008-05-15,125.30000305175781,MOVE
2008-05-16,122.5,MOVE
2008-05-19,117.5,MOVE
2008-05-20,116.5999984741211,MOVE
2008-05-21,115.9000015258789,MOVE
2008-05-22,120.9000015258789,MOVE
2008-05-23,120.4000015258789,MOVE
2008-05-27,121.0999984741211,MOVE
2008-05-28,126.5999984741211,MOVE
2008-05-29,131.60000610351562,MOVE
2008-05-30,130.1999969482422,MOVE
2008-06-02,130.5,MOVE
2008-06-03,132.6999969482422,MOVE
2008-06-04,131.89999389648438,MOVE
2008-06-05,133.8000030517578,MOVE
2008-06-06,139.60000610351562,MOVE
2008-06-09,151.0,MOVE
2008-06-10,149.60000610351562,MOVE
2008-06-11,144.60000610351562,MOVE
2008-06-12,148.89999389648438,MOVE
2008-06-13,153.6999969482422,MOVE
2008-06-16,143.5,MOVE
2008-06-17,142.1999969482422,MOVE
2008-06-18,140.39999389648438,MOVE
2008-06-19,136.8000030517578,MOVE
2008-06-20,137.8000030517578,MOVE
2008-06-23,136.6999969482422,MOVE
2008-06-24,134.8000030517578,MOVE
2008-06-25,129.8000030517578,MOVE
2008-06-26,133.6999969482422,MOVE
2008-06-27,132.5,MOVE
2008-06-30,126.0,MOVE
2008-07-01,128.5,MOVE
2008-07-02,133.10000610351562,MOVE
2008-07-03,125.0999984741211,MOVE
2008-07-07,123.0,MOVE
2008-07-08,118.9000015258789,MOVE
2008-07-09,116.0999984741211,MOVE
2008-07-10,118.69999694824219,MOVE
2008-07-11,129.1999969482422,MOVE
2008-07-14,126.0,MOVE
2008-07-15,126.0,MOVE
2008-07-16,123.4000015258789,MOVE
2008-07-17,129.39999389648438,MOVE
2008-07-18,131.0,MOVE
2008-07-21,131.10000610351562,MOVE
2008-07-22,124.9000015258789,MOVE
2008-07-23,123.69999694824219,MOVE
2008-07-24,123.80000305175781,MOVE
2008-07-25,123.4000015258789,MOVE
2008-07-28,122.69999694824219,MOVE
2008-07-29,121.30000305175781,MOVE
2008-07-30,133.8000030517578,MOVE
2008-07-31,131.6999969482422,MOVE
2008-08-01,118.30000305175781,MOVE
2008-08-04,117.19999694824219,MOVE
2008-08-05,110.30000305175781,MOVE
2008-08-06,112.30000305175781,MOVE
2008-08-07,118.80000305175781,MOVE
2008-08-08,109.0999984741211,MOVE
2008-08-11,107.4000015258789,MOVE
2008-08-12,110.9000015258789,MOVE
2008-08-13,112.30000305175781,MOVE
2008-08-14,111.80000305175781,MOVE
2008-08-15,112.0999984741211,MOVE
2008-08-18,112.80000305175781,MOVE
2008-08-19,110.0999984741211,MOVE
2008-08-20,110.69999694824219,MOVE
2008-08-21,109.4000015258789,MOVE
2008-08-22,109.80000305175781,MOVE
2008-08-25,109.5999984741211,MOVE
2008-08-26,108.19999694824219,MOVE
2008-08-27,104.0999984741211,MOVE
2008-08-28,103.0,MOVE
2008-08-29,103.0,MOVE
2008-09-02,102.4000015258789,MOVE
2008-09-03,105.9000015258789,MOVE
2008-09-04,115.19999694824219,MOVE
2008-09-05,111.80000305175781,MOVE
2008-09-08,116.30000305175781,MOVE
2008-09-09,123.80000305175781,MOVE
2008-09-10,123.69999694824219,MOVE
2008-09-11,126.0999984741211,MOVE
2008-09-12,125.4000015258789,MOVE
2008-09-15,160.3000030517578,MOVE
2008-09-16,168.39999389648438,MOVE
2008-09-17,162.0,MOVE
2008-09-18,163.5,MOVE
2008-09-19,162.3000030517578,MOVE
2008-09-22,158.10000610351562,MOVE
2008-09-23,159.5,MOVE
2008-09-24,163.8000030517578,MOVE
2008-09-25,176.3000030517578,MOVE
2008-09-26,183.60000610351562,MOVE
2008-09-29,201.0,MOVE
2008-09-30,208.5,MOVE
2008-10-01,200.5,MOVE
2008-10-02,206.6999969482422,MOVE
2008-10-03,204.8000030517578,MOVE
2008-10-06,217.3000030517578,MOVE
2008-10-07,221.10000610351562,MOVE
2008-10-08,239.8000030517578,MOVE
2008-10-09,250.10000610351562,MOVE
2008-10-10,264.6000061035156,MOVE
2008-10-14,230.39999389648438,MOVE
2008-10-15,220.5,MOVE
2008-10-16,218.89999389648438,MOVE
2008-10-17,207.3000030517578,MOVE
2008-10-20,191.60000610351562,MOVE
2008-10-21,192.89999389648438,MOVE
2008-10-22,203.8000030517578,MOVE
2008-10-23,229.6999969482422,MOVE
2008-10-24,239.39999389648438,MOVE
2008-10-27,237.0,MOVE
2008-10-28,229.89999389648438,MOVE
2008-10-29,217.1999969482422,MOVE
2008-10-30,209.39999389648438,MOVE
2008-10-31,207.1999969482422,MOVE
2008-11-03,204.60000610351562,MOVE
2008-11-04,203.0,MOVE
2008-11-05,217.5,MOVE
2008-11-06,189.0,MOVE
2008-11-07,178.10000610351562,MOVE
2008-11-10,173.1999969482422,MOVE
2008-11-11,173.1999969482422,MOVE
2008-11-12,173.1999969482422,MOVE
2008-11-13,181.39999389648438,MOVE
2008-11-14,189.5,MOVE
2008-11-17,188.39999389648438,MOVE
2008-11-18,191.60000610351562,MOVE
2008-11-19,192.0,MOVE
2008-11-20,211.60000610351562,MOVE
2008-11-21,212.89999389648438,MOVE
2008-11-24,189.0,MOVE
2008-11-25,206.1999969482422,MOVE
2008-11-26,213.89999389648438,MOVE
2008-11-28,214.0,MOVE
2008-12-01,213.3000030517578,MOVE
2008-12-02,216.60000610351562,MOVE
2008-12-03,214.6999969482422,MOVE
2008-12-04,216.89999389648438,MOVE
2008-12-05,216.39999389648438,MOVE
2008-12-08,213.39999389648438,MOVE
2008-12-09,214.6999969482422,MOVE
2008-12-10,218.89999389648438,MOVE
2008-12-11,223.39999389648438,MOVE
2008-12-12,222.6999969482422,MOVE
2008-12-15,214.5,MOVE
2008-12-16,194.89999389648438,MOVE
2008-12-17,182.10000610351562,MOVE
2008-12-18,194.60000610351562,MOVE
2008-12-19,195.8000030517578,MOVE
2008-12-22,194.60000610351562,MOVE
2008-12-23,193.8000030517578,MOVE
2008-12-24,193.8000030517578,MOVE
2008-12-26,193.5,MOVE
2008-12-29,192.10000610351562,MOVE
2008-12-30,192.60000610351562,MOVE
2008-12-31,190.0,MOVE
2009-01-02,183.10000610351562,MOVE
2009-01-05,171.0,MOVE
2009-01-06,160.39999389648438,MOVE
2009-01-07,151.6999969482422,MOVE
2009-01-08,149.89999389648438,MOVE
2009-01-09,138.0,MOVE
2009-01-12,134.8000030517578,MOVE
2009-01-13,119.5,MOVE
2009-01-14,119.4000015258789,MOVE
2009-01-15,129.5,MOVE
2009-01-16,126.9000015258789,MOVE
2009-01-20,136.5,MOVE
2009-01-21,151.0,MOVE
2009-01-22,153.10000610351562,MOVE
2009-01-23,155.3000030517578,MOVE
2009-01-26,145.3000030517578,MOVE
2009-01-27,141.1999969482422,MOVE
2009-01-28,136.6999969482422,MOVE
2009-01-29,147.8000030517578,MOVE
2009-01-30,162.89999389648438,MOVE
2009-02-02,163.39999389648438,MOVE
2009-02-03,161.1999969482422,MOVE
2009-02-04,172.5,MOVE
2009-02-05,173.6999969482422,MOVE
2009-02-06,182.10000610351562,MOVE
2009-02-09,170.1999969482422,MOVE
2009-02-10,172.3000030517578,MOVE
2009-02-11,157.0,MOVE
2009-02-12,151.0,MOVE
2009-02-13,158.6999969482422,MOVE
2009-02-17,163.1999969482422,MOVE
2009-02-18,159.1999969482422,MOVE
2009-02-19,161.89999389648438,MOVE
2009-02-20,165.5,MOVE
2009-02-23,157.39999389648438,MOVE
2009-02-24,154.39999389648438,MOVE
2009-02-25,164.3000030517578,MOVE
2009-02-26,163.0,MOVE
2009-02-27,166.60000610351562,MOVE
2009-03-02,164.0,MOVE
2009-03-03,164.89999389648438,MOVE
2009-03-04,166.3000030517578,MOVE
2009-03-05,162.1999969482422,MOVE
2009-03-06,159.1999969482422,MOVE
2009-03-09,160.5,MOVE
2009-03-10,153.39999389648438,MOVE
2009-03-11,147.0,MOVE
2009-03-12,146.3000030517578,MOVE
2009-03-13,143.8000030517578,MOVE
2009-03-16,140.89999389648438,MOVE
2009-03-17,142.6999969482422,MOVE
2009-03-18,142.89999389648438,MOVE
2009-03-19,125.5999984741211,MOVE
2009-03-20,124.0,MOVE
2009-03-23,119.0,MOVE
2009-03-24,119.30000305175781,MOVE
2009-03-25,118.30000305175781,MOVE
2009-03-26,120.5,MOVE
2009-03-27,117.9000015258789,MOVE
2009-03-30,116.9000015258789,MOVE
2009-03-31,117.30000305175781,MOVE
2009-04-01,112.5999984741211,MOVE
2009-04-02,111.69999694824219,MOVE
2009-04-03,119.69999694824219,MOVE
2009-04-06,122.9000015258789,MOVE
2009-04-07,118.5,MOVE
2009-04-08,119.69999694824219,MOVE
2009-04-09,119.69999694824219,MOVE
2009-04-13,116.4000015258789,MOVE
2009-04-14,107.69999694824219,MOVE
2009-04-15,105.5999984741211,MOVE
2009-04-16,109.0,MOVE
2009-04-17,115.80000305175781,MOVE
2009-04-20,115.0999984741211,MOVE
2009-04-21,115.80000305175781,MOVE
2009-04-22,120.19999694824219,MOVE
2009-04-23,120.19999694824219,MOVE
2009-04-24,125.80000305175781,MOVE
2009-04-27,125.80000305175781,MOVE
2009-04-28,122.5999984741211,MOVE
2009-04-29,120.69999694824219,MOVE
2009-04-30,124.19999694824219,MOVE
2009-05-01,129.1999969482422,MOVE
2009-05-04,127.80000305175781,MOVE
2009-05-05,125.4000015258789,MOVE
2009-05-06,125.19999694824219,MOVE
2009-05-07,129.10000610351562,MOVE
2009-05-08,130.5,MOVE
2009-05-11,124.69999694824219,MOVE
2009-05-12,126.30000305175781,MOVE
2009-05-13,126.19999694824219,MOVE
2009-05-14,123.5,MOVE
2009-05-15,122.30000305175781,MOVE
2009-05-18,122.0999984741211,MOVE
2009-05-19,122.69999694824219,MOVE
2009-05-20,122.5999984741211,MOVE
2009-05-21,129.8000030517578,MOVE
2009-05-22,147.1999969482422,MOVE
2009-05-26,146.10000610351562,MOVE
2009-05-27,163.8000030517578,MOVE
2009-05-28,167.5,MOVE
2009-05-29,165.39999389648438,MOVE
2009-06-01,190.3000030517578,MOVE
2009-06-02,183.89999389648438,MOVE
2009-06-03,162.89999389648438,MOVE
2009-06-04,169.0,MOVE
2009-06-05,183.39999389648438,MOVE
2009-06-08,183.0,MOVE
2009-06-09,175.3000030517578,MOVE
2009-06-10,178.39999389648438,MOVE
2009-06-11,171.6999969482422,MOVE
2009-06-12,171.8000030517578,MOVE
2009-06-15,166.5,MOVE
2009-06-16,167.1999969482422,MOVE
2009-06-17,170.10000610351562,MOVE
2009-06-18,187.3000030517578,MOVE
2009-06-19,182.3000030517578,MOVE
2009-06-22,173.1999969482422,MOVE
2009-06-23,173.10000610351562,MOVE
2009-06-24,164.89999389648438,MOVE
2009-06-25,161.0,MOVE
2009-06-26,159.0,MOVE
2009-06-29,158.39999389648438,MOVE
2009-06-30,162.5,MOVE
2009-07-01,161.60000610351562,MOVE
2009-07-02,149.10000610351562,MOVE
2009-07-06,148.10000610351562,MOVE
2009-07-07,138.60000610351562,MOVE
2009-07-08,136.5,MOVE
2009-07-09,136.5,MOVE
2009-07-10,135.89999389648438,MOVE
2009-07-13,137.8000030517578,MOVE
2009-07-14,145.0,MOVE
2009-07-15,151.8000030517578,MOVE
2009-07-16,148.89999389648438,MOVE
2009-07-17,156.3000030517578,MOVE
2009-07-20,149.6999969482422,MOVE
2009-07-21,143.89999389648438,MOVE
2009-07-22,144.39999389648438,MOVE
2009-07-23,147.3000030517578,MOVE
2009-07-24,143.60000610351562,MOVE
2009-07-27,143.10000610351562,MOVE
2009-07-28,140.1999969482422,MOVE
2009-07-29,139.60000610351562,MOVE
2009-07-30,139.10000610351562,MOVE
2009-07-31,138.5,MOVE
2009-08-03,141.10000610351562,MOVE
2009-08-04,141.0,MOVE
2009-08-05,145.39999389648438,MOVE
2009-08-06,147.6999969482422,MOVE
2009-08-07,153.39999389648438,MOVE
2009-08-10,149.10000610351562,MOVE
2009-08-11,149.89999389648438,MOVE
2009-08-12,147.5,MOVE
2009-08-13,145.8000030517578,MOVE
2009-08-14,144.6999969482422,MOVE
2009-08-17,144.1999969482422,MOVE
2009-08-18,136.6999969482422,MOVE
2009-08-19,136.0,MOVE
2009-08-20,131.89999389648438,MOVE
2009-08-21,132.3000030517578,MOVE
2009-08-24,131.10000610351562,MOVE
2009-08-25,130.10000610351562,MOVE
2009-08-26,125.5,MOVE
2009-08-27,125.4000015258789,MOVE
2009-08-28,129.10000610351562,MOVE
2009-08-31,130.6999969482422,MOVE
2009-09-01,135.0,MOVE
2009-09-02,137.60000610351562,MOVE
2009-09-03,134.10000610351562,MOVE
2009-09-04,127.5999984741211,MOVE
2009-09-08,123.19999694824219,MOVE
2009-09-09,114.5999984741211,MOVE
2009-09-10,117.4000015258789,MOVE
2009-09-11,114.69999694824219,MOVE
2009-09-14,116.5,MOVE
2009-09-15,119.5999984741211,MOVE
2009-09-16,123.69999694824219,MOVE
2009-09-17,121.80000305175781,MOVE
2009-09-18,121.4000015258789,MOVE
2009-09-21,118.4000015258789,MOVE
2009-09-22,118.0,MOVE
2009-09-23,111.9000015258789,MOVE
2009-09-24,109.80000305175781,MOVE
2009-09-25,110.69999694824219,MOVE
2009-09-28,109.9000015258789,MOVE
2009-09-29,115.19999694824219,MOVE
2009-09-30,113.80000305175781,MOVE
2009-10-01,112.5999984741211,MOVE
2009-10-02,107.80000305175781,MOVE
2009-10-05,105.69999694824219,MOVE
2009-10-06,107.19999694824219,MOVE
2009-10-07,105.0999984741211,MOVE
2009-10-08,101.80000305175781,MOVE
2009-10-09,114.69999694824219,MOVE
2009-10-13,111.0999984741211,MOVE
2009-10-14,115.4000015258789,MOVE
2009-10-15,117.80000305175781,MOVE
2009-10-16,117.4000015258789,MOVE
2009-10-19,114.69999694824219,MOVE
2009-10-20,108.9000015258789,MOVE
2009-10-21,111.9000015258789,MOVE
2009-10-22,111.19999694824219,MOVE
2009-10-23,113.4000015258789,MOVE
2009-10-26,118.5,MOVE
2009-10-27,114.0999984741211,MOVE
2009-10-28,113.30000305175781,MOVE
2009-10-29,116.5999984741211,MOVE
2009-10-30,113.5,MOVE
2009-11-02,113.69999694824219,MOVE
2009-11-03,114.0,MOVE
2009-11-04,116.19999694824219,MOVE
2009-11-05,112.69999694824219,MOVE
2009-11-06,105.0,MOVE
2009-11-09,99.9000015258789,MOVE
2009-11-10,95.69999694824219,MOVE
2009-11-12,102.19999694824219,MOVE
2009-11-13,97.19999694824219,MOVE
2009-11-16,92.5,MOVE
2009-11-17,91.19999694824219,MOVE
2009-11-18,89.0999984741211,MOVE
2009-11-19,86.9000015258789,MOVE
2009-11-20,87.30000305175781,MOVE
2009-11-23,87.69999694824219,MOVE
2009-11-24,83.69999694824219,MOVE
2009-11-25,82.80000305175781,MOVE
2009-11-27,88.9000015258789,MOVE
2009-11-30,86.0999984741211,MOVE
2009-12-01,87.5,MOVE
2009-12-02,88.0999984741211,MOVE
2009-12-03,93.0999984741211,MOVE
2009-12-04,95.30000305175781,MOVE
2009-12-07,89.80000305175781,MOVE
2009-12-08,86.0999984741211,MOVE
2009-12-09,90.0,MOVE
2009-12-10,90.9000015258789,MOVE
2009-12-11,94.0,MOVE
2009-12-14,93.30000305175781,MOVE
2009-12-15,96.80000305175781,MOVE
2009-12-16,94.4000015258789,MOVE
2009-12-17,92.5999984741211,MOVE
2009-12-18,93.80000305175781,MOVE
2009-12-21,102.5999984741211,MOVE
2009-12-22,107.69999694824219,MOVE
2009-12-23,102.4000015258789,MOVE
2009-12-24,105.0,MOVE
2009-12-28,108.19999694824219,MOVE
2009-12-29,108.9000015258789,MOVE
2009-12-30,104.4000015258789,MOVE
2009-12-31,107.5,MOVE
2010-01-04,106.4000015258789,MOVE
2010-01-05,102.5,MOVE
2010-01-06,106.9000015258789,MOVE
2010-01-07,104.4000015258789,MOVE
2010-01-08,96.30000305175781,MOVE
2010-01-11,93.0,MOVE
2010-01-12,92.69999694824219,MOVE
2010-01-13,95.5,MOVE
2010-01-14,91.0999984741211,MOVE
2010-01-15,89.80000305175781,MOVE
2010-01-19,87.9000015258789,MOVE
2010-01-20,88.30000305175781,MOVE
2010-01-21,87.5,MOVE
2010-01-22,88.30000305175781,MOVE
2010-01-25,88.0999984741211,MOVE
2010-01-26,88.80000305175781,MOVE
2010-01-27,86.30000305175781,MOVE
2010-01-28,87.9000015258789,MOVE
2010-01-29,86.30000305175781,MOVE
2010-02-01,85.30000305175781,MOVE
2010-02-02,83.69999694824219,MOVE
2010-02-03,90.0,MOVE
2010-02-04,90.9000015258789,MOVE
2010-02-05,89.0999984741211,MOVE
2010-02-08,88.0,MOVE
2010-02-09,88.0999984741211,MOVE
2010-02-10,90.19999694824219,MOVE
2010-02-11,89.19999694824219,MOVE
2010-02-12,87.0,MOVE
2010-02-16,85.5,MOVE
2010-02-17,85.9000015258789,MOVE
2010-02-18,87.19999694824219,MOVE
2010-02-19,84.9000015258789,MOVE
2010-02-22,81.4000015258789,MOVE
2010-02-23,83.9000015258789,MOVE
2010-02-24,83.19999694824219,MOVE
2010-02-25,82.19999694824219,MOVE
2010-02-26,81.19999694824219,MOVE
2010-03-01,79.4000015258789,MOVE
2010-03-02,78.4000015258789,MOVE
2010-03-03,78.9000015258789,MOVE
2010-03-04,76.0999984741211,MOVE
2010-03-05,78.9000015258789,MOVE
2010-03-08,77.5999984741211,MOVE
2010-03-09,76.30000305175781,MOVE
2010-03-10,75.9000015258789,MOVE
2010-03-11,75.5999984741211,MOVE
2010-03-12,76.4000015258789,MOVE
2010-03-15,77.30000305175781,MOVE
2010-03-16,76.9000015258789,MOVE
2010-03-17,74.0999984741211,MOVE
2010-03-18,75.9000015258789,MOVE
2010-03-19,79.4000015258789,MOVE
2010-03-22,78.5,MOVE
2010-03-23,78.5999984741211,MOVE
2010-03-24,90.0999984741211,MOVE
2010-03-25,89.5,MOVE
2010-03-26,87.4000015258789,MOVE
2010-03-29,87.0999984741211,MOVE
2010-03-30,86.19999694824219,MOVE
2010-03-31,85.30000305175781,MOVE
2010-04-01,89.80000305175781,MOVE
2010-04-05,90.0999984741211,MOVE
2010-04-06,88.5999984741211,MOVE
2010-04-07,92.19999694824219,MOVE
2010-04-08,90.30000305175781,MOVE
2010-04-09,89.80000305175781,MOVE
2010-04-12,88.19999694824219,MOVE
2010-04-13,86.69999694824219,MOVE
2010-04-14,85.30000305175781,MOVE
2010-04-15,83.9000015258789,MOVE
2010-04-16,82.9000015258789,MOVE
2010-04-19,82.30000305175781,MOVE
2010-04-20,78.30000305175781,MOVE
2010-04-21,79.9000015258789,MOVE
2010-04-22,80.0999984741211,MOVE
2010-04-23,85.19999694824219,MOVE
2010-04-26,83.0,MOVE
2010-04-27,88.9000015258789,MOVE
2010-04-28,87.19999694824219,MOVE
2010-04-29,83.30000305175781,MOVE
2010-04-30,85.5,MOVE
2010-05-03,83.5999984741211,MOVE
2010-05-04,88.69999694824219,MOVE
2010-05-05,95.80000305175781,MOVE
2010-05-06,116.69999694824219,MOVE
2010-05-07,112.5999984741211,MOVE
2010-05-10,104.4000015258789,MOVE
2010-05-11,96.80000305175781,MOVE
2010-05-12,93.19999694824219,MOVE
2010-05-13,89.5,MOVE
2010-05-14,99.80000305175781,MOVE
2010-05-17,96.5999984741211,MOVE
2010-05-18,97.19999694824219,MOVE
2010-05-19,98.0999984741211,MOVE
2010-05-20,110.9000015258789,MOVE
2010-05-21,108.69999694824219,MOVE
2010-05-24,107.0999984741211,MOVE
2010-05-25,112.69999694824219,MOVE
2010-05-26,109.9000015258789,MOVE
2010-05-27,111.5,MOVE
2010-05-28,112.0999984741211,MOVE
2010-06-01,110.30000305175781,MOVE
2010-06-02,105.19999694824219,MOVE
2010-06-03,104.30000305175781,MOVE
2010-06-04,106.4000015258789,MOVE
2010-06-07,106.0999984741211,MOVE
2010-06-08,108.69999694824219,MOVE
2010-06-09,106.5999984741211,MOVE
2010-06-10,103.30000305175781,MOVE
2010-06-11,105.9000015258789,MOVE
2010-06-14,102.9000015258789,MOVE
2010-06-15,99.5999984741211,MOVE
2010-06-16,96.0,MOVE
2010-06-17,95.19999694824219,MOVE
2010-06-18,94.4000015258789,MOVE
2010-06-21,87.80000305175781,MOVE
2010-06-22,85.9000015258789,MOVE
2010-06-23,85.19999694824219,MOVE
2010-06-24,85.4000015258789,MOVE
2010-06-25,84.69999694824219,MOVE
2010-06-28,84.19999694824219,MOVE
2010-06-29,89.80000305175781,MOVE
2010-06-30,89.69999694824219,MOVE
2010-07-01,93.80000305175781,MOVE
2010-07-02,88.19999694824219,MOVE
2010-07-06,82.5999984741211,MOVE
2010-07-07,86.30000305175781,MOVE
2010-07-08,85.5,MOVE
2010-07-09,85.0999984741211,MOVE
2010-07-12,82.19999694824219,MOVE
2010-07-13,80.30000305175781,MOVE
2010-07-14,79.0,MOVE
2010-07-15,78.0999984741211,MOVE
2010-07-16,81.19999694824219,MOVE
2010-07-19,79.4000015258789,MOVE
2010-07-20,78.69999694824219,MOVE
2010-07-21,78.4000015258789,MOVE
2010-07-22,78.80000305175781,MOVE
2010-07-23,78.9000015258789,MOVE
2010-07-26,77.30000305175781,MOVE
2010-07-27,77.0999984741211,MOVE
2010-07-28,76.30000305175781,MOVE
2010-07-29,75.9000015258789,MOVE
2010-07-30,78.19999694824219,MOVE
2010-08-02,77.5999984741211,MOVE
2010-08-03,81.0999984741211,MOVE
2010-08-04,85.9000015258789,MOVE
2010-08-05,84.0,MOVE
2010-08-06,80.4000015258789,MOVE
2010-08-09,79.80000305175781,MOVE
2010-08-10,76.5999984741211,MOVE
2010-08-11,76.19999694824219,MOVE
2010-08-12,81.4000015258789,MOVE
2010-08-13,84.30000305175781,MOVE
2010-08-16,92.80000305175781,MOVE
2010-08-17,90.9000015258789,MOVE
2010-08-18,87.5,MOVE
2010-08-19,91.0,MOVE
2010-08-20,93.19999694824219,MOVE
2010-08-23,95.5,MOVE
2010-08-24,97.5999984741211,MOVE
2010-08-25,100.69999694824219,MOVE
2010-08-26,104.4000015258789,MOVE
2010-08-27,109.19999694824219,MOVE
2010-08-30,109.69999694824219,MOVE
2010-08-31,103.69999694824219,MOVE
2010-09-01,110.0999984741211,MOVE
2010-09-02,103.19999694824219,MOVE
2010-09-03,95.30000305175781,MOVE
2010-09-07,98.19999694824219,MOVE
2010-09-08,100.9000015258789,MOVE
2010-09-09,104.9000015258789,MOVE
2010-09-10,107.30000305175781,MOVE
2010-09-13,105.5,MOVE
2010-09-14,102.4000015258789,MOVE
2010-09-15,102.69999694824219,MOVE
2010-09-16,103.80000305175781,MOVE
2010-09-17,103.5999984741211,MOVE
2010-09-20,103.5999984741211,MOVE
2010-09-21,96.5999984741211,MOVE
2010-09-22,89.80000305175781,MOVE
2010-09-23,88.69999694824219,MOVE
2010-09-24,83.69999694824219,MOVE
2010-09-27,85.69999694824219,MOVE
2010-09-28,84.5999984741211,MOVE
2010-09-29,85.5999984741211,MOVE
2010-09-30,85.0999984741211,MOVE
2010-10-01,86.5,MOVE
2010-10-04,96.69999694824219,MOVE
2010-10-05,89.19999694824219,MOVE
2010-10-06,90.4000015258789,MOVE
2010-10-07,87.80000305175781,MOVE
2010-10-08,80.0999984741211,MOVE
2010-10-12,78.30000305175781,MOVE
2010-10-13,81.30000305175781,MOVE
2010-10-14,84.5999984741211,MOVE
2010-10-15,88.0999984741211,MOVE
2010-10-18,89.5,MOVE
2010-10-19,88.5999984741211,MOVE
2010-10-20,87.0999984741211,MOVE
2010-10-21,89.5999984741211,MOVE
2010-10-22,92.4000015258789,MOVE
2010-10-25,90.30000305175781,MOVE
2010-10-26,97.4000015258789,MOVE
2010-10-27,99.9000015258789,MOVE
2010-10-28,98.69999694824219,MOVE
2010-10-29,99.80000305175781,MOVE
2010-11-01,98.69999694824219,MOVE
2010-11-02,98.30000305175781,MOVE
2010-11-03,83.0999984741211,MOVE
2010-11-04,82.0999984741211,MOVE
2010-11-05,81.69999694824219,MOVE
2010-11-08,82.5,MOVE
2010-11-09,90.4000015258789,MOVE
2010-11-10,91.5999984741211,MOVE
2010-11-12,97.69999694824219,MOVE
2010-11-15,103.9000015258789,MOVE
2010-11-16,100.80000305175781,MOVE
2010-11-17,95.0999984741211,MOVE
2010-11-18,98.5999984741211,MOVE
2010-11-19,94.5,MOVE
2010-11-22,90.5999984741211,MOVE
2010-11-23,90.80000305175781,MOVE
2010-11-24,101.0,MOVE
2010-11-26,100.80000305175781,MOVE
2010-11-29,100.4000015258789,MOVE
2010-11-30,101.9000015258789,MOVE
2010-12-01,110.0999984741211,MOVE
2010-12-02,109.30000305175781,MOVE
2010-12-03,102.69999694824219,MOVE
2010-12-06,98.19999694824219,MOVE
2010-12-07,110.4000015258789,MOVE
2010-12-08,112.0999984741211,MOVE
2010-12-09,109.0,MOVE
2010-12-10,110.80000305175781,MOVE
2010-12-13,110.4000015258789,MOVE
2010-12-14,118.4000015258789,MOVE
2010-12-15,125.19999694824219,MOVE
2010-12-16,122.69999694824219,MOVE
2010-12-17,119.0999984741211,MOVE
2010-12-20,112.69999694824219,MOVE
2010-12-21,104.19999694824219,MOVE
2010-12-22,106.4000015258789,MOVE
2010-12-23,106.80000305175781,MOVE
2010-12-27,106.0999984741211,MOVE
2010-12-28,110.19999694824219,MOVE
2010-12-29,111.30000305175781,MOVE
2010-12-30,111.30000305175781,MOVE
2010-12-31,110.4000015258789,MOVE
2011-01-03,105.9000015258789,MOVE
2011-01-04,102.80000305175781,MOVE
2011-01-05,116.19999694824219,MOVE
2011-01-06,112.9000015258789,MOVE
2011-01-07,107.5,MOVE
2011-01-10,102.5,MOVE
2011-01-11,100.30000305175781,MOVE
2011-01-12,98.30000305175781,MOVE
2011-01-13,96.4000015258789,MOVE
2011-01-14,96.4000015258789,MOVE
2011-01-18,97.5999984741211,MOVE
2011-01-19,93.4000015258789,MOVE
2011-01-20,97.80000305175781,MOVE
2011-01-21,95.30000305175781,MOVE
2011-01-24,93.69999694824219,MOVE
2011-01-25,93.5,MOVE
2011-01-26,93.30000305175781,MOVE
2011-01-27,93.19999694824219,MOVE
2011-01-28,90.30000305175781,MOVE
2011-01-31,96.19999694824219,MOVE
2011-02-01,97.19999694824219,MOVE
2011-02-02,102.5,MOVE
2011-02-03,102.30000305175781,MOVE
2011-02-04,105.0999984741211,MOVE
2011-02-07,101.4000015258789,MOVE
2011-02-08,101.19999694824219,MOVE
2011-02-09,99.30000305175781,MOVE
2011-02-10,100.5,MOVE
2011-02-11,97.19999694824219,MOVE
2011-02-14,95.5999984741211,MOVE
2011-02-15,94.69999694824219,MOVE
2011-02-16,95.5,MOVE
2011-02-17,94.4000015258789,MOVE
2011-02-18,94.30000305175781,MOVE
2011-02-22,97.30000305175781,MOVE
2011-02-23,96.69999694824219,MOVE
2011-02-24,96.9000015258789,MOVE
2011-02-25,93.0999984741211,MOVE
2011-02-28,90.5,MOVE
2011-03-01,97.5,MOVE
2011-03-02,96.5999984741211,MOVE
2011-03-03,100.4000015258789,MOVE
2011-03-04,94.5999984741211,MOVE
2011-03-07,94.5999984741211,MOVE
2011-03-08,91.19999694824219,MOVE
2011-03-09,90.9000015258789,MOVE
2011-03-10,94.19999694824219,MOVE
2011-03-11,91.69999694824219,MOVE
2011-03-14,90.80000305175781,MOVE
2011-03-15,94.5999984741211,MOVE
2011-03-16,103.5999984741211,MOVE
2011-03-17,103.69999694824219,MOVE
2011-03-18,100.30000305175781,MOVE
2011-03-21,95.5999984741211,MOVE
2011-03-22,91.9000015258789,MOVE
2011-03-23,91.69999694824219,MOVE
2011-03-24,90.0999984741211,MOVE
2011-03-25,93.5,MOVE
2011-03-28,93.80000305175781,MOVE
2011-03-29,91.80000305175781,MOVE
2011-03-30,89.5999984741211,MOVE
2011-03-31,90.9000015258789,MOVE
2011-04-01,87.5,MOVE
2011-04-04,85.4000015258789,MOVE
2011-04-05,85.0999984741211,MOVE
2011-04-06,89.69999694824219,MOVE
2011-04-07,88.80000305175781,MOVE
2011-04-08,88.5,MOVE
2011-04-11,85.80000305175781,MOVE
2011-04-12,85.19999694824219,MOVE
2011-04-13,83.9000015258789,MOVE
2011-04-14,82.19999694824219,MOVE
2011-04-15,81.5,MOVE
2011-04-18,82.80000305175781,MOVE
2011-04-19,80.19999694824219,MOVE
2011-04-20,77.4000015258789,MOVE
2011-04-21,76.5999984741211,MOVE
2011-04-25,74.80000305175781,MOVE
2011-04-26,81.30000305175781,MOVE
2011-04-27,79.19999694824219,MOVE
2011-04-28,76.80000305175781,MOVE
2011-04-29,76.80000305175781,MOVE
2011-05-02,76.30000305175781,MOVE
2011-05-03,80.0999984741211,MOVE
2011-05-04,80.19999694824219,MOVE
2011-05-05,83.4000015258789,MOVE
2011-05-06,84.0999984741211,MOVE
2011-05-09,82.4000015258789,MOVE
2011-05-10,80.0999984741211,MOVE
2011-05-11,83.19999694824219,MOVE
2011-05-12,81.9000015258789,MOVE
2011-05-13,82.0999984741211,MOVE
2011-05-16,80.30000305175781,MOVE
2011-05-17,78.0999984741211,MOVE
2011-05-18,77.9000015258789,MOVE
2011-05-19,79.80000305175781,MOVE
2011-05-20,79.80000305175781,MOVE
2011-05-23,78.0,MOVE
2011-05-24,76.69999694824219,MOVE
2011-05-25,75.80000305175781,MOVE
2011-05-26,74.30000305175781,MOVE
2011-05-27,73.9000015258789,MOVE
2011-05-31,71.5,MOVE
2011-06-01,72.9000015258789,MOVE
2011-06-02,76.5999984741211,MOVE
2011-06-03,75.9000015258789,MOVE
2011-06-06,75.80000305175781,MOVE
2011-06-07,73.5,MOVE
2011-06-08,77.5,MOVE
2011-06-09,77.30000305175781,MOVE
2011-06-10,78.0999984741211,MOVE
2011-06-13,76.4000015258789,MOVE
2011-06-14,82.5,MOVE
2011-06-15,85.9000015258789,MOVE
2011-06-16,87.9000015258789,MOVE
2011-06-17,85.30000305175781,MOVE
2011-06-20,82.5,MOVE
2011-06-21,80.9000015258789,MOVE
2011-06-22,79.0,MOVE
2011-06-23,83.5999984741211,MOVE
2011-06-24,84.80000305175781,MOVE
2011-06-27,83.80000305175781,MOVE
2011-06-28,89.4000015258789,MOVE
2011-06-29,87.19999694824219,MOVE
2011-06-30,88.9000015258789,MOVE
2011-07-01,90.5,MOVE
2011-07-05,90.69999694824219,MOVE
2011-07-06,89.0,MOVE
2011-07-07,90.4000015258789,MOVE
2011-07-08,85.80000305175781,MOVE
2011-07-11,88.4000015258789,MOVE
2011-07-12,90.30000305175781,MOVE
2011-07-13,88.0999984741211,MOVE
2011-07-14,89.0999984741211,MOVE
2011-07-15,90.4000015258789,MOVE
2011-07-18,89.5999984741211,MOVE
2011-07-19,88.80000305175781,MOVE
2011-07-20,85.0999984741211,MOVE
2011-07-21,89.0,MOVE
2011-07-22,84.30000305175781,MOVE
2011-07-25,86.80000305175781,MOVE
2011-07-26,84.80000305175781,MOVE
2011-07-27,89.0999984741211,MOVE
2011-07-28,86.5,MOVE
2011-07-29,88.0,MOVE
2011-08-01,84.0999984741211,MOVE
2011-08-02,87.0999984741211,MOVE
2011-08-03,85.5,MOVE
2011-08-04,91.0,MOVE
2011-08-05,100.69999694824219,MOVE
2011-08-08,117.80000305175781,MOVE
2011-08-09,107.69999694824219,MOVE
2011-08-10,98.9000015258789,MOVE
2011-08-11,107.9000015258789,MOVE
2011-08-12,109.0999984741211,MOVE
2011-08-15,99.80000305175781,MOVE
2011-08-16,92.0,MOVE
2011-08-17,87.80000305175781,MOVE
2011-08-18,95.0,MOVE
2011-08-19,100.30000305175781,MOVE
2011-08-22,104.19999694824219,MOVE
2011-08-23,105.5,MOVE
2011-08-24,105.80000305175781,MOVE
2011-08-25,107.69999694824219,MOVE
2011-08-26,101.5,MOVE
2011-08-29,98.0,MOVE
2011-08-30,99.19999694824219,MOVE
2011-08-31,97.9000015258789,MOVE
2011-09-01,98.80000305175781,MOVE
2011-09-02,99.4000015258789,MOVE
2011-09-06,103.0999984741211,MOVE
2011-09-07,100.5999984741211,MOVE
2011-09-08,99.4000015258789,MOVE
2011-09-09,100.69999694824219,MOVE
2011-09-12,99.19999694824219,MOVE
2011-09-13,97.5,MOVE
2011-09-14,96.5999984741211,MOVE
2011-09-15,97.30000305175781,MOVE
2011-09-16,97.5999984741211,MOVE
2011-09-19,99.5999984741211,MOVE
2011-09-20,99.9000015258789,MOVE
2011-09-21,93.30000305175781,MOVE
2011-09-22,103.4000015258789,MOVE
2011-09-23,104.5,MOVE
2011-09-26,107.4000015258789,MOVE
2011-09-27,107.30000305175781,MOVE
2011-09-28,103.0999984741211,MOVE
2011-09-29,100.4000015258789,MOVE
2011-09-30,100.5999984741211,MOVE
2011-10-03,105.69999694824219,MOVE
2011-10-04,109.0,MOVE
2011-10-05,108.9000015258789,MOVE
2011-10-06,108.69999694824219,MOVE
2011-10-07,106.4000015258789,MOVE
2011-10-11,106.80000305175781,MOVE
2011-10-12,108.30000305175781,MOVE
2011-10-13,106.80000305175781,MOVE
2011-10-14,109.19999694824219,MOVE
2011-10-17,108.4000015258789,MOVE
2011-10-18,107.5,MOVE
2011-10-19,105.0,MOVE
2011-10-20,105.9000015258789,MOVE
2011-10-21,107.5,MOVE
2011-10-24,103.5999984741211,MOVE
2011-10-25,102.0999984741211,MOVE
2011-10-26,105.19999694824219,MOVE
2011-10-27,108.0999984741211,MOVE
2011-10-28,107.4000015258789,MOVE
2011-10-31,107.19999694824219,MOVE
2011-11-01,116.0,MOVE
2011-11-02,111.9000015258789,MOVE
2011-11-03,109.19999694824219,MOVE
2011-11-04,106.5999984741211,MOVE
2011-11-07,106.30000305175781,MOVE
2011-11-08,105.5999984741211,MOVE
2011-11-09,111.80000305175781,MOVE
2011-11-10,113.69999694824219,MOVE
2011-11-14,113.0999984741211,MOVE
2011-11-15,108.5999984741211,MOVE
2011-11-16,106.0999984741211,MOVE
2011-11-17,111.69999694824219,MOVE
2011-11-18,109.80000305175781,MOVE
2011-11-21,107.5,MOVE
2011-11-22,103.5999984741211,MOVE
2011-11-23,104.69999694824219,MOVE
2011-11-25,102.30000305175781,MOVE
2011-11-28,102.80000305175781,MOVE
2011-11-29,103.0999984741211,MOVE
2011-11-30,99.69999694824219,MOVE
2011-12-01,100.80000305175781,MOVE
2011-12-02,98.5999984741211,MOVE
2011-12-05,94.0,MOVE
2011-12-06,93.0,MOVE
2011-12-07,94.30000305175781,MOVE
2011-12-08,95.0,MOVE
2011-12-09,99.9000015258789,MOVE
2011-12-12,95.80000305175781,MOVE
2011-12-13,90.30000305175781,MOVE
2011-12-14,91.69999694824219,MOVE
2011-12-15,87.19999694824219,MOVE
2011-12-16,89.4000015258789,MOVE
2011-12-19,87.5999984741211,MOVE
2011-12-20,92.30000305175781,MOVE
2011-12-21,91.80000305175781,MOVE
2011-12-22,90.19999694824219,MOVE
2011-12-23,94.19999694824219,MOVE
2011-12-27,94.80000305175781,MOVE
2011-12-28,95.0999984741211,MOVE
2011-12-29,94.0999984741211,MOVE
2011-12-30,91.0999984741211,MOVE
2012-01-03,90.69999694824219,MOVE
2012-01-04,88.9000015258789,MOVE
2012-01-05,87.9000015258789,MOVE
2012-01-06,81.69999694824219,MOVE
2012-01-09,78.5999984741211,MOVE
2012-01-10,80.19999694824219,MOVE
2012-01-11,78.19999694824219,MOVE
2012-01-12,77.0999984741211,MOVE
2012-01-13,79.19999694824219,MOVE
2012-01-17,75.5999984741211,MOVE
2012-01-18,75.0,MOVE
2012-01-19,80.0,MOVE
2012-01-20,84.5999984741211,MOVE
2012-01-23,85.80000305175781,MOVE
2012-01-24,81.5999984741211,MOVE
2012-01-25,76.69999694824219,MOVE
2012-01-26,75.9000015258789,MOVE
2012-01-27,75.4000015258789,MOVE
2012-01-30,72.4000015258789,MOVE
2012-01-31,72.0999984741211,MOVE
2012-02-01,72.69999694824219,MOVE
2012-02-02,70.19999694824219,MOVE
2012-02-03,76.69999694824219,MOVE
2012-02-06,72.30000305175781,MOVE
2012-02-07,79.30000305175781,MOVE
2012-02-08,79.0,MOVE
2012-02-09,83.19999694824219,MOVE
2012-02-10,80.69999694824219,MOVE
2012-02-13,78.80000305175781,MOVE
2012-02-14,79.0,MOVE
2012-02-15,76.5999984741211,MOVE
2012-02-16,80.0999984741211,MOVE
2012-02-17,81.5,MOVE
2012-02-21,79.30000305175781,MOVE
2012-02-22,79.5999984741211,MOVE
2012-02-23,79.0,MOVE
2012-02-24,77.0999984741211,MOVE
2012-02-27,74.80000305175781,MOVE
2012-02-28,73.9000015258789,MOVE
2012-02-29,75.9000015258789,MOVE
2012-03-01,77.4000015258789,MOVE
2012-03-02,76.0,MOVE
2012-03-05,75.0,MOVE
2012-03-06,75.80000305175781,MOVE
2012-03-07,75.0999984741211,MOVE
2012-03-08,76.5999984741211,MOVE
2012-03-09,73.19999694824219,MOVE
2012-03-12,69.9000015258789,MOVE
2012-03-13,73.80000305175781,MOVE
2012-03-14,89.69999694824219,MOVE
2012-03-15,83.4000015258789,MOVE
2012-03-16,84.9000015258789,MOVE
2012-03-19,92.30000305175781,MOVE
2012-03-20,93.30000305175781,MOVE
2012-03-21,89.5,MOVE
2012-03-22,87.0999984741211,MOVE
2012-03-23,86.19999694824219,MOVE
2012-03-26,85.5999984741211,MOVE
2012-03-27,80.69999694824219,MOVE
2012-03-28,77.4000015258789,MOVE
2012-03-29,75.19999694824219,MOVE
2012-03-30,78.5999984741211,MOVE
2012-04-02,75.5999984741211,MOVE
2012-04-03,84.30000305175781,MOVE
2012-04-04,84.5999984741211,MOVE
2012-04-05,83.69999694824219,MOVE
2012-04-09,76.19999694824219,MOVE
2012-04-10,75.0999984741211,MOVE
2012-04-11,76.30000305175781,MOVE
2012-04-12,73.5,MOVE
2012-04-13,72.5999984741211,MOVE
2012-04-16,72.9000015258789,MOVE
2012-04-17,73.9000015258789,MOVE
2012-04-18,72.5,MOVE
2012-04-19,72.19999694824219,MOVE
2012-04-20,71.4000015258789,MOVE
2012-04-23,70.9000015258789,MOVE
2012-04-24,71.9000015258789,MOVE
2012-04-25,70.5999984741211,MOVE
2012-04-26,65.19999694824219,MOVE
2012-04-27,64.0999984741211,MOVE
2012-04-30,62.900001525878906,MOVE
2012-05-01,67.0,MOVE
2012-05-02,65.0999984741211,MOVE
2012-05-03,63.29999923706055,MOVE
2012-05-04,57.79999923706055,MOVE
2012-05-07,56.70000076293945,MOVE
2012-05-08,57.70000076293945,MOVE
2012-05-09,58.70000076293945,MOVE
2012-05-10,57.599998474121094,MOVE
2012-05-11,61.5,MOVE
2012-05-14,70.30000305175781,MOVE
2012-05-15,67.69999694824219,MOVE
2012-05-16,67.0,MOVE
2012-05-17,70.5999984741211,MOVE
2012-05-18,70.5999984741211,MOVE
2012-05-21,69.0999984741211,MOVE
2012-05-22,70.80000305175781,MOVE
2012-05-23,73.69999694824219,MOVE
2012-05-24,73.0999984741211,MOVE
2012-05-25,71.19999694824219,MOVE
2012-05-29,68.9000015258789,MOVE
2012-05-30,73.0,MOVE
2012-05-31,74.4000015258789,MOVE
2012-06-01,80.5999984741211,MOVE
2012-06-04,86.5,MOVE
2012-06-05,84.5999984741211,MOVE
2012-06-06,87.69999694824219,MOVE
2012-06-07,82.0999984741211,MOVE
2012-06-08,86.0,MOVE
2012-06-11,86.5,MOVE
2012-06-12,88.5,MOVE
2012-06-13,89.30000305175781,MOVE
2012-06-14,91.5,MOVE
2012-06-15,95.4000015258789,MOVE
2012-06-18,85.69999694824219,MOVE
2012-06-19,84.69999694824219,MOVE
2012-06-20,77.69999694824219,MOVE
2012-06-21,76.19999694824219,MOVE
2012-06-22,75.0999984741211,MOVE
2012-06-25,72.80000305175781,MOVE
2012-06-26,71.0999984741211,MOVE
2012-06-27,70.19999694824219,MOVE
2012-06-28,70.19999694824219,MOVE
2012-06-29,73.19999694824219,MOVE
2012-07-02,71.5999984741211,MOVE
2012-07-03,72.4000015258789,MOVE
2012-07-05,71.30000305175781,MOVE
2012-07-06,66.80000305175781,MOVE
2012-07-09,63.400001525878906,MOVE
2012-07-10,63.29999923706055,MOVE
2012-07-11,63.79999923706055,MOVE
2012-07-12,63.400001525878906,MOVE
2012-07-13,63.29999923706055,MOVE
2012-07-16,62.79999923706055,MOVE
2012-07-17,64.19999694824219,MOVE
2012-07-18,61.900001525878906,MOVE
2012-07-19,61.20000076293945,MOVE
2012-07-20,61.29999923706055,MOVE
2012-07-23,61.599998474121094,MOVE
2012-07-24,62.900001525878906,MOVE
2012-07-25,63.099998474121094,MOVE
2012-07-26,62.599998474121094,MOVE
2012-07-27,69.69999694824219,MOVE
2012-07-30,68.4000015258789,MOVE
2012-07-31,69.80000305175781,MOVE
2012-08-01,74.0999984741211,MOVE
2012-08-02,69.4000015258789,MOVE
2012-08-03,71.9000015258789,MOVE
2012-08-06,69.69999694824219,MOVE
2012-08-07,73.9000015258789,MOVE
2012-08-08,75.19999694824219,MOVE
2012-08-09,73.69999694824219,MOVE
2012-08-10,70.0999984741211,MOVE
2012-08-13,67.19999694824219,MOVE
2012-08-14,67.9000015258789,MOVE
2012-08-15,73.0,MOVE
2012-08-16,77.0999984741211,MOVE
2012-08-17,74.0,MOVE
2012-08-20,70.19999694824219,MOVE
2012-08-21,70.0,MOVE
2012-08-22,66.80000305175781,MOVE
2012-08-23,65.5,MOVE
2012-08-24,66.4000015258789,MOVE
2012-08-27,66.30000305175781,MOVE
2012-08-28,64.30000305175781,MOVE
2012-08-29,64.9000015258789,MOVE
2012-08-30,68.0,MOVE
2012-08-31,68.69999694824219,MOVE
2012-09-04,67.0999984741211,MOVE
2012-09-05,68.5,MOVE
2012-09-06,71.0,MOVE
2012-09-07,68.4000015258789,MOVE
2012-09-10,68.19999694824219,MOVE
2012-09-11,67.9000015258789,MOVE
2012-09-12,69.9000015258789,MOVE
2012-09-13,65.4000015258789,MOVE
2012-09-14,68.30000305175781,MOVE
2012-09-17,64.4000015258789,MOVE
2012-09-18,59.79999923706055,MOVE
2012-09-19,57.5,MOVE
2012-09-20,59.70000076293945,MOVE
2012-09-21,59.599998474121094,MOVE
2012-09-24,57.5,MOVE
2012-09-25,57.599998474121094,MOVE
2012-09-26,58.5,MOVE
2012-09-27,61.08000183105469,MOVE
2012-09-28,60.470001220703125,MOVE
2012-10-01,59.400001525878906,MOVE
2012-10-02,60.400001525878906,MOVE
2012-10-03,59.20000076293945,MOVE
2012-10-04,59.79999923706055,MOVE
2012-10-05,60.400001525878906,MOVE
2012-10-09,59.29999923706055,MOVE
2012-10-10,59.599998474121094,MOVE
2012-10-11,61.400001525878906,MOVE
2012-10-12,61.400001525878906,MOVE
2012-10-15,63.0,MOVE
2012-10-16,64.80000305175781,MOVE
2012-10-17,68.69999694824219,MOVE
2012-10-18,69.0,MOVE
2012-10-19,68.5,MOVE
2012-10-22,69.80000305175781,MOVE
2012-10-23,68.9000015258789,MOVE
2012-10-24,67.0999984741211,MOVE
2012-10-25,73.0999984741211,MOVE
2012-10-26,73.0,MOVE
2012-10-31,71.43000030517578,MOVE
2012-11-01,72.0,MOVE
2012-11-02,72.30000305175781,MOVE
2012-11-05,68.61000061035156,MOVE
2012-11-06,69.30000305175781,MOVE
2012-11-07,60.900001525878906,MOVE
2012-11-08,59.099998474121094,MOVE
2012-11-09,59.099998474121094,MOVE
2012-11-13,57.29999923706055,MOVE
2012-11-14,56.84000015258789,MOVE
2012-11-15,55.599998474121094,MOVE
2012-11-16,54.97999954223633,MOVE
2012-11-19,54.70000076293945,MOVE
2012-11-20,53.70000076293945,MOVE
2012-11-21,53.900001525878906,MOVE
2012-11-27,51.70000076293945,MOVE
2012-11-28,52.29999923706055,MOVE
2012-11-29,51.70000076293945,MOVE
2012-11-30,51.79999923706055,MOVE
2012-12-03,51.02000045776367,MOVE
2012-12-04,51.70000076293945,MOVE
2012-12-05,52.29999923706055,MOVE
2012-12-06,53.29999923706055,MOVE
2012-12-10,52.25,MOVE
2012-12-11,51.599998474121094,MOVE
2012-12-12,53.599998474121094,MOVE
2012-12-14,52.79999923706055,MOVE
2012-12-17,57.099998474121094,MOVE
2012-12-18,63.0,MOVE
2012-12-19,57.79999923706055,MOVE
2012-12-20,54.400001525878906,MOVE
2012-12-21,55.29999923706055,MOVE
2012-12-24,54.900001525878906,MOVE
2012-12-26,54.5,MOVE
2012-12-27,55.0,MOVE
2012-12-28,56.70000076293945,MOVE
2012-12-31,59.400001525878906,MOVE
2013-01-02,61.099998474121094,MOVE
2013-01-03,63.5,MOVE
2013-01-04,62.0,MOVE
2013-01-07,59.900001525878906,MOVE
2013-01-08,58.599998474121094,MOVE
2013-01-09,56.29999923706055,MOVE
2013-01-10,58.20000076293945,MOVE
2013-01-11,59.20000076293945,MOVE
2013-01-14,55.79999923706055,MOVE
2013-01-15,53.099998474121094,MOVE
2013-01-16,53.20000076293945,MOVE
2013-01-17,56.900001525878906,MOVE
2013-01-18,55.849998474121094,MOVE
2013-01-22,61.88999938964844,MOVE
2013-01-23,53.599998474121094,MOVE
2013-01-24,55.29999923706055,MOVE
2013-01-25,66.19999694824219,MOVE
2013-01-28,63.70000076293945,MOVE
2013-01-29,62.400001525878906,MOVE
2013-01-30,66.4000015258789,MOVE
2013-01-31,65.5999984741211,MOVE
2013-02-01,65.0,MOVE
2013-02-04,63.099998474121094,MOVE
2013-02-05,64.80000305175781,MOVE
2013-02-06,62.79999923706055,MOVE
2013-02-07,59.900001525878906,MOVE
2013-02-08,61.5,MOVE
2013-02-11,60.0,MOVE
2013-02-12,59.79999923706055,MOVE
2013-02-13,61.70000076293945,MOVE
2013-02-14,59.099998474121094,MOVE
2013-02-15,59.099998474121094,MOVE
2013-02-19,58.400001525878906,MOVE
2013-02-20,57.900001525878906,MOVE
2013-02-21,59.70000076293945,MOVE
2013-02-22,58.599998474121094,MOVE
2013-02-25,60.0,MOVE
2013-02-26,58.0,MOVE
2013-02-27,58.40999984741211,MOVE
2013-02-28,55.880001068115234,MOVE
2013-03-01,55.0,MOVE
2013-03-04,53.900001525878906,MOVE
2013-03-05,56.5,MOVE
2013-03-07,60.5,MOVE
2013-03-08,58.099998474121094,MOVE
2013-03-11,55.06999969482422,MOVE
2013-03-12,53.70000076293945,MOVE
2013-03-13,54.599998474121094,MOVE
2013-03-14,56.0,MOVE
2013-03-15,55.79999923706055,MOVE
2013-03-25,57.66999816894531,MOVE
2013-03-26,56.099998474121094,MOVE
2013-03-28,57.29999923706055,MOVE
2013-04-01,56.20000076293945,MOVE
2013-04-02,56.0,MOVE
2013-04-03,57.900001525878906,MOVE
2013-04-04,56.900001525878906,MOVE
2013-04-05,54.79999923706055,MOVE
2013-04-08,54.900001525878906,MOVE
2013-04-09,52.70000076293945,MOVE
2013-04-10,53.900001525878906,MOVE
2013-04-11,52.599998474121094,MOVE
2013-04-12,53.099998474121094,MOVE
2013-04-15,52.29999923706055,MOVE
2013-04-16,51.900001525878906,MOVE
2013-04-17,52.0,MOVE
2013-04-18,51.29999923706055,MOVE
2013-04-19,51.29999923706055,MOVE
2013-04-22,50.599998474121094,MOVE
2013-04-23,50.0,MOVE
2013-04-24,49.79999923706055,MOVE
2013-04-25,49.400001525878906,MOVE
2013-04-26,50.20000076293945,MOVE
2013-04-29,49.599998474121094,MOVE
2013-04-30,49.20000076293945,MOVE
2013-05-01,49.0,MOVE
2013-05-02,49.0,MOVE
2013-05-06,49.4900016784668,MOVE
2013-05-07,49.4900016784668,MOVE
2013-05-08,49.4900016784668,MOVE
2013-05-09,48.869998931884766,MOVE
2013-05-10,55.31999969482422,MOVE
2013-05-13,56.5099983215332,MOVE
2013-05-14,57.7400016784668,MOVE
2013-05-17,61.29999923706055,MOVE
2013-05-20,60.5,MOVE
2013-05-21,59.79999923706055,MOVE
2013-05-22,65.4000015258789,MOVE
2013-05-23,68.19999694824219,MOVE
2013-05-24,65.0999984741211,MOVE
2013-05-28,75.5,MOVE
2013-05-29,81.19999694824219,MOVE
2013-05-30,77.4000015258789,MOVE
2013-05-31,80.0,MOVE
2013-06-03,79.19999694824219,MOVE
2013-06-04,82.80000305175781,MOVE
2013-06-05,83.5999984741211,MOVE
2013-06-06,84.69999694824219,MOVE
2013-06-07,81.5,MOVE
2013-06-10,84.69999694824219,MOVE
2013-06-11,82.30000305175781,MOVE
2013-06-12,81.9000015258789,MOVE
2013-06-13,82.4000015258789,MOVE
2013-06-14,78.5,MOVE
2013-06-17,78.5,MOVE
2013-06-18,81.0,MOVE
2013-06-19,86.9000015258789,MOVE
2013-06-20,96.0,MOVE
2013-06-21,103.69999694824219,MOVE
2013-06-24,111.0,MOVE
2013-06-25,108.4000015258789,MOVE
2013-06-26,103.5,MOVE
2013-06-27,97.0999984741211,MOVE
2013-06-28,99.80000305175781,MOVE
2013-07-01,101.30000305175781,MOVE
2013-07-03,109.30000305175781,MOVE
2013-07-05,117.9000015258789,MOVE
2013-07-08,107.80000305175781,MOVE
2013-07-09,99.5,MOVE
2013-07-10,99.0,MOVE
2013-07-11,93.5,MOVE
2013-07-12,94.5,MOVE
2013-07-15,89.4000015258789,MOVE
2013-07-16,88.0,MOVE
2013-07-17,81.9000015258789,MOVE
2013-07-18,77.4000015258789,MOVE
2013-07-19,75.9000015258789,MOVE
2013-07-22,72.5999984741211,MOVE
2013-07-23,74.0999984741211,MOVE
2013-07-24,80.19999694824219,MOVE
2013-07-25,82.5999984741211,MOVE
2013-07-26,81.5999984741211,MOVE
2013-07-29,83.19999694824219,MOVE
2013-07-30,83.30000305175781,MOVE
2013-07-31,82.5999984741211,MOVE
2013-08-01,91.4000015258789,MOVE
2013-08-02,73.19999694824219,MOVE
2013-08-05,72.69999694824219,MOVE
2013-08-06,78.19999694824219,MOVE
2013-08-07,75.4000015258789,MOVE
2013-08-08,75.4000015258789,MOVE
2013-08-09,75.4000015258789,MOVE
2013-08-12,74.0999984741211,MOVE
2013-08-13,81.69999694824219,MOVE
2013-08-14,80.9000015258789,MOVE
2013-08-15,86.69999694824219,MOVE
2013-08-16,94.69999694824219,MOVE
2013-08-19,99.5,MOVE
2013-08-20,95.69999694824219,MOVE
2013-08-21,98.80000305175781,MOVE
2013-08-22,98.30000305175781,MOVE
2013-08-23,99.80000305175781,MOVE
2013-08-26,95.80000305175781,MOVE
2013-08-27,94.9000015258789,MOVE
2013-08-29,98.80000305175781,MOVE
2013-08-30,103.5,MOVE
2013-09-03,105.80000305175781,MOVE
2013-09-05,111.4000015258789,MOVE
2013-09-06,105.5,MOVE
2013-09-09,100.69999694824219,MOVE
2013-09-10,101.80000305175781,MOVE
2013-09-11,98.0,MOVE
2013-09-12,96.4000015258789,MOVE
2013-09-13,96.19999694824219,MOVE
2013-09-16,94.5,MOVE
2013-09-17,90.80000305175781,MOVE
2013-09-18,82.69999694824219,MOVE
2013-09-19,80.30000305175781,MOVE
2013-09-20,77.69999694824219,MOVE
2013-09-23,75.30000305175781,MOVE
2013-09-24,74.80000305175781,MOVE
2013-09-25,75.30000305175781,MOVE
2013-09-26,77.5999984741211,MOVE
2013-09-27,78.0,MOVE
2013-09-30,80.19999694824219,MOVE
2013-10-01,87.4000015258789,MOVE
2013-10-02,82.19999694824219,MOVE
2013-10-03,80.30000305175781,MOVE
2013-10-04,82.5,MOVE
2013-10-07,80.30000305175781,MOVE
2013-10-08,81.0999984741211,MOVE
2013-10-09,80.80000305175781,MOVE
2013-10-10,80.0999984741211,MOVE
2013-10-11,77.0999984741211,MOVE
2013-10-15,75.80000305175781,MOVE
2013-10-16,73.19999694824219,MOVE
2013-10-17,70.0999984741211,MOVE
2013-10-18,72.5,MOVE
2013-10-21,71.5,MOVE
2013-10-22,63.099998474121094,MOVE
2013-10-23,62.0,MOVE
2013-10-24,63.099998474121094,MOVE
2013-10-25,61.13999938964844,MOVE
2013-10-28,58.5,MOVE
2013-10-29,58.79999923706055,MOVE
2013-10-30,60.599998474121094,MOVE
2013-10-31,61.70000076293945,MOVE
2013-11-01,69.5999984741211,MOVE
2013-11-04,64.20999908447266,MOVE
2013-11-05,68.5999984741211,MOVE
2013-11-06,67.0999984741211,MOVE
2013-11-07,66.5,MOVE
2013-11-08,69.9000015258789,MOVE
2013-11-12,69.5999984741211,MOVE
2013-11-13,65.80000305175781,MOVE
2013-11-14,61.900001525878906,MOVE
2013-11-15,62.20000076293945,MOVE
2013-11-18,58.29999923706055,MOVE
2013-11-19,62.29999923706055,MOVE
2013-11-20,66.5,MOVE
2013-11-21,68.4000015258789,MOVE
2013-11-22,66.80000305175781,MOVE
2013-11-25,65.0999984741211,MOVE
2013-11-26,65.30000305175781,MOVE
2013-11-27,67.80000305175781,MOVE
2013-11-29,68.0,MOVE
2013-12-02,73.0999984741211,MOVE
2013-12-03,72.0999984741211,MOVE
2013-12-04,75.80000305175781,MOVE
2013-12-05,76.0999984741211,MOVE
2013-12-06,69.19999694824219,MOVE
2013-12-09,67.80000305175781,MOVE
2013-12-10,70.5,MOVE
2013-12-12,72.80000305175781,MOVE
2013-12-13,72.5999984741211,MOVE
2013-12-16,69.9000015258789,MOVE
2013-12-17,68.5,MOVE
2013-12-18,65.0,MOVE
2013-12-19,67.69999694824219,MOVE
2013-12-20,67.30000305175781,MOVE
2013-12-23,66.19999694824219,MOVE
2013-12-24,67.80000305175781,MOVE
2013-12-26,66.80000305175781,MOVE
2013-12-27,65.80000305175781,MOVE
2013-12-30,69.0999984741211,MOVE
2013-12-31,73.5,MOVE
2014-01-02,73.4000015258789,MOVE
2014-01-03,72.69999694824219,MOVE
2014-01-06,69.9000015258789,MOVE
2014-01-07,73.80000305175781,MOVE
2014-01-08,75.30000305175781,MOVE
2014-01-09,73.69999694824219,MOVE
2014-01-10,61.20000076293945,MOVE
2014-01-13,58.900001525878906,MOVE
2014-01-14,61.599998474121094,MOVE
2014-01-15,60.79999923706055,MOVE
2014-01-16,60.79999923706055,MOVE
2014-01-17,60.29999923706055,MOVE
2014-01-21,59.5,MOVE
2014-01-22,60.5,MOVE
2014-01-23,62.20000076293945,MOVE
2014-01-24,63.5,MOVE
2014-01-27,64.19999694824219,MOVE
2014-01-28,64.5,MOVE
2014-01-29,64.5,MOVE
2014-01-31,64.69999694824219,MOVE
2014-02-04,66.80000305175781,MOVE
2014-02-06,67.19999694824219,MOVE
2014-02-07,64.69999694824219,MOVE
2014-02-10,62.29999923706055,MOVE
2014-02-11,61.5,MOVE
2014-02-12,61.0,MOVE
2014-02-13,58.099998474121094,MOVE
2014-02-14,57.29999923706055,MOVE
2014-02-18,56.0,MOVE
2014-02-19,57.29999923706055,MOVE
2014-02-20,58.70000076293945,MOVE
2014-02-21,58.400001525878906,MOVE
2014-02-24,57.400001525878906,MOVE
2014-02-25,56.79999923706055,MOVE
2014-02-26,57.79999923706055,MOVE
2014-02-27,58.099998474121094,MOVE
2014-02-28,57.70000076293945,MOVE
2014-03-03,57.79999923706055,MOVE
2014-03-04,63.20000076293945,MOVE
2014-03-05,60.79999923706055,MOVE
2014-03-06,61.0,MOVE
2014-03-07,58.20000076293945,MOVE
2014-03-10,55.70000076293945,MOVE
2014-03-11,55.5099983215332,MOVE
2014-03-12,55.099998474121094,MOVE
2014-03-13,57.47999954223633,MOVE
2014-03-14,62.84000015258789,MOVE
2014-03-17,61.79999923706055,MOVE
2014-03-18,59.209999084472656,MOVE
2014-03-19,65.5999984741211,MOVE
2014-03-20,60.79999923706055,MOVE
2014-03-21,60.79999923706055,MOVE
2014-03-24,58.70000076293945,MOVE
2014-03-25,58.34000015258789,MOVE
2014-03-26,57.79999923706055,MOVE
2014-03-27,59.400001525878906,MOVE
2014-03-28,61.900001525878906,MOVE
2014-03-31,61.79999923706055,MOVE
2014-04-01,61.5,MOVE
2014-04-02,66.30000305175781,MOVE
2014-04-03,65.19999694824219,MOVE
2014-04-04,58.79999923706055,MOVE
2014-04-07,58.79999923706055,MOVE
2014-04-08,55.900001525878906,MOVE
2014-04-09,54.70000076293945,MOVE
2014-04-10,55.400001525878906,MOVE
2014-04-11,58.599998474121094,MOVE
2014-04-14,59.20000076293945,MOVE
2014-04-15,59.20000076293945,MOVE
2014-04-16,58.0,MOVE
2014-04-17,59.5,MOVE
2014-04-21,56.79999923706055,MOVE
2014-04-22,57.099998474121094,MOVE
2014-04-23,56.599998474121094,MOVE
2014-04-24,57.79999923706055,MOVE
2014-04-28,59.099998474121094,MOVE
2014-04-29,59.900001525878906,MOVE
2014-04-30,58.900001525878906,MOVE
2014-05-01,58.84000015258789,MOVE
2014-05-02,55.29999923706055,MOVE
2014-05-05,55.29999923706055,MOVE
2014-05-06,58.70000076293945,MOVE
2014-05-07,57.29999923706055,MOVE
2014-05-09,56.099998474121094,MOVE
2014-05-12,56.20000076293945,MOVE
2014-05-13,56.099998474121094,MOVE
2014-05-15,55.70000076293945,MOVE
2014-05-16,58.70000076293945,MOVE
2014-05-19,58.20000076293945,MOVE
2014-05-20,60.0,MOVE
2014-05-21,59.099998474121094,MOVE
2014-05-22,58.20000076293945,MOVE
2014-05-23,58.20000076293945,MOVE
2014-05-27,56.79999923706055,MOVE
2014-05-28,55.20000076293945,MOVE
2014-05-29,56.400001525878906,MOVE
2014-05-30,58.29999923706055,MOVE
2014-06-02,59.70000076293945,MOVE
2014-06-03,60.900001525878906,MOVE
2014-06-04,64.9000015258789,MOVE
2014-06-05,65.0999984741211,MOVE
2014-06-06,59.29999923706055,MOVE
2014-06-09,57.29999923706055,MOVE
2014-06-10,56.900001525878906,MOVE
2014-06-11,55.400001525878906,MOVE
2014-06-13,58.400001525878906,MOVE
2014-06-17,58.400001525878906,MOVE
2014-06-18,59.400001525878906,MOVE
2014-06-19,55.5,MOVE
2014-06-20,54.900001525878906,MOVE
2014-06-23,54.599998474121094,MOVE
2014-06-24,53.900001525878906,MOVE
2014-06-25,54.099998474121094,MOVE
2014-06-26,53.25,MOVE
2014-06-27,53.29999923706055,MOVE
2014-06-30,52.70000076293945,MOVE
2014-07-01,53.25,MOVE
2014-07-02,59.599998474121094,MOVE
2014-07-03,56.900001525878906,MOVE
2014-07-07,55.04999923706055,MOVE
2014-07-08,54.970001220703125,MOVE
2014-07-09,55.16999816894531,MOVE
2014-07-10,55.599998474121094,MOVE
2014-07-11,54.79999923706055,MOVE
2014-07-14,54.400001525878906,MOVE
2014-07-15,54.0,MOVE
2014-07-16,52.900001525878906,MOVE
2014-07-17,54.5,MOVE
2014-07-18,54.400001525878906,MOVE
2014-07-21,53.849998474121094,MOVE
2014-07-22,53.79999923706055,MOVE
2014-07-23,53.400001525878906,MOVE
2014-07-24,54.2599983215332,MOVE
2014-07-25,54.43000030517578,MOVE
2014-07-28,54.08000183105469,MOVE
2014-07-29,53.79999923706055,MOVE
2014-07-30,55.88999938964844,MOVE
2014-07-31,56.459999084472656,MOVE
2014-08-01,52.2599983215332,MOVE
2014-08-04,52.29999923706055,MOVE
2014-08-05,56.70000076293945,MOVE
2014-08-06,56.91999816894531,MOVE
2014-08-07,59.5,MOVE
2014-08-08,62.470001220703125,MOVE
2014-08-11,60.29999923706055,MOVE
2014-08-12,59.369998931884766,MOVE
2014-08-13,58.79999923706055,MOVE
2014-08-14,58.5,MOVE
2014-08-15,60.400001525878906,MOVE
2014-08-18,61.689998626708984,MOVE
2014-08-19,62.0,MOVE
2014-08-20,62.79999923706055,MOVE
2014-08-21,60.20000076293945,MOVE
2014-08-22,59.84000015258789,MOVE
2014-08-25,57.20000076293945,MOVE
2014-08-26,56.45000076293945,MOVE
2014-08-27,56.900001525878906,MOVE
2014-08-28,59.79999923706055,MOVE
2014-08-29,60.4900016784668,MOVE
2014-09-02,61.349998474121094,MOVE
2014-09-03,64.9000015258789,MOVE
2014-09-04,64.9000015258789,MOVE
2014-09-05,60.29999923706055,MOVE
2014-09-08,60.0,MOVE
2014-09-09,61.5,MOVE
2014-09-10,63.20000076293945,MOVE
2014-09-11,62.79999923706055,MOVE
2014-09-12,65.5999984741211,MOVE
2014-09-15,66.0999984741211,MOVE
2014-09-16,67.0999984741211,MOVE
2014-09-17,62.29999923706055,MOVE
2014-09-18,62.0,MOVE
2014-09-19,59.79999923706055,MOVE
2014-09-22,58.0,MOVE
2014-09-23,57.400001525878906,MOVE
2014-09-24,58.29999923706055,MOVE
2014-09-25,59.099998474121094,MOVE
2014-09-26,64.5,MOVE
2014-09-29,62.29999923706055,MOVE
2014-09-30,64.19999694824219,MOVE
2014-10-01,64.30000305175781,MOVE
2014-10-02,66.19999694824219,MOVE
2014-10-03,62.5,MOVE
2014-10-06,60.400001525878906,MOVE
2014-10-07,65.30000305175781,MOVE
2014-10-08,65.0,MOVE
2014-10-09,66.5,MOVE
2014-10-10,68.69999694824219,MOVE
2014-10-14,74.5999984741211,MOVE
2014-10-15,101.30000305175781,MOVE
2014-10-16,90.0999984741211,MOVE
2014-10-17,82.9000015258789,MOVE
2014-10-20,79.19999694824219,MOVE
2014-10-21,78.9000015258789,MOVE
2014-10-22,77.19999694824219,MOVE
2014-10-23,80.4000015258789,MOVE
2014-10-24,81.61000061035156,MOVE
2014-10-27,77.5999984741211,MOVE
2014-10-28,74.69999694824219,MOVE
2014-10-29,73.0,MOVE
2014-10-30,69.55999755859375,MOVE
2014-10-31,68.69999694824219,MOVE
2014-11-03,67.44999694824219,MOVE
2014-11-04,68.5999984741211,MOVE
2014-11-05,72.9000015258789,MOVE
2014-11-06,69.0999984741211,MOVE
2014-11-07,66.5999984741211,MOVE
2014-11-10,66.55000305175781,MOVE
2014-11-12,66.80000305175781,MOVE
2014-11-13,67.0,MOVE
2014-11-14,67.0,MOVE
2014-11-17,66.9000015258789,MOVE
2014-11-18,69.19999694824219,MOVE
2014-11-19,70.0,MOVE
2014-11-20,69.19999694824219,MOVE
2014-11-21,67.0,MOVE
2014-11-24,64.4000015258789,MOVE
2014-11-25,64.5999984741211,MOVE
2014-11-26,64.69999694824219,MOVE
2014-11-28,66.5999984741211,MOVE
2014-12-01,67.30000305175781,MOVE
2014-12-03,65.80000305175781,MOVE
2014-12-04,64.5999984741211,MOVE
2014-12-05,64.80000305175781,MOVE
2014-12-08,62.79999923706055,MOVE
2014-12-09,66.56999969482422,MOVE
2014-12-10,68.19999694824219,MOVE
2014-12-15,77.5999984741211,MOVE
2014-12-16,80.69999694824219,MOVE
2014-12-17,72.41999816894531,MOVE
2014-12-18,71.16999816894531,MOVE
2014-12-19,70.69999694824219,MOVE
2014-12-22,70.08000183105469,MOVE
2014-12-23,68.80000305175781,MOVE
2014-12-24,68.9000015258789,MOVE
2014-12-26,55.400001525878906,MOVE
2014-12-29,69.19999694824219,MOVE
2014-12-30,69.0,MOVE
2014-12-31,68.9000015258789,MOVE
2015-01-02,70.0,MOVE
2015-01-05,71.5,MOVE
2015-01-06,84.9000015258789,MOVE
2015-01-07,85.19999694824219,MOVE
2015-01-08,85.19999694824219,MOVE
2015-01-09,80.5999984741211,MOVE
2015-01-12,81.9000015258789,MOVE
2015-01-13,83.0,MOVE
2015-01-14,85.30000305175781,MOVE
2015-01-15,85.30000305175781,MOVE
2015-01-16,92.5999984741211,MOVE
2015-01-20,90.5999984741211,MOVE
2015-01-21,88.30000305175781,MOVE
2015-01-22,85.0999984741211,MOVE
2015-01-23,89.9000015258789,MOVE
2015-01-26,85.30000305175781,MOVE
2015-01-27,86.19999694824219,MOVE
2015-01-28,86.4000015258789,MOVE
2015-01-29,86.5999984741211,MOVE
2015-02-02,88.0999984741211,MOVE
2015-02-03,92.69999694824219,MOVE
2015-02-04,92.30000305175781,MOVE
2015-02-05,93.0,MOVE
2015-02-06,93.69999694824219,MOVE
2015-02-09,95.0999984741211,MOVE
2015-02-10,95.3499984741211,MOVE
2015-02-11,94.19999694824219,MOVE
2015-02-12,91.5999984741211,MOVE
2015-02-13,91.4000015258789,MOVE
2015-02-17,91.80000305175781,MOVE
2015-02-18,91.4000015258789,MOVE
2015-02-19,98.5,MOVE
2015-02-20,98.30000305175781,MOVE
2015-02-23,97.69999694824219,MOVE
2015-02-24,94.0999984741211,MOVE
2015-02-25,91.5,MOVE
2015-02-26,90.5,MOVE
2015-02-27,91.4000015258789,MOVE
2015-03-02,90.19999694824219,MOVE
2015-03-03,91.80000305175781,MOVE
2015-03-04,90.69999694824219,MOVE
2015-03-05,89.30000305175781,MOVE
2015-03-06,86.5999984741211,MOVE
2015-03-09,84.0,MOVE
2015-03-10,84.4000015258789,MOVE
2015-03-11,85.0,MOVE
2015-03-12,85.5999984741211,MOVE
2015-03-13,86.0999984741211,MOVE
2015-03-16,84.80000305175781,MOVE
2015-03-17,86.30000305175781,MOVE
2015-03-18,85.69999694824219,MOVE
2015-03-19,87.80000305175781,MOVE
2015-03-20,86.5,MOVE
2015-03-23,84.9000015258789,MOVE
2015-03-24,83.69999694824219,MOVE
2015-03-25,84.19999694824219,MOVE
2015-03-26,86.19999694824219,MOVE
2015-03-27,86.19999694824219,MOVE
2015-03-30,86.4000015258789,MOVE
2015-03-31,86.0999984741211,MOVE
2015-04-01,85.5999984741211,MOVE
2015-04-02,84.30000305175781,MOVE
2015-04-06,79.0,MOVE
2015-04-07,77.80000305175781,MOVE
2015-04-08,80.0,MOVE
2015-04-09,78.80000305175781,MOVE
2015-04-10,77.80000305175781,MOVE
2015-04-13,75.80000305175781,MOVE
2015-04-14,74.80000305175781,MOVE
2015-04-15,73.0,MOVE
2015-04-16,72.4000015258789,MOVE
2015-04-17,74.4000015258789,MOVE
2015-04-20,73.5,MOVE
2015-04-21,72.9000015258789,MOVE
2015-04-22,72.9000015258789,MOVE
2015-04-23,73.19999694824219,MOVE
2015-04-24,71.5999984741211,MOVE
2015-04-27,71.0,MOVE
2015-04-28,72.9000015258789,MOVE
2015-04-29,73.9000015258789,MOVE
2015-04-30,75.30000305175781,MOVE
2015-05-01,78.9000015258789,MOVE
2015-05-04,81.0999984741211,MOVE
2015-05-05,87.69999694824219,MOVE
2015-05-06,91.0,MOVE
2015-05-07,89.5999984741211,MOVE
2015-05-08,80.9000015258789,MOVE
2015-05-11,84.0999984741211,MOVE
2015-05-12,87.4000015258789,MOVE
2015-05-13,85.5999984741211,MOVE
2015-05-14,83.19999694824219,MOVE
2015-05-15,83.19999694824219,MOVE
2015-05-18,88.19999694824219,MOVE
2015-05-19,87.66999816894531,MOVE
2015-05-20,87.6500015258789,MOVE
2015-05-21,86.0999984741211,MOVE
2015-05-22,87.66999816894531,MOVE
2015-05-26,85.36000061035156,MOVE
2015-05-27,84.0,MOVE
2015-05-28,82.69999694824219,MOVE
2015-05-29,82.69999694824219,MOVE
2015-06-01,83.55000305175781,MOVE
2015-06-02,87.5,MOVE
2015-06-03,91.80999755859375,MOVE
2015-06-04,92.20999908447266,MOVE
2015-06-05,88.9000015258789,MOVE
2015-06-08,87.5999984741211,MOVE
2015-06-09,87.19999694824219,MOVE
2015-06-10,89.80000305175781,MOVE
2015-06-11,87.80000305175781,MOVE
2015-06-12,87.69999694824219,MOVE
2015-06-15,86.0,MOVE
2015-06-16,85.69999694824219,MOVE
2015-06-17,82.4000015258789,MOVE
2015-06-18,82.5999984741211,MOVE
2015-06-19,84.69999694824219,MOVE
2015-06-22,84.4000015258789,MOVE
2015-06-23,84.19999694824219,MOVE
2015-06-24,82.69999694824219,MOVE
2015-06-25,83.31999969482422,MOVE
2015-06-26,84.30000305175781,MOVE
2015-06-29,89.80000305175781,MOVE
2015-06-30,92.30000305175781,MOVE
2015-07-01,90.30000305175781,MOVE
2015-07-02,88.0,MOVE
2015-07-06,86.18000030517578,MOVE
2015-07-07,90.5,MOVE
2015-07-08,89.4000015258789,MOVE
2015-07-09,89.30000305175781,MOVE
2015-07-10,90.19999694824219,MOVE
2015-07-13,84.69999694824219,MOVE
2015-07-14,80.80000305175781,MOVE
2015-07-15,79.0999984741211,MOVE
2015-07-16,76.0,MOVE
2015-07-17,74.20999908447266,MOVE
2015-07-20,72.80000305175781,MOVE
2015-07-21,72.4000015258789,MOVE
2015-07-22,72.0999984741211,MOVE
2015-07-23,72.5999984741211,MOVE
2015-07-24,73.0,MOVE
2015-07-27,72.19999694824219,MOVE
2015-07-28,71.9000015258789,MOVE
2015-07-29,69.70999908447266,MOVE
2015-07-30,71.19999694824219,MOVE
2015-07-31,75.80000305175781,MOVE
2015-08-03,74.69999694824219,MOVE
2015-08-04,80.47000122070312,MOVE
2015-08-05,80.69999694824219,MOVE
2015-08-06,80.30000305175781,MOVE
2015-08-07,76.19999694824219,MOVE
2015-08-10,75.30000305175781,MOVE
2015-08-11,78.0999984741211,MOVE
2015-08-12,81.5,MOVE
2015-08-13,80.0,MOVE
2015-08-14,77.0999984741211,MOVE
2015-08-17,76.0999984741211,MOVE
2015-08-18,82.69999694824219,MOVE
2015-08-19,81.5,MOVE
2015-08-20,84.5999984741211,MOVE
2015-08-21,88.5,MOVE
2015-08-24,94.5,MOVE
2015-08-25,91.0999984741211,MOVE
2015-08-26,92.0,MOVE
2015-08-27,91.4000015258789,MOVE
2015-08-28,91.0999984741211,MOVE
2015-08-31,87.69999694824219,MOVE
2015-09-01,88.69999694824219,MOVE
2015-09-02,93.0999984741211,MOVE
2015-09-03,91.4000015258789,MOVE
2015-09-04,86.80000305175781,MOVE
2015-09-08,85.19999694824219,MOVE
2015-09-09,85.0999984741211,MOVE
2015-09-10,83.5999984741211,MOVE
2015-09-11,83.80000305175781,MOVE
2015-09-14,82.69999694824219,MOVE
2015-09-15,85.0,MOVE
2015-09-16,84.9000015258789,MOVE
2015-09-17,77.69999694824219,MOVE
2015-09-18,75.80000305175781,MOVE
2015-09-21,74.5,MOVE
2015-09-22,75.5999984741211,MOVE
2015-09-23,69.19999694824219,MOVE
2015-09-24,76.4000015258789,MOVE
2015-09-25,75.9000015258789,MOVE
2015-09-28,76.9000015258789,MOVE
2015-09-29,83.30000305175781,MOVE
2015-09-30,81.5999984741211,MOVE
2015-10-01,81.5,MOVE
2015-10-02,78.9000015258789,MOVE
2015-10-05,77.5,MOVE
2015-10-06,80.30000305175781,MOVE
2015-10-07,80.0,MOVE
2015-10-08,79.5,MOVE
2015-10-09,78.19999694824219,MOVE
2015-10-13,76.30000305175781,MOVE
2015-10-14,74.80000305175781,MOVE
2015-10-15,74.5999984741211,MOVE
2015-10-16,74.69999694824219,MOVE
2015-10-19,71.0,MOVE
2015-10-20,71.0999984741211,MOVE
2015-10-21,69.69999694824219,MOVE
2015-10-22,70.0,MOVE
2015-10-23,70.80000305175781,MOVE
2015-10-26,69.69999694824219,MOVE
2015-10-27,69.80000305175781,MOVE
2015-10-28,70.30000305175781,MOVE
2015-10-29,73.0999984741211,MOVE
2015-10-30,73.0999984741211,MOVE
2015-11-02,73.19999694824219,MOVE
2015-11-03,73.30000305175781,MOVE
2015-11-04,77.5999984741211,MOVE
2015-11-05,76.69999694824219,MOVE
2015-11-06,74.30000305175781,MOVE
2015-11-10,70.5,MOVE
2015-11-13,68.30000305175781,MOVE
2015-11-16,67.69999694824219,MOVE
2015-11-17,72.30000305175781,MOVE
2015-11-18,71.69999694824219,MOVE
2015-11-19,70.5,MOVE
2015-11-20,70.5,MOVE
2015-11-23,70.80000305175781,MOVE
2015-11-24,70.9000015258789,MOVE
2015-11-25,70.0,MOVE
2015-11-27,69.5999984741211,MOVE
2015-11-30,69.9000015258789,MOVE
2015-12-01,71.0,MOVE
2015-12-02,72.30000305175781,MOVE
2015-12-03,74.5999984741211,MOVE
2015-12-04,71.30000305175781,MOVE
2015-12-07,70.55999755859375,MOVE
2015-12-08,72.69999694824219,MOVE
2015-12-09,72.4000015258789,MOVE
2015-12-10,72.30000305175781,MOVE
2015-12-11,75.0,MOVE
2015-12-14,78.19999694824219,MOVE
2015-12-15,79.5999984741211,MOVE
2015-12-16,70.19999694824219,MOVE
2015-12-17,67.69999694824219,MOVE
2015-12-18,67.80000305175781,MOVE
2015-12-21,66.4000015258789,MOVE
2015-12-22,66.9000015258789,MOVE
2015-12-23,66.0,MOVE
2015-12-24,65.5,MOVE
2015-12-28,67.19999694824219,MOVE
2015-12-29,67.19999694824219,MOVE
2015-12-30,67.30000305175781,MOVE
2015-12-31,67.80000305175781,MOVE
2016-01-04,68.80000305175781,MOVE
2016-01-05,71.41999816894531,MOVE
2016-01-06,71.68000030517578,MOVE
2016-01-07,74.20999908447266,MOVE
2016-01-08,71.01000213623047,MOVE
2016-01-11,71.0199966430664,MOVE
2016-01-13,74.45999908447266,MOVE
2016-01-14,73.61000061035156,MOVE
2016-01-15,78.05999755859375,MOVE
2016-01-19,77.31999969482422,MOVE
2016-01-20,81.81999969482422,MOVE
2016-01-21,80.7300033569336,MOVE
2016-01-22,77.3499984741211,MOVE
2016-01-25,75.41000366210938,MOVE
2016-01-26,75.16000366210938,MOVE
2016-01-27,71.94000244140625,MOVE
2016-01-28,70.9800033569336,MOVE
2016-01-29,74.0,MOVE
2016-02-01,73.45999908447266,MOVE
2016-02-02,77.48999786376953,MOVE
2016-02-03,79.62000274658203,MOVE
2016-02-04,83.76000213623047,MOVE
2016-02-05,81.66999816894531,MOVE
2016-02-08,89.2699966430664,MOVE
2016-02-09,91.61000061035156,MOVE
2016-02-10,86.31999969482422,MOVE
2016-02-11,96.30999755859375,MOVE
2016-02-12,93.72000122070312,MOVE
2016-02-16,86.81999969482422,MOVE
2016-02-17,84.79000091552734,MOVE
2016-02-18,86.12000274658203,MOVE
2016-02-19,90.0999984741211,MOVE
2016-02-22,85.1500015258789,MOVE
2016-02-23,83.9800033569336,MOVE
2016-02-24,85.08999633789062,MOVE
2016-02-25,84.44000244140625,MOVE
2016-02-26,82.54000091552734,MOVE
2016-02-29,83.38999938964844,MOVE
2016-03-01,84.22000122070312,MOVE
2016-03-02,83.6500015258789,MOVE
2016-03-03,81.72000122070312,MOVE
2016-03-04,78.01000213623047,MOVE
2016-03-07,77.83000183105469,MOVE
2016-03-08,80.72000122070312,MOVE
2016-03-09,80.36000061035156,MOVE
2016-03-10,80.8499984741211,MOVE
2016-03-11,81.41999816894531,MOVE
2016-03-14,79.12000274658203,MOVE
2016-03-15,78.47000122070312,MOVE
2016-03-16,74.16000366210938,MOVE
2016-03-17,72.41000366210938,MOVE
2016-03-18,71.26000213623047,MOVE
2016-03-21,70.83000183105469,MOVE
2016-03-22,71.12000274658203,MOVE
2016-03-23,71.08000183105469,MOVE
2016-03-24,72.68000030517578,MOVE
2016-03-28,74.69000244140625,MOVE
2016-03-29,72.66000366210938,MOVE
2016-03-30,70.54000091552734,MOVE
2016-03-31,68.80000305175781,MOVE
2016-04-01,67.0,MOVE
2016-04-04,65.36000061035156,MOVE
2016-04-05,68.30999755859375,MOVE
2016-04-06,69.70999908447266,MOVE
2016-04-07,71.08999633789062,MOVE
2016-04-08,70.87999725341797,MOVE
2016-04-11,69.7699966430664,MOVE
2016-04-12,68.77999877929688,MOVE
2016-04-13,67.48999786376953,MOVE
2016-04-14,67.5199966430664,MOVE
2016-04-15,66.48999786376953,MOVE
2016-04-18,66.33999633789062,MOVE
2016-04-19,66.44000244140625,MOVE
2016-04-20,67.7699966430664,MOVE
2016-04-21,68.5999984741211,MOVE
2016-04-22,67.77999877929688,MOVE
2016-04-25,67.88999938964844,MOVE
2016-04-26,67.1500015258789,MOVE
2016-04-27,64.73999786376953,MOVE
2016-04-28,64.63999938964844,MOVE
2016-04-29,64.91999816894531,MOVE
2016-05-02,64.68000030517578,MOVE
2016-05-03,68.41000366210938,MOVE
2016-05-04,68.12000274658203,MOVE
2016-05-05,68.66999816894531,MOVE
2016-05-06,65.1500015258789,MOVE
2016-05-09,64.12000274658203,MOVE
2016-05-10,63.970001220703125,MOVE
2016-05-11,63.88999938964844,MOVE
2016-05-12,63.91999816894531,MOVE
2016-05-13,64.06999969482422,MOVE
2016-05-16,66.94000244140625,MOVE
2016-05-17,67.12000274658203,MOVE
2016-05-18,69.8499984741211,MOVE
2016-05-19,70.55999755859375,MOVE
2016-05-20,68.51000213623047,MOVE
2016-05-23,67.77999877929688,MOVE
2016-05-24,69.41000366210938,MOVE
2016-05-25,67.54000091552734,MOVE
2016-05-26,66.1500015258789,MOVE
2016-05-27,66.76000213623047,MOVE
2016-05-31,67.91000366210938,MOVE
2016-06-01,68.75,MOVE
2016-06-02,69.55999755859375,MOVE
2016-06-03,67.58999633789062,MOVE
2016-06-06,66.2699966430664,MOVE
2016-06-08,67.91999816894531,MOVE
2016-06-10,75.0999984741211,MOVE
2016-06-13,79.56999969482422,MOVE
2016-06-14,79.0999984741211,MOVE
2016-06-15,78.66999816894531,MOVE
2016-06-16,83.54000091552734,MOVE
2016-06-17,82.58000183105469,MOVE
2016-06-20,77.31999969482422,MOVE
2016-06-21,76.95999908447266,MOVE
2016-06-22,79.5199966430664,MOVE
2016-06-23,74.04000091552734,MOVE
2016-06-24,77.94000244140625,MOVE
2016-06-27,81.56999969482422,MOVE
2016-06-28,78.66999816894531,MOVE
2016-06-29,71.80000305175781,MOVE
2016-06-30,72.63999938964844,MOVE
2016-07-01,74.3499984741211,MOVE
2016-07-05,78.12000274658203,MOVE
2016-07-06,76.08999633789062,MOVE
2016-07-07,76.7300033569336,MOVE
2016-07-08,72.30999755859375,MOVE
2016-07-11,69.77999877929688,MOVE
2016-07-12,71.43000030517578,MOVE
2016-07-13,71.6500015258789,MOVE
2016-07-14,73.55999755859375,MOVE
2016-07-15,74.7699966430664,MOVE
2016-07-18,72.91999816894531,MOVE
2016-07-19,70.52999877929688,MOVE
2016-07-20,70.63999938964844,MOVE
2016-07-21,71.86000061035156,MOVE
2016-07-22,69.91000366210938,MOVE
2016-07-25,68.75,MOVE
2016-07-26,68.76000213623047,MOVE
2016-07-27,66.63999938964844,MOVE
2016-07-28,66.66999816894531,MOVE
2016-07-29,64.1500015258789,MOVE
2016-08-01,63.66999816894531,MOVE
2016-08-02,67.8499984741211,MOVE
2016-08-03,67.79000091552734,MOVE
2016-08-04,67.0999984741211,MOVE
2016-08-05,66.58999633789062,MOVE
2016-08-08,65.5,MOVE
2016-08-09,64.30000305175781,MOVE
2016-08-10,63.34000015258789,MOVE
2016-08-11,65.29000091552734,MOVE
2016-08-12,64.37000274658203,MOVE
2016-08-15,63.77000045776367,MOVE
2016-08-16,63.66999816894531,MOVE
2016-08-17,63.540000915527344,MOVE
2016-08-18,63.650001525878906,MOVE
2016-08-19,64.81999969482422,MOVE
2016-08-22,67.87000274658203,MOVE
2016-08-23,66.62000274658203,MOVE
2016-08-24,66.51000213623047,MOVE
2016-08-25,69.36000061035156,MOVE
2016-08-26,71.23999786376953,MOVE
2016-08-29,68.61000061035156,MOVE
2016-08-30,69.11000061035156,MOVE
2016-08-31,69.08000183105469,MOVE
2016-09-01,70.25,MOVE
2016-09-02,66.45999908447266,MOVE
2016-09-06,63.459999084472656,MOVE
2016-09-07,64.06999969482422,MOVE
2016-09-08,65.94999694824219,MOVE
2016-09-09,69.12000274658203,MOVE
2016-09-12,68.91000366210938,MOVE
2016-09-13,70.5999984741211,MOVE
2016-09-14,69.2300033569336,MOVE
2016-09-15,69.12999725341797,MOVE
2016-09-16,69.20999908447266,MOVE
2016-09-19,69.2300033569336,MOVE
2016-09-20,69.2300033569336,MOVE
2016-09-21,63.72999954223633,MOVE
2016-09-22,61.18000030517578,MOVE
2016-09-23,59.75,MOVE
2016-09-26,58.849998474121094,MOVE
2016-09-27,59.22999954223633,MOVE
2016-09-28,57.619998931884766,MOVE
2016-09-29,58.849998474121094,MOVE
2016-09-30,60.560001373291016,MOVE
2016-10-03,60.43000030517578,MOVE
2016-10-04,62.08000183105469,MOVE
2016-10-05,62.56999969482422,MOVE
2016-10-06,64.29000091552734,MOVE
2016-10-07,62.84000015258789,MOVE
2016-10-12,63.95000076293945,MOVE
2016-10-14,64.9800033569336,MOVE
2016-10-17,64.41999816894531,MOVE
2016-10-18,63.18000030517578,MOVE
2016-10-19,61.63999938964844,MOVE
2016-10-20,59.619998931884766,MOVE
2016-10-21,57.09000015258789,MOVE
2016-10-25,57.40999984741211,MOVE
2016-10-26,59.5099983215332,MOVE
2016-10-28,64.37999725341797,MOVE
2016-10-31,65.47000122070312,MOVE
2016-11-01,67.76000213623047,MOVE
2016-11-02,69.25,MOVE
2016-11-03,72.56999969482422,MOVE
2016-11-04,74.61000061035156,MOVE
2016-11-08,68.47000122070312,MOVE
2016-11-09,76.33000183105469,MOVE
2016-11-10,82.56999969482422,MOVE
2016-11-14,89.22000122070312,MOVE
2016-11-15,84.12000274658203,MOVE
2016-11-16,80.12000274658203,MOVE
2016-11-17,77.54000091552734,MOVE
2016-11-18,81.6500015258789,MOVE
2016-11-21,80.58000183105469,MOVE
2016-11-22,76.45999908447266,MOVE
2016-11-23,78.63999938964844,MOVE
2016-11-25,79.69000244140625,MOVE
2016-11-28,78.73999786376953,MOVE
2016-11-29,77.30000305175781,MOVE
2016-11-30,80.95999908447266,MOVE
2016-12-01,86.62999725341797,MOVE
2016-12-02,82.05999755859375,MOVE
2016-12-05,79.83999633789062,MOVE
2016-12-06,76.56999969482422,MOVE
2016-12-07,73.44000244140625,MOVE
2016-12-08,73.11000061035156,MOVE
2016-12-09,75.55000305175781,MOVE
2016-12-12,76.38999938964844,MOVE
2016-12-13,75.36000061035156,MOVE
2016-12-14,75.83999633789062,MOVE
2016-12-15,78.61000061035156,MOVE
2016-12-16,78.22000122070312,MOVE
2016-12-19,75.23999786376953,MOVE
2016-12-20,75.45999908447266,MOVE
2016-12-21,73.97000122070312,MOVE
2016-12-22,74.05000305175781,MOVE
2016-12-23,72.56999969482422,MOVE
2016-12-27,70.66000366210938,MOVE
2016-12-28,70.79000091552734,MOVE
2016-12-29,71.27999877929688,MOVE
2016-12-30,71.62999725341797,MOVE
2017-01-03,76.7300033569336,MOVE
2017-01-04,76.41000366210938,MOVE
2017-01-05,76.5,MOVE
2017-01-06,75.23999786376953,MOVE
2017-01-09,74.83000183105469,MOVE
2017-01-10,73.26000213623047,MOVE
2017-01-11,72.83000183105469,MOVE
2017-01-12,73.73999786376953,MOVE
2017-01-13,74.5,MOVE
2017-01-17,73.94000244140625,MOVE
2017-01-18,73.94000244140625,MOVE
2017-01-19,78.31999969482422,MOVE
2017-01-20,76.70999908447266,MOVE
2017-01-23,75.5199966430664,MOVE
2017-01-24,75.52999877929688,MOVE
2017-01-25,77.05999755859375,MOVE
2017-01-26,74.69000244140625,MOVE
2017-01-27,72.19000244140625,MOVE
2017-01-30,72.36000061035156,MOVE
2017-01-31,72.5199966430664,MOVE
2017-02-01,70.83999633789062,MOVE
2017-02-02,69.91999816894531,MOVE
2017-02-03,67.38999938964844,MOVE
2017-02-06,67.55000305175781,MOVE
2017-02-07,68.06999969482422,MOVE
2017-02-08,68.73999786376953,MOVE
2017-02-09,68.94999694824219,MOVE
2017-02-10,69.62999725341797,MOVE
2017-02-13,68.83000183105469,MOVE
2017-02-14,67.26000213623047,MOVE
2017-02-15,65.51000213623047,MOVE
2017-02-16,68.2300033569336,MOVE
2017-02-17,69.77999877929688,MOVE
2017-02-21,68.72000122070312,MOVE
2017-02-22,69.26000213623047,MOVE
2017-02-23,68.63999938964844,MOVE
2017-02-24,69.8499984741211,MOVE
2017-02-27,70.88999938964844,MOVE
2017-03-02,69.54000091552734,MOVE
2017-03-03,65.79000091552734,MOVE
2017-03-06,65.41000366210938,MOVE
2017-03-07,66.02999877929688,MOVE
2017-03-08,66.61000061035156,MOVE
2017-03-09,69.18000030517578,MOVE
2017-03-10,67.69999694824219,MOVE
2017-03-13,65.63999938964844,MOVE
2017-03-14,65.18000030517578,MOVE
2017-03-15,61.619998931884766,MOVE
2017-03-16,60.439998626708984,MOVE
2017-03-17,60.720001220703125,MOVE
2017-03-20,59.81999969482422,MOVE
2017-03-21,62.130001068115234,MOVE
2017-03-23,65.22000122070312,MOVE
2017-03-24,64.44999694824219,MOVE
2017-03-27,62.68000030517578,MOVE
2017-03-28,61.95000076293945,MOVE
2017-03-29,61.02000045776367,MOVE
2017-03-30,60.939998626708984,MOVE
2017-03-31,60.70000076293945,MOVE
2017-04-03,61.22999954223633,MOVE
2017-04-04,64.7699966430664,MOVE
2017-04-05,63.720001220703125,MOVE
2017-04-06,68.25,MOVE
2017-04-07,68.66000366210938,MOVE
2017-04-10,68.5,MOVE
2017-04-11,70.55999755859375,MOVE
2017-04-12,73.41999816894531,MOVE
2017-04-13,74.4800033569336,MOVE
2017-04-17,70.95999908447266,MOVE
2017-04-18,72.87000274658203,MOVE
2017-04-19,73.12999725341797,MOVE
2017-04-20,73.86000061035156,MOVE
2017-04-21,77.1500015258789,MOVE
2017-04-24,63.27000045776367,MOVE
2017-04-25,62.36000061035156,MOVE
2017-04-26,60.95000076293945,MOVE
2017-04-27,59.81999969482422,MOVE
2017-04-28,60.189998626708984,MOVE
2017-05-01,59.400001525878906,MOVE
2017-05-02,60.31999969482422,MOVE
2017-05-03,59.380001068115234,MOVE
2017-05-04,60.08000183105469,MOVE
2017-05-05,58.720001220703125,MOVE
2017-05-08,55.40999984741211,MOVE
2017-05-09,55.220001220703125,MOVE
2017-05-10,55.029998779296875,MOVE
2017-05-11,54.470001220703125,MOVE
2017-05-12,55.709999084472656,MOVE
2017-05-15,56.72999954223633,MOVE
2017-05-16,55.5,MOVE
2017-05-17,62.58000183105469,MOVE
2017-05-18,58.97999954223633,MOVE
2017-05-19,57.81999969482422,MOVE
2017-05-22,55.470001220703125,MOVE
2017-05-24,54.40999984741211,MOVE
2017-05-25,54.31999969482422,MOVE
2017-05-26,54.04999923706055,MOVE
2017-05-31,53.95000076293945,MOVE
2017-06-01,54.0,MOVE
2017-06-02,53.7400016784668,MOVE
2017-06-05,53.0,MOVE
2017-06-06,53.220001220703125,MOVE
2017-06-07,54.79999923706055,MOVE
2017-06-08,53.72999954223633,MOVE
2017-06-09,52.560001373291016,MOVE
2017-06-12,52.31999969482422,MOVE
2017-06-13,51.66999816894531,MOVE
2017-06-14,52.220001220703125,MOVE
2017-06-15,51.59000015258789,MOVE
2017-06-16,51.47999954223633,MOVE
2017-06-19,51.599998474121094,MOVE
2017-06-20,51.599998474121094,MOVE
2017-06-21,51.63999938964844,MOVE
2017-06-22,51.130001068115234,MOVE
2017-06-23,51.15999984741211,MOVE
2017-06-26,50.02000045776367,MOVE
2017-06-27,52.099998474121094,MOVE
2017-06-28,52.5099983215332,MOVE
2017-06-29,54.65999984741211,MOVE
2017-06-30,55.220001220703125,MOVE
2017-07-03,55.25,MOVE
2017-07-05,56.439998626708984,MOVE
2017-07-06,56.959999084472656,MOVE
2017-07-07,55.7599983215332,MOVE
2017-07-10,53.18000030517578,MOVE
2017-07-11,53.220001220703125,MOVE
2017-07-12,52.43000030517578,MOVE
2017-07-13,52.209999084472656,MOVE
2017-07-14,51.029998779296875,MOVE
2017-07-17,50.0,MOVE
2017-07-18,49.54999923706055,MOVE
2017-07-19,48.2599983215332,MOVE
2017-07-20,47.0,MOVE
2017-07-21,47.45000076293945,MOVE
2017-07-24,47.0,MOVE
2017-07-25,49.56999969482422,MOVE
2017-07-26,47.279998779296875,MOVE
2017-07-27,48.41999816894531,MOVE
2017-07-28,48.529998779296875,MOVE
2017-07-31,48.13999938964844,MOVE
2017-08-01,49.970001220703125,MOVE
2017-08-02,48.75,MOVE
2017-08-03,47.93000030517578,MOVE
2017-08-04,47.279998779296875,MOVE
2017-08-07,46.90999984741211,MOVE
2017-08-08,47.34000015258789,MOVE
2017-08-09,49.66999816894531,MOVE
2017-08-10,52.0,MOVE
2017-08-11,52.060001373291016,MOVE
2017-08-14,49.29999923706055,MOVE
2017-08-15,48.630001068115234,MOVE
2017-08-16,48.470001220703125,MOVE
2017-08-17,48.84000015258789,MOVE
2017-08-18,50.15999984741211,MOVE
2017-08-21,52.060001373291016,MOVE
2017-08-22,51.29999923706055,MOVE
2017-08-23,52.08000183105469,MOVE
2017-08-24,52.4900016784668,MOVE
2017-08-25,50.560001373291016,MOVE
2017-08-28,48.86000061035156,MOVE
2017-08-29,51.400001525878906,MOVE
2017-08-30,51.560001373291016,MOVE
2017-08-31,51.130001068115234,MOVE
2017-09-01,49.439998626708984,MOVE
2017-09-05,53.31999969482422,MOVE
2017-09-06,52.91999816894531,MOVE
2017-09-07,54.0099983215332,MOVE
2017-09-11,51.880001068115234,MOVE
2017-09-12,51.650001525878906,MOVE
2017-09-13,51.369998931884766,MOVE
2017-09-14,50.72999954223633,MOVE
2017-09-15,50.630001068115234,MOVE
2017-09-18,50.15999984741211,MOVE
2017-09-19,49.86000061035156,MOVE
2017-09-20,49.150001525878906,MOVE
2017-09-21,48.310001373291016,MOVE
2017-09-22,50.52000045776367,MOVE
2017-09-25,51.11000061035156,MOVE
2017-09-26,50.63999938964844,MOVE
2017-09-27,52.08000183105469,MOVE
2017-09-28,51.86000061035156,MOVE
2017-09-29,52.880001068115234,MOVE
2017-10-02,54.459999084472656,MOVE
2017-10-03,54.599998474121094,MOVE
2017-10-04,54.4900016784668,MOVE
2017-10-05,55.58000183105469,MOVE
2017-10-06,54.97999954223633,MOVE
2017-10-10,53.88999938964844,MOVE
2017-10-11,52.689998626708984,MOVE
2017-10-12,51.81999969482422,MOVE
2017-10-13,50.849998474121094,MOVE
2017-10-17,49.029998779296875,MOVE
2017-10-18,50.290000915527344,MOVE
2017-10-19,51.4900016784668,MOVE
2017-10-20,53.97999954223633,MOVE
2017-10-23,54.099998474121094,MOVE
2017-10-24,55.939998626708984,MOVE
2017-10-25,57.36000061035156,MOVE
2017-10-26,57.349998474121094,MOVE
2017-10-27,54.66999816894531,MOVE
2017-10-30,51.689998626708984,MOVE
2017-10-31,51.150001525878906,MOVE
2017-11-01,49.939998626708984,MOVE
2017-11-02,48.72999954223633,MOVE
2017-11-03,45.83000183105469,MOVE
2017-11-06,45.04999923706055,MOVE
2017-11-07,44.20000076293945,MOVE
2017-11-08,43.970001220703125,MOVE
2017-11-09,44.9900016784668,MOVE
2017-11-10,47.290000915527344,MOVE
2017-11-13,46.38999938964844,MOVE
2017-11-14,47.77000045776367,MOVE
2017-11-15,48.0,MOVE
2017-11-16,47.7400016784668,MOVE
2017-11-17,49.09000015258789,MOVE
2017-11-20,48.099998474121094,MOVE
2017-11-21,48.09000015258789,MOVE
2017-11-22,46.880001068115234,MOVE
2017-11-24,46.15999984741211,MOVE
2017-11-27,45.290000915527344,MOVE
2017-11-28,44.93000030517578,MOVE
2017-11-29,45.540000915527344,MOVE
2017-11-30,46.83000183105469,MOVE
2017-12-01,50.16999816894531,MOVE
2017-12-04,48.7599983215332,MOVE
2017-12-05,49.2400016784668,MOVE
2017-12-06,49.31999969482422,MOVE
2017-12-07,49.2400016784668,MOVE
2017-12-08,47.4900016784668,MOVE
2017-12-11,46.56999969482422,MOVE
2017-12-12,46.75,MOVE
2017-12-13,45.029998779296875,MOVE
2017-12-14,44.84000015258789,MOVE
2017-12-15,46.43000030517578,MOVE
2017-12-18,46.72999954223633,MOVE
2017-12-19,48.959999084472656,MOVE
2017-12-20,49.95000076293945,MOVE
2017-12-21,51.599998474121094,MOVE
2017-12-22,50.380001068115234,MOVE
2017-12-26,48.81999969482422,MOVE
2017-12-27,47.72999954223633,MOVE
2017-12-28,46.189998626708984,MOVE
2017-12-29,46.599998474121094,MOVE
2018-01-02,49.16999816894531,MOVE
2018-01-03,47.599998474121094,MOVE
2018-01-04,47.380001068115234,MOVE
2018-01-05,46.06999969482422,MOVE
2018-01-08,45.900001525878906,MOVE
2018-01-09,47.290000915527344,MOVE
2018-01-10,49.16999816894531,MOVE
2018-01-11,48.189998626708984,MOVE
2018-01-12,47.61000061035156,MOVE
2018-01-16,45.90999984741211,MOVE
2018-01-17,45.880001068115234,MOVE
2018-01-18,48.54999923706055,MOVE
2018-01-22,52.599998474121094,MOVE
2018-01-23,52.54999923706055,MOVE
2018-01-24,54.11000061035156,MOVE
2018-01-25,53.380001068115234,MOVE
2018-01-26,55.630001068115234,MOVE
2018-01-29,55.97999954223633,MOVE
2018-01-30,57.279998779296875,MOVE
2018-01-31,57.20000076293945,MOVE
2018-02-01,57.83000183105469,MOVE
2018-02-02,60.33000183105469,MOVE
2018-02-05,60.40999984741211,MOVE
2018-02-07,66.06999969482422,MOVE
2018-02-08,67.8499984741211,MOVE
2018-02-12,69.86000061035156,MOVE
2018-02-13,68.97000122070312,MOVE
2018-02-14,69.5199966430664,MOVE
2018-02-15,66.68000030517578,MOVE
2018-02-16,63.029998779296875,MOVE
2018-02-20,60.2599983215332,MOVE
2018-02-21,61.15999984741211,MOVE
2018-02-22,61.13999938964844,MOVE
2018-02-23,64.5999984741211,MOVE
2018-02-26,63.720001220703125,MOVE
2018-02-27,63.93000030517578,MOVE
2018-02-28,62.970001220703125,MOVE
2018-03-01,63.65999984741211,MOVE
2018-03-02,65.30000305175781,MOVE
2018-03-05,64.70999908447266,MOVE
2018-03-06,63.5,MOVE
2018-03-07,63.349998474121094,MOVE
2018-03-08,61.58000183105469,MOVE
2018-03-09,58.970001220703125,MOVE
2018-03-12,58.290000915527344,MOVE
2018-03-13,55.06999969482422,MOVE
2018-03-14,57.849998474121094,MOVE
2018-03-15,57.709999084472656,MOVE
2018-03-16,59.0099983215332,MOVE
2018-03-19,59.97999954223633,MOVE
2018-03-20,57.88999938964844,MOVE
2018-03-21,55.720001220703125,MOVE
2018-03-22,55.93000030517578,MOVE
2018-03-23,56.16999816894531,MOVE
2018-03-26,54.54999923706055,MOVE
2018-03-27,56.27000045776367,MOVE
2018-03-28,58.349998474121094,MOVE
2018-03-29,58.540000915527344,MOVE
2018-04-02,58.65999984741211,MOVE
2018-04-03,56.02000045776367,MOVE
2018-04-04,55.349998474121094,MOVE
2018-04-05,53.720001220703125,MOVE
2018-04-06,56.06999969482422,MOVE
2018-04-09,52.5099983215332,MOVE
2018-04-10,51.43000030517578,MOVE
2018-04-11,50.5,MOVE
2018-04-12,51.4900016784668,MOVE
2018-04-13,51.13999938964844,MOVE
2018-04-16,49.7400016784668,MOVE
2018-04-17,48.34000015258789,MOVE
2018-04-18,50.0,MOVE
2018-04-19,51.099998474121094,MOVE
2018-04-20,52.709999084472656,MOVE
2018-04-23,52.790000915527344,MOVE
2018-04-24,53.0,MOVE
2018-04-25,55.20000076293945,MOVE
2018-04-26,53.13999938964844,MOVE
2018-04-27,51.27000045776367,MOVE
2018-04-30,50.349998474121094,MOVE
2018-05-01,51.779998779296875,MOVE
2018-05-02,49.04999923706055,MOVE
2018-05-03,49.43000030517578,MOVE
2018-05-07,48.02000045776367,MOVE
2018-05-08,48.81999969482422,MOVE
2018-05-09,49.369998931884766,MOVE
2018-05-10,47.810001373291016,MOVE
2018-05-11,47.060001373291016,MOVE
2018-05-14,48.34000015258789,MOVE
2018-05-15,52.65999984741211,MOVE
2018-05-16,55.130001068115234,MOVE
2018-05-17,54.189998626708984,MOVE
2018-05-18,53.2599983215332,MOVE
2018-05-21,53.08000183105469,MOVE
2018-05-22,52.56999969482422,MOVE
2018-05-23,53.27000045776367,MOVE
2018-05-24,52.15999984741211,MOVE
2018-05-25,54.099998474121094,MOVE
2018-05-29,63.0,MOVE
2018-05-30,61.86000061035156,MOVE
2018-05-31,60.540000915527344,MOVE
2018-06-01,56.939998626708984,MOVE
2018-06-04,54.29999923706055,MOVE
2018-06-05,54.459999084472656,MOVE
2018-06-06,56.439998626708984,MOVE
2018-06-07,56.58000183105469,MOVE
2018-06-08,59.56999969482422,MOVE
2018-06-11,57.83000183105469,MOVE
2018-06-12,55.959999084472656,MOVE
2018-06-13,53.790000915527344,MOVE
2018-06-14,52.5,MOVE
2018-06-15,53.08000183105469,MOVE
2018-06-18,52.33000183105469,MOVE
2018-06-19,52.400001525878906,MOVE
2018-06-20,51.91999816894531,MOVE
2018-06-21,53.09000015258789,MOVE
2018-06-22,53.029998779296875,MOVE
2018-06-25,53.040000915527344,MOVE
2018-06-26,51.29999923706055,MOVE
2018-06-27,53.04999923706055,MOVE
2018-06-28,52.130001068115234,MOVE
2018-06-29,51.16999816894531,MOVE
2018-07-02,50.25,MOVE
2018-07-03,51.220001220703125,MOVE
2018-07-05,51.459999084472656,MOVE
2018-07-06,50.130001068115234,MOVE
2018-07-09,49.689998626708984,MOVE
2018-07-10,49.810001373291016,MOVE
2018-07-11,50.47999954223633,MOVE
2018-07-12,48.56999969482422,MOVE
2018-07-13,48.279998779296875,MOVE
2018-07-16,47.790000915527344,MOVE
2018-07-17,46.63999938964844,MOVE
2018-07-18,45.2599983215332,MOVE
2018-07-19,47.11000061035156,MOVE
2018-07-20,49.04999923706055,MOVE
2018-07-23,51.5099983215332,MOVE
2018-07-24,50.310001373291016,MOVE
2018-07-25,48.290000915527344,MOVE
2018-07-26,49.27000045776367,MOVE
2018-07-27,48.83000183105469,MOVE
2018-07-30,49.41999816894531,MOVE
2018-07-31,46.5,MOVE
2018-08-01,48.380001068115234,MOVE
2018-08-02,48.0,MOVE
2018-08-03,47.66999816894531,MOVE
2018-08-06,46.86000061035156,MOVE
2018-08-07,47.150001525878906,MOVE
2018-08-08,46.84000015258789,MOVE
2018-08-09,47.349998474121094,MOVE
2018-08-10,50.630001068115234,MOVE
2018-08-13,50.77000045776367,MOVE
2018-08-14,49.84000015258789,MOVE
2018-08-15,51.52000045776367,MOVE
2018-08-16,50.61000061035156,MOVE
2018-08-17,50.689998626708984,MOVE
2018-08-20,50.970001220703125,MOVE
2018-08-21,50.31999969482422,MOVE
2018-08-22,49.63999938964844,MOVE
2018-08-23,49.20000076293945,MOVE
2018-08-24,49.15999984741211,MOVE
2018-08-27,49.380001068115234,MOVE
2018-08-28,49.95000076293945,MOVE
2018-08-29,49.099998474121094,MOVE
2018-08-30,50.40999984741211,MOVE
2018-08-31,50.709999084472656,MOVE
2018-09-04,49.56999969482422,MOVE
2018-09-05,48.400001525878906,MOVE
2018-09-06,48.650001525878906,MOVE
2018-09-07,49.43000030517578,MOVE
2018-09-10,47.689998626708984,MOVE
2018-09-11,47.970001220703125,MOVE
2018-09-12,46.790000915527344,MOVE
2018-09-13,46.060001373291016,MOVE
2018-09-14,47.45000076293945,MOVE
2018-09-17,46.810001373291016,MOVE
2018-09-18,47.970001220703125,MOVE
2018-09-19,48.790000915527344,MOVE
2018-09-20,49.34000015258789,MOVE
2018-09-21,48.83000183105469,MOVE
2018-09-24,48.310001373291016,MOVE
2018-09-25,49.380001068115234,MOVE
2018-09-26,47.439998626708984,MOVE
2018-09-27,45.709999084472656,MOVE
2018-09-28,46.15999984741211,MOVE
2018-10-01,44.279998779296875,MOVE
2018-10-02,45.349998474121094,MOVE
2018-10-03,50.209999084472656,MOVE
2018-10-04,55.06999969482422,MOVE
2018-10-05,55.189998626708984,MOVE
2018-10-09,53.45000076293945,MOVE
2018-10-10,55.70000076293945,MOVE
2018-10-11,56.06999969482422,MOVE
2018-10-12,54.369998931884766,MOVE
2018-10-15,51.25,MOVE
2018-10-16,50.18000030517578,MOVE
2018-10-17,48.9900016784668,MOVE
2018-10-18,52.63999938964844,MOVE
2018-10-19,52.040000915527344,MOVE
2018-10-22,51.849998474121094,MOVE
2018-10-23,55.0099983215332,MOVE
2018-10-24,57.689998626708984,MOVE
2018-10-25,56.70000076293945,MOVE
2018-10-26,62.70000076293945,MOVE
2018-10-29,59.77000045776367,MOVE
2018-10-30,61.790000915527344,MOVE
2018-10-31,60.130001068115234,MOVE
2018-11-01,58.540000915527344,MOVE
2018-11-02,61.41999816894531,MOVE
2018-11-05,59.900001525878906,MOVE
2018-11-06,59.0099983215332,MOVE
2018-11-08,51.58000183105469,MOVE
2018-11-09,53.540000915527344,MOVE
2018-11-13,52.22999954223633,MOVE
2018-11-14,53.900001525878906,MOVE
2018-11-15,56.220001220703125,MOVE
2018-11-16,60.43000030517578,MOVE
2018-11-19,59.470001220703125,MOVE
2018-11-20,59.4900016784668,MOVE
2018-11-21,57.650001525878906,MOVE
2018-11-23,57.310001373291016,MOVE
2018-11-26,51.529998779296875,MOVE
2018-11-27,51.2400016784668,MOVE
2018-11-28,50.7599983215332,MOVE
2018-11-29,50.91999816894531,MOVE
2018-11-30,52.43000030517578,MOVE
2018-12-03,50.310001373291016,MOVE
2018-12-04,53.86000061035156,MOVE
2018-12-07,60.7400016784668,MOVE
2018-12-10,60.2599983215332,MOVE
2018-12-11,58.72999954223633,MOVE
2018-12-12,58.22999954223633,MOVE
2018-12-13,55.75,MOVE
2018-12-14,56.130001068115234,MOVE
2018-12-17,55.40999984741211,MOVE
2018-12-18,59.400001525878906,MOVE
2018-12-19,59.0099983215332,MOVE
2018-12-20,58.7599983215332,MOVE
2018-12-21,61.61000061035156,MOVE
2018-12-24,66.04000091552734,MOVE
2018-12-26,63.88999938964844,MOVE
2018-12-27,68.33999633789062,MOVE
2018-12-28,66.66000366210938,MOVE
2018-12-31,66.58000183105469,MOVE
2019-01-02,62.79999923706055,MOVE
2019-01-03,65.79000091552734,MOVE
2019-01-04,65.81999969482422,MOVE
2019-01-07,60.880001068115234,MOVE
2019-01-08,59.04999923706055,MOVE
2019-01-09,57.02000045776367,MOVE
2019-01-10,56.650001525878906,MOVE
2019-01-11,55.939998626708984,MOVE
2019-01-14,55.34000015258789,MOVE
2019-01-15,53.0099983215332,MOVE
2019-01-16,51.95000076293945,MOVE
2019-01-17,53.439998626708984,MOVE
2019-01-18,53.779998779296875,MOVE
2019-01-22,54.63999938964844,MOVE
2019-01-23,54.189998626708984,MOVE
2019-01-24,54.18000030517578,MOVE
2019-01-25,52.5,MOVE
2019-01-28,50.95000076293945,MOVE
2019-01-29,49.79999923706055,MOVE
2019-01-30,48.31999969482422,MOVE
2019-01-31,49.810001373291016,MOVE
2019-02-01,48.790000915527344,MOVE
2019-02-04,48.869998931884766,MOVE
2019-02-05,48.619998931884766,MOVE
2019-02-06,47.439998626708984,MOVE
2019-02-07,48.970001220703125,MOVE
2019-02-08,49.630001068115234,MOVE
2019-02-11,48.31999969482422,MOVE
2019-02-12,49.02000045776367,MOVE
2019-02-13,48.16999816894531,MOVE
2019-02-14,47.189998626708984,MOVE
2019-02-15,45.72999954223633,MOVE
2019-02-19,45.060001373291016,MOVE
2019-02-20,44.540000915527344,MOVE
2019-02-21,46.54999923706055,MOVE
2019-02-22,47.220001220703125,MOVE
2019-02-25,46.15999984741211,MOVE
2019-02-26,46.279998779296875,MOVE
2019-02-28,47.220001220703125,MOVE
2019-03-01,47.900001525878906,MOVE
2019-03-04,46.7400016784668,MOVE
2019-03-05,45.86000061035156,MOVE
2019-03-06,45.630001068115234,MOVE
2019-03-07,45.83000183105469,MOVE
2019-03-08,45.83000183105469,MOVE
2019-03-11,44.84000015258789,MOVE
2019-03-12,44.86000061035156,MOVE
2019-03-13,44.56999969482422,MOVE
2019-03-14,45.2400016784668,MOVE
2019-03-15,46.04999923706055,MOVE
2019-03-18,44.95000076293945,MOVE
2019-03-19,43.68000030517578,MOVE
2019-03-20,42.529998779296875,MOVE
2019-03-21,44.5099983215332,MOVE
2019-03-22,52.2599983215332,MOVE
2019-03-25,57.11000061035156,MOVE
2019-03-26,56.5099983215332,MOVE
2019-03-27,60.970001220703125,MOVE
2019-03-28,59.93000030517578,MOVE
2019-03-29,58.54999923706055,MOVE
2019-04-01,52.689998626708984,MOVE
2019-04-02,54.209999084472656,MOVE
2019-04-03,53.84000015258789,MOVE
2019-04-04,51.70000076293945,MOVE
2019-04-05,49.220001220703125,MOVE
2019-04-08,47.88999938964844,MOVE
2019-04-09,48.83000183105469,MOVE
2019-04-10,48.599998474121094,MOVE
2019-04-11,46.900001525878906,MOVE
2019-04-12,48.84000015258789,MOVE
2019-04-15,47.63999938964844,MOVE
2019-04-16,48.310001373291016,MOVE
2019-04-17,48.650001525878906,MOVE
2019-04-18,49.22999954223633,MOVE
2019-04-22,48.779998779296875,MOVE
2019-04-23,49.790000915527344,MOVE
2019-04-24,50.52000045776367,MOVE
2019-04-25,49.790000915527344,MOVE
2019-04-26,49.43000030517578,MOVE
2019-04-29,48.04999923706055,MOVE
2019-04-30,49.470001220703125,MOVE
2019-05-01,46.75,MOVE
2019-05-02,46.720001220703125,MOVE
2019-05-03,45.779998779296875,MOVE
2019-05-06,47.81999969482422,MOVE
2019-05-07,52.36000061035156,MOVE
2019-05-08,51.310001373291016,MOVE
2019-05-09,54.720001220703125,MOVE
2019-05-10,53.4900016784668,MOVE
2019-05-13,57.88999938964844,MOVE
2019-05-14,55.349998474121094,MOVE
2019-05-15,57.400001525878906,MOVE
2019-05-16,56.97999954223633,MOVE
2019-05-17,56.970001220703125,MOVE
2019-05-20,56.54999923706055,MOVE
2019-05-21,55.349998474121094,MOVE
2019-05-22,54.959999084472656,MOVE
2019-05-23,61.06999969482422,MOVE
2019-05-24,60.540000915527344,MOVE
2019-05-28,61.77000045776367,MOVE
2019-05-29,63.15999984741211,MOVE
2019-05-30,61.7400016784668,MOVE
2019-05-31,72.68000030517578,MOVE
2019-06-03,73.55999755859375,MOVE
2019-06-04,75.26000213623047,MOVE
2019-06-05,77.63999938964844,MOVE
2019-06-06,73.41999816894531,MOVE
2019-06-07,68.69000244140625,MOVE
2019-06-10,65.62000274658203,MOVE
2019-06-11,64.93000030517578,MOVE
2019-06-12,68.43000030517578,MOVE
2019-06-13,75.73999786376953,MOVE
2019-06-14,80.81999969482422,MOVE
2019-06-17,76.87999725341797,MOVE
2019-06-18,76.73999786376953,MOVE
2019-06-19,71.37000274658203,MOVE
2019-06-20,72.37000274658203,MOVE
2019-06-21,74.62999725341797,MOVE
2019-06-24,73.76000213623047,MOVE
2019-06-25,74.22000122070312,MOVE
2019-06-26,73.7300033569336,MOVE
2019-06-27,69.91999816894531,MOVE
2019-06-28,70.43000030517578,MOVE
2019-07-01,66.52999877929688,MOVE
2019-07-02,68.5999984741211,MOVE
2019-07-03,68.33000183105469,MOVE
2019-07-05,65.27999877929688,MOVE
2019-07-08,63.220001220703125,MOVE
2019-07-09,62.900001525878906,MOVE
2019-07-10,62.38999938964844,MOVE
2019-07-11,62.959999084472656,MOVE
2019-07-12,62.779998779296875,MOVE
2019-07-15,61.900001525878906,MOVE
2019-07-16,61.290000915527344,MOVE
2019-07-17,62.290000915527344,MOVE
2019-07-18,63.119998931884766,MOVE
2019-07-19,63.86000061035156,MOVE
2019-07-22,60.970001220703125,MOVE
2019-07-23,61.22999954223633,MOVE
2019-07-24,60.709999084472656,MOVE
2019-07-25,60.9900016784668,MOVE
2019-07-26,58.900001525878906,MOVE
2019-07-29,58.54999923706055,MOVE
2019-07-30,57.84000015258789,MOVE
2019-07-31,55.25,MOVE
2019-08-01,64.68000030517578,MOVE
2019-08-02,66.11000061035156,MOVE
2019-08-05,77.23999786376953,MOVE
2019-08-06,73.91999816894531,MOVE
2019-08-07,79.08000183105469,MOVE
2019-08-08,78.55000305175781,MOVE
2019-08-09,78.97000122070312,MOVE
2019-08-12,81.58000183105469,MOVE
2019-08-13,77.69999694824219,MOVE
2019-08-14,87.22000122070312,MOVE
2019-08-15,90.62000274658203,MOVE
2019-08-16,89.5199966430664,MOVE
2019-08-19,86.48999786376953,MOVE
2019-08-20,86.86000061035156,MOVE
2019-08-21,84.51000213623047,MOVE
2019-08-22,83.1500015258789,MOVE
2019-08-23,91.81999969482422,MOVE
2019-08-26,87.9800033569336,MOVE
2019-08-27,88.66999816894531,MOVE
2019-08-28,89.87000274658203,MOVE
2019-08-29,86.94000244140625,MOVE
2019-08-30,86.88999938964844,MOVE
2019-09-03,85.2699966430664,MOVE
2019-09-04,81.5999984741211,MOVE
2019-09-05,79.91999816894531,MOVE
2019-09-06,78.81999969482422,MOVE
2019-09-09,76.44000244140625,MOVE
2019-09-10,76.77999877929688,MOVE
2019-09-11,76.69999694824219,MOVE
2019-09-12,77.56999969482422,MOVE
2019-09-13,85.52999877929688,MOVE
2019-09-16,85.94999694824219,MOVE
2019-09-17,84.76000213623047,MOVE
2019-09-18,79.66000366210938,MOVE
2019-09-19,78.13999938964844,MOVE
2019-09-20,80.06999969482422,MOVE
2019-09-23,81.01000213623047,MOVE
2019-09-24,83.06999969482422,MOVE
2019-09-25,80.22000122070312,MOVE
2019-09-26,79.87000274658203,MOVE
2019-09-27,79.97000122070312,MOVE
2019-09-30,77.19999694824219,MOVE
2019-10-01,85.61000061035156,MOVE
2019-10-02,89.38999938964844,MOVE
2019-10-03,87.94000244140625,MOVE
2019-10-04,83.1500015258789,MOVE
2019-10-07,81.86000061035156,MOVE
2019-10-08,80.47000122070312,MOVE
2019-10-09,79.30999755859375,MOVE
2019-10-10,80.13999938964844,MOVE
2019-10-11,79.86000061035156,MOVE
2019-10-15,80.05999755859375,MOVE
2019-10-16,77.94000244140625,MOVE
2019-10-17,77.61000061035156,MOVE
2019-10-18,78.3499984741211,MOVE
2019-10-21,80.25,MOVE
2019-10-22,78.7300033569336,MOVE
2019-10-23,73.02999877929688,MOVE
2019-10-24,68.97000122070312,MOVE
2019-10-25,67.06999969482422,MOVE
2019-10-28,67.41000366210938,MOVE
2019-10-29,67.61000061035156,MOVE
2019-10-30,63.31999969482422,MOVE
2019-10-31,65.87999725341797,MOVE
2019-11-01,57.279998779296875,MOVE
2019-11-04,60.18000030517578,MOVE
2019-11-05,61.47999954223633,MOVE
2019-11-06,61.72999954223633,MOVE
2019-11-07,67.08000183105469,MOVE
2019-11-08,64.44000244140625,MOVE
2019-11-11,64.44000244140625,MOVE
2019-11-12,69.81999969482422,MOVE
2019-11-13,66.0999984741211,MOVE
2019-11-14,64.16999816894531,MOVE
2019-11-15,61.70000076293945,MOVE
2019-11-18,64.12999725341797,MOVE
2019-11-19,62.63999938964844,MOVE
2019-11-20,65.58000183105469,MOVE
2019-11-21,61.83000183105469,MOVE
2019-11-22,62.16999816894531,MOVE
2019-11-25,61.54999923706055,MOVE
2019-11-26,60.38999938964844,MOVE
2019-11-27,57.619998931884766,MOVE
2019-11-29,56.56999969482422,MOVE
2019-12-02,59.41999816894531,MOVE
2019-12-03,64.62000274658203,MOVE
2019-12-04,63.0099983215332,MOVE
2019-12-05,63.72999954223633,MOVE
2019-12-06,64.06999969482422,MOVE
2019-12-09,67.29000091552734,MOVE
2019-12-10,67.08999633789062,MOVE
2019-12-11,61.29999923706055,MOVE
2019-12-12,61.630001068115234,MOVE
2019-12-13,56.439998626708984,MOVE
2019-12-16,56.130001068115234,MOVE
2019-12-17,55.380001068115234,MOVE
2019-12-18,53.40999984741211,MOVE
2019-12-19,53.70000076293945,MOVE
2019-12-20,54.189998626708984,MOVE
2019-12-23,55.310001373291016,MOVE
2019-12-24,58.31999969482422,MOVE
2019-12-26,56.41999816894531,MOVE
2019-12-27,55.29999923706055,MOVE
2019-12-30,59.630001068115234,MOVE
2019-12-31,58.279998779296875,MOVE
2020-01-02,57.20000076293945,MOVE
2020-01-03,60.119998931884766,MOVE
2020-01-06,62.790000915527344,MOVE
2020-01-07,62.630001068115234,MOVE
2020-01-08,60.4900016784668,MOVE
2020-01-09,57.65999984741211,MOVE
2020-01-10,53.31999969482422,MOVE
2020-01-13,53.27000045776367,MOVE
2020-01-14,52.349998474121094,MOVE
2020-01-15,50.540000915527344,MOVE
2020-01-16,50.369998931884766,MOVE
2020-01-17,49.66999816894531,MOVE
2020-01-21,53.41999816894531,MOVE
2020-01-22,51.310001373291016,MOVE
2020-01-23,55.34000015258789,MOVE
2020-01-24,59.939998626708984,MOVE
2020-01-27,66.7300033569336,MOVE
2020-01-28,65.5999984741211,MOVE
2020-01-29,66.16999816894531,MOVE
2020-01-30,71.06999969482422,MOVE
2020-01-31,72.9800033569336,MOVE
2020-02-03,72.80999755859375,MOVE
2020-02-04,68.16999816894531,MOVE
2020-02-05,64.06999969482422,MOVE
2020-02-06,61.2400016784668,MOVE
2020-02-07,65.58999633789062,MOVE
2020-02-10,68.12999725341797,MOVE
2020-02-11,64.88999938964844,MOVE
2020-02-12,63.52000045776367,MOVE
2020-02-13,63.5099983215332,MOVE
2020-02-14,62.380001068115234,MOVE
2020-02-18,67.66000366210938,MOVE
2020-02-19,68.04000091552734,MOVE
2020-02-20,69.5999984741211,MOVE
2020-02-21,74.54000091552734,MOVE
2020-02-24,86.91999816894531,MOVE
2020-02-25,87.37999725341797,MOVE
2020-02-26,87.0,MOVE
2020-02-27,92.58999633789062,MOVE
2020-02-28,109.66999816894531,MOVE
2020-03-02,104.88999938964844,MOVE
2020-03-03,102.97000122070312,MOVE
2020-03-04,89.58999633789062,MOVE
2020-03-05,96.95999908447266,MOVE
2020-03-06,125.20999908447266,MOVE
2020-03-09,163.6999969482422,MOVE
2020-03-10,123.72000122070312,MOVE
2020-03-11,127.83999633789062,MOVE
2020-03-12,152.6199951171875,MOVE
2020-03-13,138.39999389648438,MOVE
2020-03-16,124.52999877929688,MOVE
2020-03-17,109.8499984741211,MOVE
2020-03-18,124.13999938964844,MOVE
2020-03-19,141.1300048828125,MOVE
2020-03-20,133.3699951171875,MOVE
2020-03-23,135.3800048828125,MOVE
2020-03-24,111.08999633789062,MOVE
2020-03-25,87.13999938964844,MOVE
2020-03-26,88.4800033569336,MOVE
2020-03-27,88.33000183105469,MOVE
2020-03-30,90.69999694824219,MOVE
2020-03-31,83.87000274658203,MOVE
2020-04-01,83.12999725341797,MOVE
2020-04-02,71.98999786376953,MOVE
2020-04-03,65.01000213623047,MOVE
2020-04-06,66.27999877929688,MOVE
2020-04-07,72.20999908447266,MOVE
2020-04-08,75.70999908447266,MOVE
2020-04-09,74.38999938964844,MOVE
2020-04-13,75.8499984741211,MOVE
2020-04-14,69.5199966430664,MOVE
2020-04-15,70.5,MOVE
2020-04-16,69.93000030517578,MOVE
2020-04-17,69.83999633789062,MOVE
2020-04-20,70.5999984741211,MOVE
2020-04-21,73.83000183105469,MOVE
2020-04-22,72.29000091552734,MOVE
2020-04-23,67.25,MOVE
2020-04-24,66.08999633789062,MOVE
2020-04-27,62.70000076293945,MOVE
2020-04-28,58.88999938964844,MOVE
2020-04-29,57.150001525878906,MOVE
2020-04-30,53.59000015258789,MOVE
2020-05-01,48.11000061035156,MOVE
2020-05-04,49.25,MOVE
2020-05-05,49.650001525878906,MOVE
2020-05-06,51.310001373291016,MOVE
2020-05-07,54.93000030517578,MOVE
2020-05-08,57.400001525878906,MOVE
2020-05-11,61.599998474121094,MOVE
2020-05-12,61.2599983215332,MOVE
2020-05-13,57.560001373291016,MOVE
2020-05-14,59.04999923706055,MOVE
2020-05-15,56.529998779296875,MOVE
2020-05-18,58.70000076293945,MOVE
2020-05-19,60.09000015258789,MOVE
2020-05-20,58.849998474121094,MOVE
2020-05-21,55.619998931884766,MOVE
2020-05-22,51.66999816894531,MOVE
2020-05-26,52.220001220703125,MOVE
2020-05-27,52.97999954223633,MOVE
2020-05-28,50.56999969482422,MOVE
2020-05-29,51.54999923706055,MOVE
2020-06-01,55.06999969482422,MOVE
2020-06-02,55.349998474121094,MOVE
2020-06-03,61.2400016784668,MOVE
2020-06-04,61.18000030517578,MOVE
2020-06-05,61.970001220703125,MOVE
2020-06-08,62.77000045776367,MOVE
2020-06-09,62.939998626708984,MOVE
2020-06-10,60.02000045776367,MOVE
2020-06-11,56.470001220703125,MOVE
2020-06-12,55.810001373291016,MOVE
2020-06-15,58.09000015258789,MOVE
2020-06-16,60.4900016784668,MOVE
2020-06-17,58.15999984741211,MOVE
2020-06-18,55.150001525878906,MOVE
2020-06-19,53.45000076293945,MOVE
2020-06-22,53.93000030517578,MOVE
2020-06-23,54.040000915527344,MOVE
2020-06-24,54.88999938964844,MOVE
2020-06-25,51.56999969482422,MOVE
2020-06-26,51.209999084472656,MOVE
2020-06-29,52.959999084472656,MOVE
2020-06-30,54.130001068115234,MOVE
2020-07-01,53.279998779296875,MOVE
2020-07-02,50.959999084472656,MOVE
2020-07-06,52.029998779296875,MOVE
2020-07-07,50.97999954223633,MOVE
2020-07-08,49.79999923706055,MOVE
2020-07-09,50.06999969482422,MOVE
2020-07-10,49.189998626708984,MOVE
2020-07-13,49.54999923706055,MOVE
2020-07-14,50.810001373291016,MOVE
2020-07-15,47.08000183105469,MOVE
2020-07-16,46.43000030517578,MOVE
2020-07-17,45.68000030517578,MOVE
2020-07-20,46.81999969482422,MOVE
2020-07-21,46.45000076293945,MOVE
2020-07-22,45.31999969482422,MOVE
2020-07-23,43.93000030517578,MOVE
2020-07-24,42.47999954223633,MOVE
2020-07-27,42.61000061035156,MOVE
2020-07-28,41.27000045776367,MOVE
2020-07-29,41.630001068115234,MOVE
2020-07-30,40.65999984741211,MOVE
2020-07-31,41.97999954223633,MOVE
2020-08-03,43.130001068115234,MOVE
2020-08-04,44.11000061035156,MOVE
2020-08-05,41.75,MOVE
2020-08-06,42.599998474121094,MOVE
2020-08-07,41.459999084472656,MOVE
2020-08-10,42.209999084472656,MOVE
2020-08-11,45.2599983215332,MOVE
2020-08-12,44.22999954223633,MOVE
2020-08-13,45.08000183105469,MOVE
2020-08-14,43.09000015258789,MOVE
2020-08-17,45.810001373291016,MOVE
2020-08-18,46.060001373291016,MOVE
2020-08-19,44.599998474121094,MOVE
2020-08-20,44.58000183105469,MOVE
2020-08-21,45.13999938964844,MOVE
2020-08-24,46.33000183105469,MOVE
2020-08-25,47.88999938964844,MOVE
2020-08-26,47.9900016784668,MOVE
2020-08-27,49.290000915527344,MOVE
2020-08-28,48.189998626708984,MOVE
2020-08-31,47.02000045776367,MOVE
2020-09-01,44.29999923706055,MOVE
2020-09-02,44.86000061035156,MOVE
2020-09-03,45.7599983215332,MOVE
2020-09-04,47.040000915527344,MOVE
2020-09-08,50.68000030517578,MOVE
2020-09-09,48.81999969482422,MOVE
2020-09-10,45.209999084472656,MOVE
2020-09-11,43.119998931884766,MOVE
2020-09-14,44.209999084472656,MOVE
2020-09-15,43.060001373291016,MOVE
2020-09-16,42.43000030517578,MOVE
2020-09-17,38.45000076293945,MOVE
2020-09-18,37.2400016784668,MOVE
2020-09-21,38.630001068115234,MOVE
2020-09-22,39.349998474121094,MOVE
2020-09-23,38.630001068115234,MOVE
2020-09-24,37.220001220703125,MOVE
2020-09-25,36.970001220703125,MOVE
2020-09-28,37.400001525878906,MOVE
2020-09-29,36.619998931884766,MOVE
2020-09-30,39.209999084472656,MOVE
2020-10-01,38.650001525878906,MOVE
2020-10-02,39.970001220703125,MOVE
2020-10-05,39.810001373291016,MOVE
2020-10-06,57.75,MOVE
2020-10-07,56.97999954223633,MOVE
2020-10-08,57.310001373291016,MOVE
2020-10-09,57.52000045776367,MOVE
2020-10-13,55.59000015258789,MOVE
2020-10-14,53.5,MOVE
2020-10-15,55.619998931884766,MOVE
2020-10-16,57.25,MOVE
2020-10-19,61.15999984741211,MOVE
2020-10-20,60.41999816894531,MOVE
2020-10-21,59.06999969482422,MOVE
2020-10-22,59.72999954223633,MOVE
2020-10-23,58.459999084472656,MOVE
2020-10-26,58.95000076293945,MOVE
2020-10-27,57.880001068115234,MOVE
2020-10-28,57.130001068115234,MOVE
2020-10-29,61.29999923706055,MOVE
2020-10-30,61.90999984741211,MOVE
2020-11-02,63.560001373291016,MOVE
2020-11-03,64.37000274658203,MOVE
2020-11-04,47.7400016784668,MOVE
2020-11-05,43.7599983215332,MOVE
2020-11-06,39.880001068115234,MOVE
2020-11-09,44.939998626708984,MOVE
2020-11-10,46.189998626708984,MOVE
2020-11-12,44.16999816894531,MOVE
2020-11-13,42.95000076293945,MOVE
2020-11-16,42.4900016784668,MOVE
2020-11-17,43.08000183105469,MOVE
2020-11-18,43.619998931884766,MOVE
2020-11-19,43.529998779296875,MOVE
2020-11-20,42.310001373291016,MOVE
2020-11-23,43.040000915527344,MOVE
2020-11-24,42.380001068115234,MOVE
2020-11-25,39.619998931884766,MOVE
2020-11-27,39.63999938964844,MOVE
2020-11-30,40.84000015258789,MOVE
2020-12-01,41.529998779296875,MOVE
2020-12-02,43.91999816894531,MOVE
2020-12-03,42.529998779296875,MOVE
2020-12-04,43.88999938964844,MOVE
2020-12-07,49.66999816894531,MOVE
2020-12-08,49.099998474121094,MOVE
2020-12-09,48.47999954223633,MOVE
2020-12-10,47.150001525878906,MOVE
2020-12-11,47.52000045776367,MOVE
2020-12-14,49.220001220703125,MOVE
2020-12-15,48.13999938964844,MOVE
2020-12-16,46.959999084472656,MOVE
2020-12-17,44.150001525878906,MOVE
2020-12-18,44.63999938964844,MOVE
2020-12-21,46.65999984741211,MOVE
2020-12-22,43.56999969482422,MOVE
2020-12-23,42.7400016784668,MOVE
2020-12-24,42.11000061035156,MOVE
2020-12-28,45.2599983215332,MOVE
2020-12-29,46.099998474121094,MOVE
2020-12-30,47.189998626708984,MOVE
2020-12-31,48.97999954223633,MOVE
2021-01-04,49.59000015258789,MOVE
2021-01-05,48.95000076293945,MOVE
2021-01-06,44.63999938964844,MOVE
2021-01-07,45.20000076293945,MOVE
2021-01-08,44.810001373291016,MOVE
2021-01-11,47.77000045776367,MOVE
2021-01-12,50.119998931884766,MOVE
2021-01-13,45.599998474121094,MOVE
2021-01-14,46.22999954223633,MOVE
2021-01-15,45.13999938964844,MOVE
2021-01-19,45.22999954223633,MOVE
2021-01-20,42.529998779296875,MOVE
2021-01-21,43.0099983215332,MOVE
2021-01-22,43.09000015258789,MOVE
2021-01-25,43.08000183105469,MOVE
2021-01-26,43.13999938964844,MOVE
2021-01-27,44.15999984741211,MOVE
2021-01-28,45.529998779296875,MOVE
2021-01-29,47.40999984741211,MOVE
2021-02-01,46.279998779296875,MOVE
2021-02-02,45.90999984741211,MOVE
2021-02-03,46.93000030517578,MOVE
2021-02-04,47.25,MOVE
2021-02-05,47.20000076293945,MOVE
2021-02-08,48.45000076293945,MOVE
2021-02-09,46.75,MOVE
2021-02-10,46.27000045776367,MOVE
2021-02-11,45.95000076293945,MOVE
2021-02-12,47.0099983215332,MOVE
2021-02-16,56.779998779296875,MOVE
2021-02-17,55.970001220703125,MOVE
2021-02-18,56.119998931884766,MOVE
2021-02-19,60.43000030517578,MOVE
2021-02-22,62.41999816894531,MOVE
2021-02-23,61.72999954223633,MOVE
2021-02-24,61.91999816894531,MOVE
2021-02-25,74.16000366210938,MOVE
2021-02-26,75.66000366210938,MOVE
2021-03-01,68.7300033569336,MOVE
2021-03-02,57.70000076293945,MOVE
2021-03-03,65.83000183105469,MOVE
2021-03-04,68.12999725341797,MOVE
2021-03-05,69.37000274658203,MOVE
2021-03-08,71.6500015258789,MOVE
2021-03-09,67.44000244140625,MOVE
2021-03-10,63.189998626708984,MOVE
2021-03-11,63.900001525878906,MOVE
2021-03-12,70.83000183105469,MOVE
2021-03-15,70.79000091552734,MOVE
2021-03-16,70.80999755859375,MOVE
2021-03-17,66.75,MOVE
2021-03-18,70.4800033569336,MOVE
2021-03-19,68.80000305175781,MOVE
2021-03-22,67.62000274658203,MOVE
2021-03-23,60.77000045776367,MOVE
2021-03-24,60.709999084472656,MOVE
2021-03-25,59.540000915527344,MOVE
2021-03-26,61.4900016784668,MOVE
2021-03-29,65.95999908447266,MOVE
2021-03-30,67.44000244140625,MOVE
2021-03-31,71.2699966430664,MOVE
2021-04-01,64.98999786376953,MOVE
2021-04-05,61.790000915527344,MOVE
2021-04-06,60.290000915527344,MOVE
2021-04-07,62.540000915527344,MOVE
2021-04-08,60.08000183105469,MOVE
2021-04-09,61.209999084472656,MOVE
2021-04-12,63.5,MOVE
2021-04-13,61.20000076293945,MOVE
2021-04-14,60.08000183105469,MOVE
2021-04-15,59.04999923706055,MOVE
2021-04-16,62.56999969482422,MOVE
2021-04-19,63.959999084472656,MOVE
2021-04-20,64.3499984741211,MOVE
2021-04-21,62.27000045776367,MOVE
2021-04-22,59.619998931884766,MOVE
2021-04-23,59.97999954223633,MOVE
2021-04-26,60.97999954223633,MOVE
2021-04-27,60.150001525878906,MOVE
2021-04-28,60.310001373291016,MOVE
2021-04-29,59.02000045776367,MOVE
2021-04-30,58.130001068115234,MOVE
2021-05-03,57.33000183105469,MOVE
2021-05-04,58.5099983215332,MOVE
2021-05-05,56.93000030517578,MOVE
2021-05-06,57.75,MOVE
2021-05-07,54.130001068115234,MOVE
2021-05-10,55.47999954223633,MOVE
2021-05-11,58.0099983215332,MOVE
2021-05-12,58.470001220703125,MOVE
2021-05-13,56.59000015258789,MOVE
2021-05-14,54.9900016784668,MOVE
2021-05-17,58.59000015258789,MOVE
2021-05-18,57.18000030517578,MOVE
2021-05-19,57.310001373291016,MOVE
2021-05-20,55.040000915527344,MOVE
2021-05-21,54.59000015258789,MOVE
2021-05-24,54.939998626708984,MOVE
2021-05-25,53.720001220703125,MOVE
2021-05-26,52.81999969482422,MOVE
2021-05-27,53.470001220703125,MOVE
2021-05-28,52.040000915527344,MOVE
2021-06-01,54.9900016784668,MOVE
2021-06-02,55.209999084472656,MOVE
2021-06-03,53.959999084472656,MOVE
2021-06-04,49.779998779296875,MOVE
2021-06-07,49.54999923706055,MOVE
2021-06-08,49.93000030517578,MOVE
2021-06-09,52.84000015258789,MOVE
2021-06-10,48.2599983215332,MOVE
2021-06-11,50.849998474121094,MOVE
2021-06-14,54.029998779296875,MOVE
2021-06-15,52.91999816894531,MOVE
2021-06-16,54.279998779296875,MOVE
2021-06-17,54.90999984741211,MOVE
2021-06-18,60.45000076293945,MOVE
2021-06-21,61.86000061035156,MOVE
2021-06-22,58.63999938964844,MOVE
2021-06-23,55.599998474121094,MOVE
2021-06-24,54.83000183105469,MOVE
2021-06-25,55.58000183105469,MOVE
2021-06-28,56.33000183105469,MOVE
2021-06-29,56.79999923706055,MOVE
2021-06-30,57.27000045776367,MOVE
2021-07-01,57.52000045776367,MOVE
2021-07-02,52.40999984741211,MOVE
2021-07-06,56.54999923706055,MOVE
2021-07-07,60.650001525878906,MOVE
2021-07-08,61.68000030517578,MOVE
2021-07-09,59.91999816894531,MOVE
2021-07-12,60.779998779296875,MOVE
2021-07-13,60.79999923706055,MOVE
2021-07-14,57.310001373291016,MOVE
2021-07-15,56.97999954223633,MOVE
2021-07-16,58.2400016784668,MOVE
2021-07-19,67.58000183105469,MOVE
2021-07-20,69.30999755859375,MOVE
2021-07-21,65.27999877929688,MOVE
2021-07-22,64.95999908447266,MOVE
2021-07-23,65.27999877929688,MOVE
2021-07-26,69.02999877929688,MOVE
2021-07-27,70.06999969482422,MOVE
2021-07-28,62.400001525878906,MOVE
2021-07-29,62.08000183105469,MOVE
2021-07-30,61.189998626708984,MOVE
2021-08-02,64.29000091552734,MOVE
2021-08-03,65.41999816894531,MOVE
2021-08-04,62.66999816894531,MOVE
2021-08-05,63.56999969482422,MOVE
2021-08-06,62.63999938964844,MOVE
2021-08-09,65.72000122070312,MOVE
2021-08-10,66.55000305175781,MOVE
2021-08-11,60.65999984741211,MOVE
2021-08-12,57.38999938964844,MOVE
2021-08-13,55.45000076293945,MOVE
2021-08-16,59.400001525878906,MOVE
2021-08-17,60.279998779296875,MOVE
2021-08-18,58.04999923706055,MOVE
2021-08-19,59.380001068115234,MOVE
2021-08-20,59.95000076293945,MOVE
2021-08-23,62.22999954223633,MOVE
2021-08-24,63.029998779296875,MOVE
2021-08-25,64.51000213623047,MOVE
2021-08-26,63.40999984741211,MOVE
2021-08-27,57.97999954223633,MOVE
2021-08-30,60.13999938964844,MOVE
2021-08-31,59.540000915527344,MOVE
2021-09-01,58.09000015258789,MOVE
2021-09-02,55.79999923706055,MOVE
2021-09-03,53.2599983215332,MOVE
2021-09-07,57.04999923706055,MOVE
2021-09-08,57.02000045776367,MOVE
2021-09-09,52.61000061035156,MOVE
2021-09-10,51.72999954223633,MOVE
2021-09-13,53.099998474121094,MOVE
2021-09-14,51.72999954223633,MOVE
2021-09-15,53.93000030517578,MOVE
2021-09-16,53.70000076293945,MOVE
2021-09-17,56.060001373291016,MOVE
2021-09-20,59.58000183105469,MOVE
2021-09-21,59.20000076293945,MOVE
2021-09-22,55.91999816894531,MOVE
2021-09-23,56.790000915527344,MOVE
2021-09-24,58.459999084472656,MOVE
2021-09-27,60.5,MOVE
2021-09-28,62.709999084472656,MOVE
2021-09-29,61.209999084472656,MOVE
2021-09-30,61.06999969482422,MOVE
2021-10-01,57.380001068115234,MOVE
2021-10-04,60.61000061035156,MOVE
2021-10-05,62.83000183105469,MOVE
2021-10-06,60.650001525878906,MOVE
2021-10-07,60.90999984741211,MOVE
2021-10-08,59.650001525878906,MOVE
2021-10-12,62.95000076293945,MOVE
2021-10-13,60.84000015258789,MOVE
2021-10-14,59.349998474121094,MOVE
2021-10-15,62.70000076293945,MOVE
2021-10-18,70.7699966430664,MOVE
2021-10-19,68.25,MOVE
2021-10-20,65.47000122070312,MOVE
2021-10-21,69.41999816894531,MOVE
2021-10-22,72.04000091552734,MOVE
2021-10-25,68.95999908447266,MOVE
2021-10-26,66.69999694824219,MOVE
2021-10-27,70.05999755859375,MOVE
2021-10-28,71.95999908447266,MOVE
2021-10-29,75.44999694824219,MOVE
2021-11-01,78.33999633789062,MOVE
2021-11-02,71.04000091552734,MOVE
2021-11-03,71.22000122070312,MOVE
2021-11-04,64.61000061035156,MOVE
2021-11-05,66.9000015258789,MOVE
2021-11-08,70.97000122070312,MOVE
2021-11-09,73.0199966430664,MOVE
2021-11-10,78.30999755859375,MOVE
2021-11-12,78.61000061035156,MOVE
2021-11-15,81.58999633789062,MOVE
2021-11-16,81.58000183105469,MOVE
2021-11-17,81.58000183105469,MOVE
2021-11-18,74.51000213623047,MOVE
2021-11-19,73.38999938964844,MOVE
2021-11-22,79.20999908447266,MOVE
2021-11-23,80.56999969482422,MOVE
2021-11-24,83.1500015258789,MOVE
2021-11-26,89.44999694824219,MOVE
2021-11-29,89.41000366210938,MOVE
2021-11-30,84.04000091552734,MOVE
2021-12-01,82.97000122070312,MOVE
2021-12-02,82.55000305175781,MOVE
2021-12-03,79.13999938964844,MOVE
2021-12-06,87.88999938964844,MOVE
2021-12-07,88.13999938964844,MOVE
2021-12-08,80.29000091552734,MOVE
2021-12-09,79.54000091552734,MOVE
2021-12-10,74.36000061035156,MOVE
2021-12-13,76.41000366210938,MOVE
2021-12-14,78.9800033569336,MOVE
2021-12-15,74.05999755859375,MOVE
2021-12-16,69.0999984741211,MOVE
2021-12-17,72.45999908447266,MOVE
2021-12-20,77.0199966430664,MOVE
2021-12-21,79.5199966430664,MOVE
2021-12-22,76.8499984741211,MOVE
2021-12-23,77.29000091552734,MOVE
2021-12-27,80.12000274658203,MOVE
2021-12-28,77.5199966430664,MOVE
2021-12-29,78.0,MOVE
2021-12-30,77.62000274658203,MOVE
2021-12-31,77.0999984741211,MOVE
2022-01-03,84.08000183105469,MOVE
2022-01-04,83.11000061035156,MOVE
2022-01-05,78.68000030517578,MOVE
2022-01-06,77.7300033569336,MOVE
2022-01-07,74.69000244140625,MOVE
2022-01-10,78.12000274658203,MOVE
2022-01-11,77.8499984741211,MOVE
2022-01-12,74.55000305175781,MOVE
2022-01-13,72.56999969482422,MOVE
2022-01-14,76.58999633789062,MOVE
2022-01-18,84.62999725341797,MOVE
2022-01-19,80.13999938964844,MOVE
2022-01-20,80.95999908447266,MOVE
2022-01-21,81.02999877929688,MOVE
2022-01-24,83.7699966430664,MOVE
2022-01-25,84.56999969482422,MOVE
2022-01-26,85.75,MOVE
2022-01-27,85.62000274658203,MOVE
2022-01-28,85.29000091552734,MOVE
2022-01-31,85.13999938964844,MOVE
2022-02-01,85.22000122070312,MOVE
2022-02-02,84.8499984741211,MOVE
2022-02-03,85.73999786376953,MOVE
2022-02-04,87.68000030517578,MOVE
2022-02-07,87.44000244140625,MOVE
2022-02-08,82.72000122070312,MOVE
2022-02-09,81.76000213623047,MOVE
2022-02-10,88.5199966430664,MOVE
2022-02-11,94.02999877929688,MOVE
2022-02-14,102.27999877929688,MOVE
2022-02-15,94.0,MOVE
2022-02-16,92.73999786376953,MOVE
2022-02-17,96.16999816894531,MOVE
2022-02-18,94.36000061035156,MOVE
2022-02-22,95.54000091552734,MOVE
2022-02-23,95.1500015258789,MOVE
2022-02-24,100.75,MOVE
2022-02-25,93.33999633789062,MOVE
2022-02-28,100.4000015258789,MOVE
2022-03-01,118.26000213623047,MOVE
2022-03-02,110.27999877929688,MOVE
2022-03-03,115.18000030517578,MOVE
2022-03-04,131.82000732421875,MOVE
2022-03-07,140.02999877929688,MOVE
2022-03-08,133.3699951171875,MOVE
2022-03-09,110.9000015258789,MOVE
2022-03-10,105.30999755859375,MOVE
2022-03-11,99.02999877929688,MOVE
2022-03-14,105.08000183105469,MOVE
2022-03-15,101.02999877929688,MOVE
2022-03-16,100.56999969482422,MOVE
2022-03-17,91.76000213623047,MOVE
2022-03-18,91.7699966430664,MOVE
2022-03-21,101.94000244140625,MOVE
2022-03-22,105.37999725341797,MOVE
2022-03-23,105.72000122070312,MOVE
2022-03-24,113.13999938964844,MOVE
2022-03-25,125.2699966430664,MOVE
2022-03-28,129.27999877929688,MOVE
2022-03-29,117.91999816894531,MOVE
2022-03-30,112.9800033569336,MOVE
2022-03-31,106.87999725341797,MOVE
2022-04-01,108.33999633789062,MOVE
2022-04-04,108.37000274658203,MOVE
2022-04-05,116.37000274658203,MOVE
2022-04-06,123.91999816894531,MOVE
2022-04-07,122.66999816894531,MOVE
2022-04-08,124.86000061035156,MOVE
2022-04-11,129.8699951171875,MOVE
2022-04-12,117.79000091552734,MOVE
2022-04-13,116.33000183105469,MOVE
2022-04-14,119.66000366210938,MOVE
2022-04-18,122.31999969482422,MOVE
2022-04-19,122.73999786376953,MOVE
2022-04-20,125.12000274658203,MOVE
2022-04-21,130.69000244140625,MOVE
2022-04-22,128.1199951171875,MOVE
2022-04-25,131.6300048828125,MOVE
2022-04-26,129.27000427246094,MOVE
2022-04-27,130.11000061035156,MOVE
2022-04-28,128.74000549316406,MOVE
2022-04-29,128.39999389648438,MOVE
2022-05-02,135.1699981689453,MOVE
2022-05-03,126.45999908447266,MOVE
2022-05-04,121.98999786376953,MOVE
2022-05-05,122.72000122070312,MOVE
2022-05-06,121.41999816894531,MOVE
2022-05-09,125.22000122070312,MOVE
2022-05-10,126.76000213623047,MOVE
2022-05-11,118.05000305175781,MOVE
2022-05-12,118.7300033569336,MOVE
2022-05-13,114.61000061035156,MOVE
2022-05-16,117.94999694824219,MOVE
2022-05-17,119.45999908447266,MOVE
2022-05-18,114.86000061035156,MOVE
2022-05-19,115.05000305175781,MOVE
2022-05-20,111.0999984741211,MOVE
2022-05-23,110.19000244140625,MOVE
2022-05-24,111.1500015258789,MOVE
2022-05-25,105.69000244140625,MOVE
2022-05-26,102.48999786376953,MOVE
2022-05-27,98.4800033569336,MOVE
2022-05-31,107.12000274658203,MOVE
2022-06-01,109.37999725341797,MOVE
2022-06-02,99.2699966430664,MOVE
2022-06-03,97.7300033569336,MOVE
2022-06-06,102.26000213623047,MOVE
2022-06-07,102.61000061035156,MOVE
2022-06-08,105.29000091552734,MOVE
2022-06-09,105.29000091552734,MOVE
2022-06-10,114.2300033569336,MOVE
2022-06-13,139.2100067138672,MOVE
2022-06-14,144.08999633789062,MOVE
2022-06-15,135.92999267578125,MOVE
2022-06-16,138.10000610351562,MOVE
2022-06-17,133.75,MOVE
2022-06-21,138.91000366210938,MOVE
2022-06-22,129.94000244140625,MOVE
2022-06-23,125.9800033569336,MOVE
2022-06-24,127.0,MOVE
2022-06-27,133.22000122070312,MOVE
2022-06-28,135.22000122070312,MOVE
2022-06-29,130.42999267578125,MOVE
2022-06-30,135.5,MOVE
2022-07-01,144.1699981689453,MOVE
2022-07-05,156.16000366210938,MOVE
2022-07-06,151.13999938964844,MOVE
2022-07-07,149.7100067138672,MOVE
2022-07-08,145.25,MOVE
2022-07-11,147.72000122070312,MOVE
2022-07-12,148.11000061035156,MOVE
2022-07-13,136.10000610351562,MOVE
2022-07-14,137.75999450683594,MOVE
2022-07-15,129.85000610351562,MOVE
2022-07-18,127.69000244140625,MOVE
2022-07-19,124.69999694824219,MOVE
2022-07-20,122.9000015258789,MOVE
2022-07-21,121.1500015258789,MOVE
2022-07-22,123.69999694824219,MOVE
2022-07-25,128.27000427246094,MOVE
2022-07-26,128.5500030517578,MOVE
2022-07-27,117.27999877929688,MOVE
2022-07-28,119.93000030517578,MOVE
2022-07-29,116.36000061035156,MOVE
2022-08-01,120.5,MOVE
2022-08-02,129.22999572753906,MOVE
2022-08-03,122.04000091552734,MOVE
2022-08-04,120.56999969482422,MOVE
2022-08-05,122.58000183105469,MOVE
2022-08-08,124.12000274658203,MOVE
2022-08-09,125.12000274658203,MOVE
2022-08-10,115.26000213623047,MOVE
2022-08-11,111.11000061035156,MOVE
2022-08-12,106.27999877929688,MOVE
2022-08-15,113.81999969482422,MOVE
2022-08-16,116.83000183105469,MOVE
2022-08-17,117.69999694824219,MOVE
2022-08-18,120.26000213623047,MOVE
2022-08-19,123.80999755859375,MOVE
2022-08-22,135.88999938964844,MOVE
2022-08-23,133.85000610351562,MOVE
2022-08-24,133.1300048828125,MOVE
2022-08-25,126.33000183105469,MOVE
2022-08-26,122.94999694824219,MOVE
2022-08-29,130.13999938964844,MOVE
2022-08-30,127.69000244140625,MOVE
2022-08-31,124.83999633789062,MOVE
2022-09-01,126.58000183105469,MOVE
2022-09-02,120.72000122070312,MOVE
2022-09-06,133.5399932861328,MOVE
2022-09-07,133.1199951171875,MOVE
2022-09-08,124.13999938964844,MOVE
2022-09-09,121.54000091552734,MOVE
2022-09-12,123.06999969482422,MOVE
2022-09-13,128.8699951171875,MOVE
2022-09-14,125.3499984741211,MOVE
2022-09-15,124.06999969482422,MOVE
2022-09-16,124.94999694824219,MOVE
2022-09-19,133.7899932861328,MOVE
2022-09-20,134.66000366210938,MOVE
2022-09-21,130.5399932861328,MOVE
2022-09-22,131.92999267578125,MOVE
2022-09-23,137.27999877929688,MOVE
2022-09-26,153.61000061035156,MOVE
2022-09-27,158.1199951171875,MOVE
2022-09-28,158.99000549316406,MOVE
2022-09-29,148.13999938964844,MOVE
2022-09-30,141.88999938964844,MOVE
2022-10-03,152.94000244140625,MOVE
2022-10-04,151.2100067138672,MOVE
2022-10-05,152.00999450683594,MOVE
2022-10-06,153.2899932861328,MOVE
2022-10-07,148.4600067138672,MOVE
2022-10-11,155.57000732421875,MOVE
2022-10-12,160.72000122070312,MOVE
2022-10-13,155.0800018310547,MOVE
2022-10-14,152.88999938964844,MOVE
2022-10-17,150.4199981689453,MOVE
2022-10-18,145.7899932861328,MOVE
2022-10-19,147.72999572753906,MOVE
2022-10-20,155.61000061035156,MOVE
2022-10-21,156.9499969482422,MOVE
2022-10-24,154.02000427246094,MOVE
2022-10-25,147.77999877929688,MOVE
2022-10-26,140.1999969482422,MOVE
2022-10-27,142.77999877929688,MOVE
2022-10-28,144.60000610351562,MOVE
2022-10-31,147.9199981689453,MOVE
2022-11-01,148.4199981689453,MOVE
2022-11-02,141.1699981689453,MOVE
2022-11-03,136.27999877929688,MOVE
2022-11-04,128.44000244140625,MOVE
2022-11-07,128.3300018310547,MOVE
2022-11-08,126.33000183105469,MOVE
2022-11-09,124.4000015258789,MOVE
2022-11-10,111.69000244140625,MOVE
2022-11-14,119.98999786376953,MOVE
2022-11-15,128.6199951171875,MOVE
2022-11-16,130.8300018310547,MOVE
2022-11-17,132.17999267578125,MOVE
2022-11-18,129.3300018310547,MOVE
2022-11-21,132.1300048828125,MOVE
2022-11-22,133.52999877929688,MOVE
2022-11-23,136.1999969482422,MOVE
2022-11-25,129.60000610351562,MOVE
2022-11-28,131.72999572753906,MOVE
2022-11-29,131.22999572753906,MOVE
2022-11-30,127.2699966430664,MOVE
2022-12-01,119.7699966430664,MOVE
2022-12-02,118.62000274658203,MOVE
2022-12-05,126.5,MOVE
2022-12-06,129.08999633789062,MOVE
2022-12-07,131.10000610351562,MOVE
2022-12-08,129.5399932861328,MOVE
2022-12-09,132.7899932861328,MOVE
2022-12-12,141.92999267578125,MOVE
2022-12-13,135.0800018310547,MOVE
2022-12-14,120.26000213623047,MOVE
2022-12-15,111.26000213623047,MOVE
2022-12-16,113.6500015258789,MOVE
2022-12-19,118.31999969482422,MOVE
2022-12-20,119.91999816894531,MOVE
2022-12-21,115.0,MOVE
2022-12-22,112.05000305175781,MOVE
2022-12-23,113.16999816894531,MOVE
2022-12-27,124.88999938964844,MOVE
2022-12-28,120.06999969482422,MOVE
2022-12-29,120.25,MOVE
2022-12-30,121.61000061035156,MOVE
2023-01-03,129.97000122070312,MOVE
2023-01-04,125.77999877929688,MOVE
2023-01-05,119.52999877929688,MOVE
2023-01-06,113.87000274658203,MOVE
2023-01-09,116.66999816894531,MOVE
2023-01-10,119.5199966430664,MOVE
2023-01-11,115.16999816894531,MOVE
2023-01-12,112.33999633789062,MOVE
2023-01-13,113.55000305175781,MOVE
2023-01-17,122.2699966430664,MOVE
2023-01-18,112.61000061035156,MOVE
2023-01-19,114.52999877929688,MOVE
2023-01-20,114.76000213623047,MOVE
2023-01-23,114.69000244140625,MOVE
2023-01-24,112.76000213623047,MOVE
2023-01-25,107.73999786376953,MOVE
2023-01-26,104.27999877929688,MOVE
2023-01-27,100.69999694824219,MOVE
2023-01-30,103.7699966430664,MOVE
2023-01-31,99.54000091552734,MOVE
2023-02-01,97.33000183105469,MOVE
2023-02-02,97.76000213623047,MOVE
2023-02-03,98.98999786376953,MOVE
2023-02-06,105.62999725341797,MOVE
2023-02-07,103.1500015258789,MOVE
2023-02-08,100.75,MOVE
2023-02-09,102.44999694824219,MOVE
2023-02-10,109.62999725341797,MOVE
2023-02-13,110.66999816894531,MOVE
2023-02-14,110.58999633789062,MOVE
2023-02-15,108.63999938964844,MOVE
2023-02-16,111.01000213623047,MOVE
2023-02-17,110.11000061035156,MOVE
2023-02-21,119.62000274658203,MOVE
2023-02-22,118.20999908447266,MOVE
2023-02-23,117.44999694824219,MOVE
2023-02-24,122.83999633789062,MOVE
2023-02-27,120.02999877929688,MOVE
2023-02-28,123.5999984741211,MOVE
2023-03-01,121.08000183105469,MOVE
2023-03-02,124.12000274658203,MOVE
2023-03-03,122.5199966430664,MOVE
2023-03-06,128.19000244140625,MOVE
2023-03-07,133.3300018310547,MOVE
2023-03-08,129.75999450683594,MOVE
2023-03-09,129.27999877929688,MOVE
2023-03-10,140.05999755859375,MOVE
2023-03-13,173.58999633789062,MOVE
2023-03-14,169.64999389648438,MOVE
2023-03-15,169.64999389648438,MOVE
2023-03-16,167.9600067138672,MOVE
2023-03-17,180.11000061035156,MOVE
2023-03-20,182.63999938964844,MOVE
2023-03-21,162.30999755859375,MOVE
2023-03-22,142.83999633789062,MOVE
2023-03-23,151.39999389648438,MOVE
2023-03-24,173.66000366210938,MOVE
2023-03-27,161.6699981689453,MOVE
2023-03-28,155.9600067138672,MOVE
2023-03-29,150.5800018310547,MOVE
2023-03-30,141.24000549316406,MOVE
2023-03-31,135.92999267578125,MOVE
2023-04-03,138.1699981689453,MOVE
2023-04-04,147.75,MOVE
2023-04-05,153.89999389648438,MOVE
2023-04-06,147.72999572753906,MOVE
2023-04-10,143.0,MOVE
2023-04-11,139.77999877929688,MOVE
2023-04-12,129.67999267578125,MOVE
2023-04-13,119.94999694824219,MOVE
2023-04-14,118.83999633789062,MOVE
2023-04-17,122.69000244140625,MOVE
2023-04-18,122.77999877929688,MOVE
2023-04-19,124.0199966430664,MOVE
2023-04-20,120.61000061035156,MOVE
2023-04-21,120.83999633789062,MOVE
2023-04-24,126.27999877929688,MOVE
2023-04-25,137.1300048828125,MOVE
2023-04-26,130.38999938964844,MOVE
2023-04-27,122.43000030517578,MOVE
2023-04-28,122.45999908447266,MOVE
2023-05-01,128.17999267578125,MOVE
2023-05-02,137.5500030517578,MOVE
2023-05-03,134.5,MOVE
2023-05-04,140.7100067138672,MOVE
2023-05-05,130.2100067138672,MOVE
2023-05-08,135.07000732421875,MOVE
2023-05-09,133.92999267578125,MOVE
2023-05-10,125.5999984741211,MOVE
2023-05-11,128.2100067138672,MOVE
2023-05-12,120.5199966430664,MOVE
2023-05-15,127.88999938964844,MOVE
2023-05-16,130.3000030517578,MOVE
2023-05-17,120.77999877929688,MOVE
2023-05-18,122.5,MOVE
2023-05-19,127.51000213623047,MOVE
2023-05-22,132.2899932861328,MOVE
2023-05-23,131.6999969482422,MOVE
2023-05-24,132.2899932861328,MOVE
2023-05-25,139.5399932861328,MOVE
2023-05-26,145.3699951171875,MOVE
2023-05-30,141.36000061035156,MOVE
2023-05-31,136.02000427246094,MOVE
2023-06-01,124.62999725341797,MOVE
2023-06-02,120.94999694824219,MOVE
2023-06-05,119.08000183105469,MOVE
2023-06-06,114.41999816894531,MOVE
2023-06-07,120.5,MOVE
2023-06-08,115.11000061035156,MOVE
2023-06-09,115.7699966430664,MOVE
2023-06-12,119.80000305175781,MOVE
2023-06-13,118.80000305175781,MOVE
2023-06-14,114.37000274658203,MOVE
2023-06-15,107.33999633789062,MOVE
2023-06-16,104.43000030517578,MOVE
2023-06-20,104.43000030517578,MOVE
2023-06-21,110.83999633789062,MOVE
2023-06-22,107.69999694824219,MOVE
2023-06-23,105.73999786376953,MOVE
2023-06-26,109.0199966430664,MOVE
2023-06-27,110.8499984741211,MOVE
2023-06-28,108.30000305175781,MOVE
2023-06-29,113.44999694824219,MOVE
2023-06-30,110.63999938964844,MOVE
2023-07-03,110.7699966430664,MOVE
2023-07-05,110.52999877929688,MOVE
2023-07-06,134.6300048828125,MOVE
2023-07-07,130.41000366210938,MOVE
2023-07-10,131.72999572753906,MOVE
2023-07-11,127.06999969482422,MOVE
2023-07-12,114.06999969482422,MOVE
2023-07-13,111.75,MOVE
2023-07-14,112.4800033569336,MOVE
2023-07-17,113.5,MOVE
2023-07-18,112.44999694824219,MOVE
2023-07-19,107.19000244140625,MOVE
2023-07-20,112.8499984741211,MOVE
2023-07-21,106.66000366210938,MOVE
2023-07-24,109.94999694824219,MOVE
2023-07-25,113.0199966430664,MOVE
2023-07-26,104.87999725341797,MOVE
2023-07-27,111.1500015258789,MOVE
2023-07-28,109.76000213623047,MOVE
2023-07-31,112.02999877929688,MOVE
2023-08-01,116.37999725341797,MOVE
2023-08-02,115.1500015258789,MOVE
2023-08-03,124.5999984741211,MOVE
2023-08-04,115.91000366210938,MOVE
2023-08-07,120.94000244140625,MOVE
2023-08-08,118.73999786376953,MOVE
2023-08-09,112.55000305175781,MOVE
2023-08-10,108.63999938964844,MOVE
2023-08-11,112.12999725341797,MOVE
2023-08-14,119.94000244140625,MOVE
2023-08-15,121.80000305175781,MOVE
2023-08-16,117.23999786376953,MOVE
2023-08-17,121.13999938964844,MOVE
2023-08-18,120.51000213623047,MOVE
2023-08-21,130.69000244140625,MOVE
2023-08-22,126.6500015258789,MOVE
2023-08-23,118.4000015258789,MOVE
2023-08-24,117.55999755859375,MOVE
2023-08-25,110.37000274658203,MOVE
2023-08-28,110.44999694824219,MOVE
2023-08-29,110.68000030517578,MOVE
2023-08-30,109.83999633789062,MOVE
2023-08-31,107.93000030517578,MOVE
2023-09-01,102.91999816894531,MOVE
2023-09-05,109.63999938964844,MOVE
2023-09-06,111.30999755859375,MOVE
2023-09-07,105.19999694824219,MOVE
2023-09-08,104.33999633789062,MOVE
2023-09-11,107.2300033569336,MOVE
2023-09-12,105.11000061035156,MOVE
2023-09-13,101.86000061035156,MOVE
2023-09-14,97.11000061035156,MOVE
2023-09-15,96.61000061035156,MOVE
2023-09-18,99.31999969482422,MOVE
2023-09-19,101.30999755859375,MOVE
2023-09-20,97.04000091552734,MOVE
2023-09-21,106.0,MOVE
2023-09-22,101.11000061035156,MOVE
2023-09-25,117.33000183105469,MOVE
2023-09-26,117.72000122070312,MOVE
2023-09-27,122.08999633789062,MOVE
2023-09-28,115.23999786376953,MOVE
2023-09-29,113.55000305175781,MOVE
2023-10-02,127.58999633789062,MOVE
2023-10-03,141.6699981689453,MOVE
2023-10-04,128.22999572753906,MOVE
2023-10-05,130.17999267578125,MOVE
2023-10-06,126.63999938964844,MOVE
2023-10-10,136.1699981689453,MOVE
2023-10-11,127.18000030517578,MOVE
2023-10-12,126.37000274658203,MOVE
2023-10-13,128.3300018310547,MOVE
2023-10-16,130.16000366210938,MOVE
2023-10-17,130.1699981689453,MOVE
2023-10-18,129.1699981689453,MOVE
2023-10-19,134.6199951171875,MOVE
2023-10-20,135.4499969482422,MOVE
2023-10-23,131.8300018310547,MOVE
2023-10-24,128.1300048828125,MOVE
2023-10-25,131.2100067138672,MOVE
2023-10-26,130.94000244140625,MOVE
2023-10-27,129.16000366210938,MOVE
2023-10-30,131.89999389648438,MOVE
2023-10-31,126.86000061035156,MOVE
2023-11-01,120.55000305175781,MOVE
2023-11-02,118.63999938964844,MOVE
2023-11-03,118.73999786376953,MOVE
2023-11-06,121.73999786376953,MOVE
2023-11-07,120.08999633789062,MOVE
2023-11-08,117.0999984741211,MOVE
2023-11-09,117.05000305175781,MOVE
2023-11-10,116.79000091552734,MOVE
2023-11-13,124.47000122070312,MOVE
2023-11-14,124.11000061035156,MOVE
2023-11-15,122.19000244140625,MOVE
2023-11-16,116.08000183105469,MOVE
2023-11-17,113.11000061035156,MOVE
2023-11-20,115.08999633789062,MOVE
2023-11-21,112.79000091552734,MOVE
2023-11-22,111.56999969482422,MOVE
2023-11-24,107.43000030517578,MOVE
2023-11-27,109.30999755859375,MOVE
2023-11-28,110.05999755859375,MOVE
2023-11-29,114.58999633789062,MOVE
2023-11-30,115.31999969482422,MOVE
2023-12-01,111.51000213623047,MOVE
2023-12-04,118.25,MOVE
2023-12-05,127.19999694824219,MOVE
2023-12-06,124.9800033569336,MOVE
2023-12-07,129.74000549316406,MOVE
2023-12-08,121.6500015258789,MOVE
2023-12-11,126.66000366210938,MOVE
2023-12-12,118.62000274658203,MOVE
2023-12-13,113.7699966430664,MOVE
2023-12-14,118.04000091552734,MOVE
2023-12-15,115.75,MOVE
2023-12-18,118.45999908447266,MOVE
2023-12-19,115.02999877929688,MOVE
2023-12-20,111.87000274658203,MOVE
2023-12-21,111.93000030517578,MOVE
2023-12-22,111.37999725341797,MOVE
2023-12-26,116.0,MOVE
2023-12-27,114.52999877929688,MOVE
2023-12-28,113.77999877929688,MOVE
2023-12-29,114.62000274658203,MOVE
2024-01-02,127.0199966430664,MOVE
2024-01-03,124.56999969482422,MOVE
2024-01-04,121.12000274658203,MOVE
2024-01-05,116.19000244140625,MOVE
2024-01-08,117.72000122070312,MOVE
2024-01-09,114.91999816894531,MOVE
2024-01-10,109.62999725341797,MOVE
2024-01-11,103.44999694824219,MOVE
2024-01-12,106.51000213623047,MOVE
2024-01-16,113.44000244140625,MOVE
2024-01-17,105.86000061035156,MOVE
2024-01-18,107.22000122070312,MOVE
2024-01-19,104.97000122070312,MOVE
2024-01-22,106.87000274658203,MOVE
2024-01-23,107.69999694824219,MOVE
2024-01-24,105.77999877929688,MOVE
2024-01-25,105.88999938964844,MOVE
2024-01-26,100.2300033569336,MOVE
2024-01-29,106.33999633789062,MOVE
2024-01-30,104.26000213623047,MOVE
2024-01-31,107.27999877929688,MOVE
2024-02-01,113.91999816894531,MOVE
2024-02-02,106.72000122070312,MOVE
2024-02-05,108.68000030517578,MOVE
2024-02-06,110.5999984741211,MOVE
2024-02-07,107.86000061035156,MOVE
2024-02-08,108.5999984741211,MOVE
2024-02-09,106.20999908447266,MOVE
2024-02-12,109.77999877929688,MOVE
2024-02-13,113.22000122070312,MOVE
2024-02-14,111.97000122070312,MOVE
2024-02-15,112.08999633789062,MOVE
2024-02-16,109.19999694824219,MOVE
2024-02-20,111.0199966430664,MOVE
2024-02-21,114.2699966430664,MOVE
2024-02-22,115.58999633789062,MOVE
2024-02-23,108.30999755859375,MOVE
2024-02-26,110.7699966430664,MOVE
2024-02-27,110.80000305175781,MOVE
2024-02-28,108.70999908447266,MOVE
2024-02-29,109.0999984741211,MOVE
2024-03-01,106.4800033569336,MOVE
2024-03-04,109.56999969482422,MOVE
2024-03-05,110.33000183105469,MOVE
2024-03-06,105.33000183105469,MOVE
2024-03-07,105.44999694824219,MOVE
2024-03-08,100.87999725341797,MOVE
2024-03-11,106.62999725341797,MOVE
2024-03-12,101.36000061035156,MOVE
2024-03-13,97.02999877929688,MOVE
2024-03-14,98.66999816894531,MOVE
2024-03-15,97.81999969482422,MOVE
2024-03-18,102.87000274658203,MOVE
2024-03-19,99.98999786376953,MOVE
2024-03-20,92.72000122070312,MOVE
2024-03-21,90.81999969482422,MOVE
2024-03-22,91.04000091552734,MOVE
2024-03-25,92.23999786376953,MOVE
2024-03-26,90.62999725341797,MOVE
2024-03-27,86.27999877929688,MOVE
2024-03-28,86.37999725341797,MOVE
2024-04-01,94.19999694824219,MOVE
2024-04-02,96.56999969482422,MOVE
2024-04-03,97.87999725341797,MOVE
2024-04-04,96.12999725341797,MOVE
2024-04-05,94.30999755859375,MOVE
2024-04-08,99.37000274658203,MOVE
2024-04-09,98.7300033569336,MOVE
2024-04-10,109.58999633789062,MOVE
2024-04-11,108.86000061035156,MOVE
2024-04-12,112.81999969482422,MOVE
2024-04-15,121.1500015258789,MOVE
2024-04-16,119.58999633789062,MOVE
2024-04-17,113.29000091552734,MOVE
2024-04-18,108.66000366210938,MOVE
2024-04-19,111.26000213623047,MOVE
2024-04-22,108.55999755859375,MOVE
2024-04-23,106.8499984741211,MOVE
2024-04-24,110.20999908447266,MOVE
2024-04-25,108.55000305175781,MOVE
2024-04-26,104.4000015258789,MOVE
2024-04-29,105.41999816894531,MOVE
2024-04-30,107.45999908447266,MOVE
2024-05-01,100.63999938964844,MOVE
2024-05-02,100.69999694824219,MOVE
2024-05-03,95.95999908447266,MOVE
2024-05-06,94.5,MOVE
2024-05-07,98.04000091552734,MOVE
2024-05-08,95.58000183105469,MOVE
2024-05-09,93.8499984741211,MOVE
2024-05-10,94.2300033569336,MOVE
2024-05-13,105.3499984741211,MOVE
2024-05-14,106.55000305175781,MOVE
2024-05-15,93.77999877929688,MOVE
2024-05-16,91.83000183105469,MOVE
2024-05-17,89.3499984741211,MOVE
2024-05-20,88.12999725341797,MOVE
2024-05-21,85.33999633789062,MOVE
2024-05-22,82.48999786376953,MOVE
2024-05-23,86.1500015258789,MOVE
2024-05-24,83.56999969482422,MOVE
2024-05-28,89.66999816894531,MOVE
2024-05-29,93.44999694824219,MOVE
2024-05-30,91.08999633789062,MOVE
2024-05-31,91.13999938964844,MOVE
2024-06-03,93.91999816894531,MOVE
2024-06-04,100.11000061035156,MOVE
2024-06-05,102.43000030517578,MOVE
2024-06-06,100.98999786376953,MOVE
2024-06-07,91.81999969482422,MOVE
2024-06-10,94.16000366210938,MOVE
2024-06-11,97.2699966430664,MOVE
2024-06-12,91.7300033569336,MOVE
2024-06-13,91.93000030517578,MOVE
2024-06-14,100.16000366210938,MOVE
2024-06-17,99.06999969482422,MOVE
2024-06-18,97.98999786376953,MOVE
2024-06-20,94.13999938964844,MOVE
2024-06-21,94.08999633789062,MOVE
2024-06-24,95.19999694824219,MOVE
2024-06-25,96.97000122070312,MOVE
2024-06-26,97.91000366210938,MOVE
2024-06-27,95.69000244140625,MOVE
2024-06-28,98.58999633789062,MOVE
2024-07-01,106.2300033569336,MOVE
2024-07-02,107.51000213623047,MOVE
2024-07-03,102.83000183105469,MOVE
2024-07-05,98.77999877929688,MOVE
2024-07-08,97.95999908447266,MOVE
2024-07-09,95.62000274658203,MOVE
2024-07-10,92.97000122070312,MOVE
2024-07-11,89.66999816894531,MOVE
2024-07-12,86.79000091552734,MOVE
2024-07-15,94.5,MOVE
2024-07-16,93.87000274658203,MOVE
2024-07-17,91.0,MOVE
2024-07-18,91.97000122070312,MOVE
2024-07-19,94.29000091552734,MOVE
2024-07-22,94.44999694824219,MOVE
2024-07-23,95.04000091552734,MOVE
2024-07-24,94.80999755859375,MOVE
2024-07-25,99.08000183105469,MOVE
2024-07-26,97.76000213623047,MOVE
2024-07-29,98.6500015258789,MOVE
2024-07-30,100.41999816894531,MOVE
2024-07-31,99.41000366210938,MOVE
2024-08-01,101.81999969482422,MOVE
2024-08-02,112.26000213623047,MOVE
2024-08-05,121.22000122070312,MOVE
2024-08-06,119.23999786376953,MOVE
2024-08-07,112.69000244140625,MOVE
2024-08-08,110.41999816894531,MOVE
2024-08-09,108.26000213623047,MOVE
2024-08-12,118.26000213623047,MOVE
2024-08-13,118.44000244140625,MOVE
2024-08-14,106.33999633789062,MOVE
2024-08-15,103.73999786376953,MOVE
2024-08-16,102.80999755859375,MOVE
2024-08-19,110.12999725341797,MOVE
2024-08-20,111.56999969482422,MOVE
2024-08-21,111.37999725341797,MOVE
2024-08-22,108.5,MOVE
2024-08-23,105.62999725341797,MOVE
2024-08-26,106.66000366210938,MOVE
2024-08-27,109.22000122070312,MOVE
2024-08-28,108.76000213623047,MOVE
2024-08-29,106.69999694824219,MOVE
2024-08-30,107.7699966430664,MOVE
2024-09-03,114.19999694824219,MOVE
2024-09-04,119.1500015258789,MOVE
2024-09-05,114.80999755859375,MOVE
2024-09-06,107.23999786376953,MOVE
2024-09-09,104.61000061035156,MOVE
2024-09-10,108.36000061035156,MOVE
2024-09-11,103.79000091552734,MOVE
2024-09-12,98.02999877929688,MOVE
2024-09-13,100.5999984741211,MOVE
2024-09-16,101.22000122070312,MOVE
2024-09-17,101.58000183105469,MOVE
2024-09-18,98.61000061035156,MOVE
2024-09-19,92.63999938964844,MOVE
2024-09-20,91.0,MOVE
2024-09-23,93.87000274658203,MOVE
2024-09-24,93.30000305175781,MOVE
2024-09-25,91.63999938964844,MOVE
2024-09-26,90.13999938964844,MOVE
2024-09-27,92.52999877929688,MOVE
2024-09-30,94.61000061035156,MOVE
2024-10-01,104.13999938964844,MOVE
2024-10-02,102.16999816894531,MOVE
2024-10-03,101.16000366210938,MOVE
2024-10-04,100.1500015258789,MOVE
2024-10-07,124.2300033569336,MOVE
2024-10-08,123.7699966430664,MOVE
2024-10-09,122.38999938964844,MOVE
2024-10-10,116.55999755859375,MOVE
2024-10-11,118.47000122070312,MOVE
2024-10-15,127.2300033569336,MOVE
2024-10-16,121.86000061035156,MOVE
2024-10-17,122.13999938964844,MOVE
2024-10-18,123.12999725341797,MOVE
2024-10-21,128.9499969482422,MOVE
2024-10-22,129.25999450683594,MOVE
2024-10-23,129.0500030517578,MOVE
2024-10-24,127.4800033569336,MOVE
2024-10-25,128.39999389648438,MOVE
2024-10-28,130.9199981689453,MOVE
2024-10-29,131.8699951171875,MOVE
2024-10-30,130.8000030517578,MOVE
2024-10-31,135.17999267578125,MOVE
2024-11-01,132.5800018310547,MOVE
2024-11-04,136.25,MOVE
2024-11-05,130.42999267578125,MOVE
2024-11-06,117.63999938964844,MOVE
2024-11-07,104.08000183105469,MOVE
2024-11-08,99.8499984741211,MOVE
2024-11-12,108.55000305175781,MOVE
2024-11-13,102.08000183105469,MOVE
2024-11-14,99.43000030517578,MOVE
2024-11-15,102.47000122070312,MOVE
2024-11-18,102.01000213623047,MOVE
2024-11-19,105.12000274658203,MOVE
2024-11-20,106.69000244140625,MOVE
2024-11-21,101.9000015258789,MOVE
2024-11-22,99.13999938964844,MOVE
2024-11-25,99.95999908447266,MOVE
2024-11-26,99.18000030517578,MOVE
2024-11-27,97.73999786376953,MOVE
2024-11-29,95.22000122070312,MOVE
2024-12-02,97.80999755859375,MOVE
2024-12-03,95.5999984741211,MOVE
2024-12-04,92.25,MOVE
2024-12-05,91.4800033569336,MOVE
2024-12-06,83.19999694824219,MOVE
2024-12-09,85.62999725341797,MOVE
2024-12-10,90.0999984741211,MOVE
2024-12-11,82.4000015258789,MOVE
2024-12-12,82.66000366210938,MOVE
2024-12-13,85.66000366210938,MOVE
2024-12-16,90.87999725341797,MOVE
2024-12-17,90.41999816894531,MOVE
2024-12-18,87.20999908447266,MOVE
2024-12-19,90.41000366210938,MOVE
2024-12-20,91.75,MOVE
2024-12-23,95.8499984741211,MOVE
2024-12-24,96.94999694824219,MOVE
2024-12-26,95.19999694824219,MOVE
2024-12-27,94.80000305175781,MOVE
2024-12-30,99.08000183105469,MOVE
2024-12-31,98.80000305175781,MOVE
2025-01-02,96.66999816894531,MOVE
2025-01-03,93.3499984741211,MOVE
2025-01-06,97.88999938964844,MOVE
2025-01-07,102.77999877929688,MOVE
2025-01-08,100.76000213623047,MOVE
2025-01-10,96.56999969482422,MOVE
2025-01-13,103.51000213623047,MOVE
2025-01-14,101.98999786376953,MOVE
2025-01-15,93.0999984741211,MOVE
2025-01-16,92.72000122070312,MOVE
2025-01-17,95.5999984741211,MOVE
2025-01-21,96.77999877929688,MOVE
2025-01-22,89.9000015258789,MOVE
2025-01-23,88.51000213623047,MOVE
2025-01-24,86.75,MOVE
2025-01-27,95.05000305175781,MOVE
2025-01-28,92.83000183105469,MOVE
2025-01-29,90.7300033569336,MOVE
2025-01-30,90.54000091552734,MOVE
2025-01-31,91.76000213623047,MOVE
2025-02-03,94.1500015258789,MOVE
2025-02-04,90.27999877929688,MOVE
2025-02-05,94.68000030517578,MOVE
2025-02-06,93.9000015258789,MOVE
2025-02-07,93.12999725341797,MOVE
2025-02-10,87.68000030517578,MOVE
2025-02-11,85.58000183105469,MOVE
2025-02-12,86.58000183105469,MOVE
2025-02-13,84.56999969482422,MOVE
2025-02-14,84.66999816894531,MOVE
2025-02-18,84.51000213623047,MOVE
2025-02-19,83.86000061035156,MOVE
2025-02-20,86.26000213623047,MOVE
2025-02-21,91.83000183105469,MOVE
2025-02-24,88.44000244140625,MOVE
2025-02-25,96.61000061035156,MOVE
2025-02-26,97.5199966430664,MOVE
2025-02-27,96.2699966430664,MOVE
2025-02-28,104.45999908447266,MOVE
2025-03-03,105.6500015258789,MOVE
2025-03-04,108.87000274658203,MOVE
2025-03-05,104.31999969482422,MOVE
2025-03-06,108.94999694824219,MOVE
2025-03-07,104.41000366210938,MOVE
2025-03-10,112.5,MOVE
2025-03-11,114.5999984741211,MOVE
2025-03-12,104.11000061035156,MOVE
2025-03-13,106.19000244140625,MOVE
2025-03-14,101.01000213623047,MOVE
2025-03-17,99.77999877929688,MOVE
2025-03-18,96.68000030517578,MOVE
2025-03-19,91.4000015258789,MOVE
2025-03-20,95.73999786376953,MOVE
2025-03-21,94.54000091552734,MOVE
2025-03-24,95.22000122070312,MOVE
2025-03-25,93.56999969482422,MOVE
2025-03-26,91.41000366210938,MOVE
2025-03-27,91.02999877929688,MOVE
2025-03-28,96.83000183105469,MOVE
2025-03-31,101.3499984741211,MOVE
2025-04-01,104.7300033569336,MOVE
2025-04-02,106.38999938964844,MOVE
2025-04-03,112.0,MOVE
2025-04-04,125.70999908447266,MOVE
2025-04-07,137.3000030517578,MOVE
2025-04-08,139.8800048828125,MOVE
2025-04-09,128.8300018310547,MOVE
2025-04-10,128.35000610351562,MOVE
2025-04-11,137.25999450683594,MOVE
2025-04-14,132.4600067138672,MOVE
2025-04-15,122.55999755859375,MOVE
2025-04-16,119.4000015258789,MOVE
2025-04-17,114.63999938964844,MOVE
2025-04-21,128.55999755859375,MOVE
2025-04-22,118.3499984741211,MOVE
2025-04-23,116.5999984741211,MOVE
2025-04-24,108.27999877929688,MOVE
2025-04-25,105.79000091552734,MOVE
2025-04-28,110.01000213623047,MOVE
2025-04-29,112.2699966430664,MOVE
2025-04-30,112.4800033569336,MOVE
2025-05-01,107.33000183105469,MOVE
2025-05-02,101.4000015258789,MOVE
2025-05-05,104.44999694824219,MOVE
2025-05-06,106.18000030517578,MOVE
2025-05-07,99.87000274658203,MOVE
2025-05-08,98.66000366210938,MOVE
2025-05-09,100.4000015258789,MOVE
2025-05-12,102.9000015258789,MOVE
2025-05-13,100.12999725341797,MOVE
2025-05-14,100.7300033569336,MOVE
2025-05-15,98.6500015258789,MOVE
2025-05-16,96.69999694824219,MOVE
2025-05-19,103.80999755859375,MOVE
2025-05-20,101.37000274658203,MOVE
2025-05-21,102.0999984741211,MOVE
2025-05-22,99.47000122070312,MOVE
2025-05-23,100.91000366210938,MOVE
2025-05-27,97.93000030517578,MOVE
2025-05-28,93.19999694824219,MOVE
2025-05-29,92.66999816894531,MOVE
2025-05-30,92.11000061035156,MOVE
2025-06-02,95.76000213623047,MOVE
2025-06-03,100.0,MOVE
2025-06-04,96.9800033569336,MOVE
2025-06-05,94.6500015258789,MOVE
2025-06-06,89.6500015258789,MOVE
2025-06-09,92.62000274658203,MOVE
2025-06-10,91.22000122070312,MOVE
2025-06-11,89.36000061035156,MOVE
2025-06-12,88.98999786376953,MOVE
2025-06-13,95.30999755859375,MOVE
2025-06-16,93.4800033569336,MOVE
2025-06-17,97.18000030517578,MOVE
2025-06-18,93.63999938964844,MOVE
2025-06-20,90.0999984741211,MOVE
2025-06-23,95.02999877929688,MOVE
2025-06-24,92.62000274658203,MOVE
2025-06-25,91.23999786376953,MOVE
2025-06-26,89.47000122070312,MOVE
2025-06-27,87.93000030517578,MOVE
2025-06-30,90.26000213623047,MOVE
2025-07-01,93.4800033569336,MOVE
2025-07-02,91.37000274658203,MOVE
2025-07-03,86.08999633789062,MOVE
2025-07-07,88.52999877929688,MOVE
2025-07-08,88.05000305175781,MOVE
2025-07-09,84.30999755859375,MOVE
2025-07-10,81.58000183105469,MOVE
2025-07-11,85.4800033569336,MOVE
2025-07-14,90.7300033569336,MOVE
2025-07-15,88.94999694824219,MOVE
2025-07-16,89.5199966430664,MOVE
2025-07-17,85.56999969482422,MOVE
2025-07-18,83.29000091552734,MOVE
2025-07-21,86.62000274658203,MOVE
2025-07-22,89.88999938964844,MOVE
2025-07-23,85.94999694824219,MOVE
2025-07-24,82.75,MOVE
2025-07-25,82.08999633789062,MOVE
2025-07-28,83.7300033569336,MOVE
2025-07-29,85.06999969482422,MOVE
2025-07-30,81.87999725341797,MOVE
2025-07-31,79.83999633789062,MOVE
2025-08-01,83.83000183105469,MOVE
2025-08-04,87.94999694824219,MOVE
2025-08-05,89.19999694824219,MOVE
2025-08-06,83.88999938964844,MOVE
2025-08-07,80.1500015258789,MOVE
2025-08-08,79.19999694824219,MOVE
2025-08-11,81.76000213623047,MOVE
2025-08-12,77.41999816894531,MOVE
2025-08-13,77.30999755859375,MOVE
2025-08-14,76.7699966430664,MOVE
2025-08-15,76.66000366210938,MOVE
2025-08-18,81.81999969482422,MOVE
2025-08-19,82.1500015258789,MOVE
2025-08-20,80.75,MOVE
2025-08-21,80.5199966430664,MOVE
2025-08-22,78.0999984741211,MOVE
2025-08-25,77.55999755859375,MOVE
2025-08-26,79.36000061035156,MOVE
2025-08-27,77.66000366210938,MOVE
2025-08-28,77.55000305175781,MOVE
2025-08-29,79.38999938964844,MOVE
2025-09-02,85.27999877929688,MOVE
2025-09-03,89.66999816894531,MOVE
2025-09-04,88.26000213623047,MOVE
2025-09-05,85.29000091552734,MOVE
2025-09-08,84.0,MOVE
2025-09-09,82.19999694824219,MOVE
2025-09-10,79.58000183105469,MOVE
2025-09-11,75.06999969482422,MOVE
2025-09-12,73.37000274658203,MOVE
2025-09-15,76.87999725341797,MOVE
2025-09-16,77.08999633789062,MOVE
2025-09-17,75.94999694824219,MOVE
2025-09-18,71.91000366210938,MOVE
2025-09-19,72.51000213623047,MOVE
2025-09-22,75.80000305175781,MOVE
2025-09-23,75.66000366210938,MOVE
2025-09-24,75.12999725341797,MOVE
2025-09-25,75.44000244140625,MOVE
2025-09-26,74.37999725341797,MOVE
2025-09-29,75.51000213623047,MOVE
2025-09-30,77.93000030517578,MOVE
2025-10-01,73.5,MOVE
2025-10-02,71.20999908447266,MOVE
2025-10-03,69.52999877929688,MOVE
2025-10-06,72.98999786376953,MOVE
2025-10-07,75.43000030517578,MOVE
2025-10-08,74.87000274658203,MOVE
2025-10-09,74.12000274658203,MOVE
2025-10-10,81.6500015258789,MOVE
2025-10-14,79.94999694824219,MOVE
2025-10-15,75.11000061035156,MOVE
2025-10-16,81.2300033569336,MOVE
2025-10-17,78.62000274658203,MOVE
2025-10-20,77.22000122070312,MOVE
2025-10-21,77.18000030517578,MOVE
2025-10-22,75.48999786376953,MOVE
2025-10-23,74.05000305175781,MOVE
2025-10-24,68.94000244140625,MOVE
2025-10-27,66.87000274658203,MOVE
2025-10-28,67.30000305175781,MOVE
2025-10-29,65.75,MOVE
2025-10-30,66.87999725341797,MOVE
2025-10-31,66.61000061035156,MOVE
2025-11-03,67.2300033569336,MOVE
2025-11-04,68.0199966430664,MOVE
2025-11-05,72.41999816894531,MOVE
2025-11-06,72.44000244140625,MOVE
2025-11-07,74.41000366210938,MOVE
2025-11-10,78.86000061035156,MOVE
2025-11-12,81.12000274658203,MOVE
2025-11-13,79.0999984741211,MOVE
2025-11-14,79.70999908447266,MOVE
2025-11-17,82.58000183105469,MOVE
2025-11-18,83.18000030517578,MOVE
2025-11-19,84.31999969482422,MOVE
2025-11-20,77.80999755859375,MOVE
2025-11-21,78.80999755859375,MOVE
2025-11-24,76.81999969482422,MOVE
2025-11-25,72.81999969482422,MOVE
2025-11-26,71.9000015258789,MOVE
2025-11-28,68.94999694824219,MOVE
2025-12-01,71.3499984741211,MOVE
2025-12-02,69.91000366210938,MOVE
2025-12-03,66.45999908447266,MOVE
2025-12-04,65.69000244140625,MOVE
2025-12-05,67.27999877929688,MOVE
2025-12-08,72.30000305175781,MOVE
2025-12-09,75.37999725341797,MOVE
2025-12-10,68.62000274658203,MOVE
2025-12-11,69.23999786376953,MOVE
2025-12-12,69.25,MOVE
2025-12-15,73.30999755859375,MOVE
2025-12-16,67.13999938964844,MOVE
2025-12-17,62.7400016784668,MOVE
2025-12-18,60.0099983215332,MOVE
2025-12-19,59.40999984741211,MOVE
2025-12-22,61.70000076293945,MOVE
2025-12-23,61.16999816894531,MOVE
2025-12-24,59.47999954223633,MOVE
2025-12-26,58.5,MOVE
2025-12-29,59.209999084472656,MOVE
2025-12-30,63.97999954223633,MOVE
2025-12-31,63.959999084472656,MOVE
2026-01-02,62.36000061035156,MOVE
2026-01-05,64.70999908447266,MOVE
2026-01-06,65.81999969482422,MOVE
2026-01-07,66.1500015258789,MOVE
2026-01-08,66.94000244140625,MOVE
2026-01-09,61.54999923706055,MOVE
2026-01-12,62.900001525878906,MOVE
2026-01-13,60.790000915527344,MOVE
2026-01-14,58.11000061035156,MOVE
2026-01-15,56.13999938964844,MOVE
2026-01-16,58.04999923706055,MOVE
2026-01-20,66.66999816894531,MOVE
2026-01-21,59.560001373291016,MOVE
2026-01-22,56.5,MOVE
2026-01-23,56.25,MOVE
2026-01-26,55.77000045776367,MOVE
2026-01-27,56.119998931884766,MOVE
2026-01-28,57.43000030517578,MOVE
2026-01-29,60.72999954223633,MOVE
2026-01-30,59.20000076293945,MOVE
2026-02-02,59.29999923706055,MOVE
2026-02-03,57.540000915527344,MOVE
2026-02-04,57.5099983215332,MOVE
2026-02-05,62.15999984741211,MOVE
2026-02-06,63.619998931884766,MOVE
2026-02-09,62.7400016784668,MOVE
2026-02-10,64.55000305175781,MOVE
2026-02-11,61.349998474121094,MOVE
2026-02-12,68.56999969482422,MOVE
2026-02-13,70.0999984741211,MOVE
2026-02-17,68.83999633789062,MOVE
2026-02-18,64.19000244140625,MOVE
2026-02-19,68.02999877929688,MOVE
2026-02-20,64.2699966430664,MOVE
2026-02-23,68.02999877929688,MOVE
2026-02-24,65.2699966430664,MOVE
2026-02-25,62.43000030517578,MOVE
2026-02-26,63.93000030517578,MOVE
2026-02-27,73.37999725341797,MOVE
2026-03-02,73.20999908447266,MOVE
2026-03-03,77.75,MOVE
2026-03-04,70.02999877929688,MOVE
2026-03-05,74.52999877929688,MOVE
2026-03-06,81.26000213623047,MOVE
2026-03-09,79.73999786376953,MOVE
2026-03-10,76.33000183105469,MOVE
2026-03-11,78.58999633789062,MOVE
2026-03-12,95.30000305175781,MOVE
2026-03-13,91.16999816894531,MOVE
2026-03-16,85.25,MOVE
2026-03-17,79.2300033569336,MOVE
2026-03-18,81.25,MOVE
2026-03-19,84.87999725341797,MOVE
2026-03-20,108.83999633789062,MOVE
2026-03-23,98.1500015258789,MOVE
2026-03-24,103.01000213623047,MOVE
2026-03-25,97.58999633789062,MOVE
2026-03-26,115.0199966430664,MOVE
2026-03-27,111.94999694824219,MOVE
2026-03-30,108.33000183105469,MOVE
2026-03-31,96.05000305175781,MOVE
2026-04-01,90.19000244140625,MOVE
2026-04-02,84.41000366210938,MOVE
2026-04-06,81.68000030517578,MOVE
2026-04-07,83.1500015258789,MOVE
2026-04-08,78.73999786376953,MOVE
2026-04-09,74.01000213623047,MOVE
2026-04-10,72.1500015258789,MOVE
2026-04-13,74.41999816894531,MOVE
2026-04-14,74.3499984741211,MOVE
2026-04-15,67.94000244140625,MOVE
2026-04-16,65.88999938964844,MOVE
2026-04-17,65.69999694824219,MOVE
2026-04-20,67.9000015258789,MOVE
2026-04-21,70.77999877929688,MOVE
2026-04-22,69.87999725341797,MOVE
2026-04-23,67.69999694824219,MOVE
2026-04-24,66.97000122070312,MOVE
2026-04-27,68.41999816894531,MOVE
2026-04-28,68.68000030517578,MOVE
2026-04-29,74.33000183105469,MOVE
2026-04-30,72.06999969482422,MOVE
2026-05-01,70.41000366210938,MOVE
2026-05-04,77.86000061035156,MOVE
2026-05-05,76.77999877929688,MOVE
2026-05-06,70.62999725341797,MOVE
2026-05-07,72.23999786376953,MOVE
2026-05-08,67.25,MOVE
2026-05-11,70.73999786376953,MOVE
2026-05-12,71.68000030517578,MOVE
2026-05-13,70.23999786376953,MOVE
2026-05-14,69.62999725341797,MOVE
2026-05-15,79.87000274658203,MOVE
2026-05-18,86.06999969482422,MOVE
2026-05-19,85.31999969482422,MOVE
2026-05-20,81.52999877929688,MOVE
2026-05-21,79.72000122070312,MOVE
2026-05-22,78.43000030517578,MOVE
2026-05-26,74.94999694824219,MOVE
2026-05-27,70.9000015258789,MOVE
2026-05-28,69.73999786376953,MOVE
2026-05-29,70.22000122070312,MOVE
2026-06-01,73.33000183105469,MOVE
2026-06-02,73.43000030517578,MOVE
2026-06-03,73.58000183105469,MOVE
2026-06-04,71.16000366210938,MOVE
2026-06-05,75.19999694824219,MOVE
2026-06-08,76.9800033569336,MOVE
2026-06-09,77.02999877929688,MOVE
2026-06-10,73.94999694824219,MOVE
2026-06-11,69.44999694824219,MOVE
2026-06-12,69.36000061035156,MOVE
2026-06-15,69.37999725341797,MOVE
2026-06-16,67.27999877929688,MOVE
2026-06-17,70.66000366210938,MOVE
2026-06-18,65.38999938964844,MOVE
2026-06-22,70.0199966430664,MOVE
2026-06-23,68.77999877929688,MOVE
2026-06-24,69.05999755859375,MOVE
2026-06-25,67.0999984741211,MOVE
2026-06-26,66.79000091552734,MOVE
2026-06-29,68.13999938964844,MOVE
2026-06-30,71.95999908447266,MOVE
2026-07-01,68.55999755859375,MOVE
2026-07-02,65.4000015258789,MOVE
2026-07-06,65.76000213623047,MOVE
2026-07-07,70.25,MOVE
2026-07-08,72.41000366210938,MOVE
2026-07-09,68.88999938964844,MOVE
2026-07-10,69.55000305175781,MOVE
2026-07-13,77.7699966430664,MOVE
2026-07-14,75.02999877929688,MOVE
2026-07-15,68.4800033569336,MOVE
2026-07-16,68.16000366210938,MOVE
2026-07-17,70.87999725341797,MOVE
2026-07-20,72.66000366210938,MOVE
2026-07-21,74.66999816894531,MOVE
2026-07-22,76.30999755859375,MOVE
2026-07-23,80.08000183105469,MOVE
2026-07-24,76.81999969482422,MOVE
2026-07-27,77.20999908447266,MOVE
2026-07-28,76.08999633789062,MOVE
2026-07-29,74.18000030517578,MOVE
2026-07-30,77.08999633789062,MOVE
2026-07-31,83.0199966430664,MOVE
2026-08-03,80.4800033569336,MOVE
2026-08-04,77.55999755859375,MOVE
2026-08-05,73.58000183105469,MOVE
2026-08-06,76.12000274658203,MOVE
2026-08-07,72.02999877929688,MOVE
2026-08-10,75.45999908447266,MOVE
2026-08-11,77.91999816894531,MOVE
2026-08-12,72.08999633789062,MOVE
2026-08-13,69.2300033569336,MOVE
2026-08-14,69.58000183105469,MOVE
2026-08-17,75.62999725341797,MOVE
2026-08-18,74.9800033569336,MOVE
2026-08-19,71.26000213623047,MOVE
2026-08-20,73.18000030517578,MOVE
2026-08-21,73.4000015258789,MOVE
2026-08-24,73.9800033569336,MOVE
2026-08-25,71.91999816894531,MOVE
2026-08-26,69.44000244140625,MOVE
2026-08-27,69.86000061035156,MOVE
2026-08-28,70.97000122070312,MOVE
2026-08-31,75.31999969482422,MOVE
2026-09-01,77.87999725341797,MOVE
2026-09-02,79.70999908447266,MOVE
2026-09-03,74.68000030517578,MOVE
2026-09-04,73.0999984741211,MOVE
2026-09-08,76.13999938964844,MOVE
2026-09-09,76.73999786376953,MOVE
2026-09-10,82.08999633789062,MOVE
2026-09-11,82.20999908447266,MOVE
2026-09-14,83.9000015258789,MOVE
2026-09-15,83.70999908447266,MOVE
2026-09-16,80.7300033569336,MOVE
2026-09-17,76.22000122070312,MOVE
2002-01-02,22.709999084472656,VIX
2002-01-03,21.34000015258789,VIX
2002-01-04,20.450000762939453,VIX
2002-01-07,21.940000534057617,VIX
2002-01-08,21.829999923706055,VIX
2002-01-09,22.1299991607666,VIX
2002-01-10,22.360000610351562,VIX
2002-01-11,22.600000381469727,VIX
2002-01-14,23.579999923706055,VIX
2002-01-15,22.700000762939453,VIX
2002-01-16,23.450000762939453,VIX
2002-01-17,22.25,VIX
2002-01-18,22.520000457763672,VIX
2002-01-22,23.610000610351562,VIX
2002-01-23,21.8799991607666,VIX
2002-01-24,21.149999618530273,VIX
2002-01-25,21.010000228881836,VIX
2002-01-28,21.139999389648438,VIX
2002-01-29,24.350000381469727,VIX
2002-01-30,23.219999313354492,VIX
2002-01-31,21.09000015258789,VIX
2002-02-01,21.1200008392334,VIX
2002-02-04,24.8700008392334,VIX
2002-02-05,25.450000762939453,VIX
2002-02-06,26.09000015258789,VIX
2002-02-07,25.110000610351562,VIX
2002-02-08,23.260000228881836,VIX
2002-02-11,21.780000686645508,VIX
2002-02-12,21.6200008392334,VIX
2002-02-13,20.850000381469727,VIX
2002-02-14,21.770000457763672,VIX
2002-02-15,22.3700008392334,VIX
2002-02-19,24.43000030517578,VIX
2002-02-20,22.65999984741211,VIX
2002-02-21,23.799999237060547,VIX
2002-02-22,22.860000610351562,VIX
2002-02-25,21.84000015258789,VIX
2002-02-26,21.68000030517578,VIX
2002-02-27,21.489999771118164,VIX
2002-02-28,21.59000015258789,VIX
2002-03-01,19.959999084472656,VIX
2002-03-04,20.5,VIX
2002-03-05,20.299999237060547,VIX
2002-03-06,19.940000534057617,VIX
2002-03-07,20.040000915527344,VIX
2002-03-08,19.270000457763672,VIX
2002-03-11,19.84000015258789,VIX
2002-03-12,19.59000015258789,VIX
2002-03-13,19.459999084472656,VIX
2002-03-14,19.200000762939453,VIX
2002-03-15,18.420000076293945,VIX
2002-03-18,18.93000030517578,VIX
2002-03-19,18.15999984741211,VIX
2002-03-20,18.459999084472656,VIX
2002-03-21,18.149999618530273,VIX
2002-03-22,17.770000457763672,VIX
2002-03-25,18.479999542236328,VIX
2002-03-26,18.1299991607666,VIX
2002-03-27,17.700000762939453,VIX
2002-03-28,17.399999618530273,VIX
2002-04-01,18.729999542236328,VIX
2002-04-02,19.15999984741211,VIX
2002-04-03,20.200000762939453,VIX
2002-04-04,19.780000686645508,VIX
2002-04-05,19.1299991607666,VIX
2002-04-08,19.610000610351562,VIX
2002-04-09,19.469999313354492,VIX
2002-04-10,18.190000534057617,VIX
2002-04-11,20.299999237060547,VIX
2002-04-12,19.420000076293945,VIX
2002-04-15,19.81999969482422,VIX
2002-04-16,18.110000610351562,VIX
2002-04-17,18.43000030517578,VIX
2002-04-18,19.290000915527344,VIX
2002-04-19,18.299999237060547,VIX
2002-04-22,19.770000457763672,VIX
2002-04-23,20.280000686645508,VIX
2002-04-24,20.770000457763672,VIX
2002-04-25,20.950000762939453,VIX
2002-04-26,22.139999389648438,VIX
2002-04-29,24.049999237060547,VIX
2002-04-30,21.90999984741211,VIX
2002-05-01,20.059999465942383,VIX
2002-05-02,20.06999969482422,VIX
2002-05-03,20.190000534057617,VIX
2002-05-06,22.559999465942383,VIX
2002-05-07,21.940000534057617,VIX
2002-05-08,20.389999389648438,VIX
2002-05-09,21.559999465942383,VIX
2002-05-10,22.40999984741211,VIX
2002-05-13,20.719999313354492,VIX
2002-05-14,19.350000381469727,VIX
2002-05-15,19.190000534057617,VIX
2002-05-16,18.5,VIX
2002-05-17,17.700000762939453,VIX
2002-05-20,19.239999771118164,VIX
2002-05-21,20.049999237060547,VIX
2002-05-22,19.579999923706055,VIX
2002-05-23,18.229999542236328,VIX
2002-05-24,18.899999618530273,VIX
2002-05-28,20.309999465942383,VIX
2002-05-29,20.389999389648438,VIX
2002-05-30,20.610000610351562,VIX
2002-05-31,19.979999542236328,VIX
2002-06-03,23.3700008392334,VIX
2002-06-04,23.889999389648438,VIX
2002-06-05,22.610000610351562,VIX
2002-06-06,24.15999984741211,VIX
2002-06-07,23.510000228881836,VIX
2002-06-10,23.719999313354492,VIX
2002-06-11,24.450000762939453,VIX
2002-06-12,24.149999618530273,VIX
2002-06-13,25.020000457763672,VIX
2002-06-14,25.959999084472656,VIX
2002-06-17,24.639999389648438,VIX
2002-06-18,24.239999771118164,VIX
2002-06-19,26.059999465942383,VIX
2002-06-20,27.479999542236328,VIX
2002-06-21,27.229999542236328,VIX
2002-06-24,26.979999542236328,VIX
2002-06-25,27.84000015258789,VIX
2002-06-26,28.420000076293945,VIX
2002-06-27,26.290000915527344,VIX
2002-06-28,25.399999618530273,VIX
2002-07-01,27.110000610351562,VIX
2002-07-02,28.959999084472656,VIX
2002-07-03,29.420000076293945,VIX
2002-07-05,27.110000610351562,VIX
2002-07-08,28.25,VIX
2002-07-09,30.219999313354492,VIX
2002-07-10,34.099998474121094,VIX
2002-07-11,33.849998474121094,VIX
2002-07-12,32.939998626708984,VIX
2002-07-15,35.029998779296875,VIX
2002-07-16,36.650001525878906,VIX
2002-07-17,35.45000076293945,VIX
2002-07-18,35.119998931884766,VIX
2002-07-19,38.16999816894531,VIX
2002-07-22,41.869998931884766,VIX
2002-07-23,44.91999816894531,VIX
2002-07-24,39.86000061035156,VIX
2002-07-25,39.27000045776367,VIX
2002-07-26,35.5099983215332,VIX
2002-07-29,31.329999923706055,VIX
2002-07-30,31.920000076293945,VIX
2002-07-31,32.029998779296875,VIX
2002-08-01,36.95000076293945,VIX
2002-08-02,41.290000915527344,VIX
2002-08-05,45.08000183105469,VIX
2002-08-06,42.029998779296875,VIX
2002-08-07,38.72999954223633,VIX
2002-08-08,36.33000183105469,VIX
2002-08-09,35.33000183105469,VIX
2002-08-12,37.04999923706055,VIX
2002-08-13,35.81999969482422,VIX
2002-08-14,32.36000061035156,VIX
2002-08-15,29.43000030517578,VIX
2002-08-16,28.809999465942383,VIX
2002-08-19,28.610000610351562,VIX
2002-08-20,29.59000015258789,VIX
2002-08-21,28.229999542236328,VIX
2002-08-22,27.75,VIX
2002-08-23,29.31999969482422,VIX
2002-08-26,29.889999389648438,VIX
2002-08-27,30.110000610351562,VIX
2002-08-28,33.31999969482422,VIX
2002-08-29,33.66999816894531,VIX
2002-08-30,32.63999938964844,VIX
2002-09-03,39.970001220703125,VIX
2002-09-04,37.439998626708984,VIX
2002-09-05,38.86000061035156,VIX
2002-09-06,36.33000183105469,VIX
2002-09-09,36.45000076293945,VIX
2002-09-10,35.08000183105469,VIX
2002-09-11,34.810001373291016,VIX
2002-09-12,37.5,VIX
2002-09-13,35.81999969482422,VIX
2002-09-16,36.7400016784668,VIX
2002-09-17,38.0099983215332,VIX
2002-09-18,37.52000045776367,VIX
2002-09-19,40.650001525878906,VIX
2002-09-20,38.97999954223633,VIX
2002-09-23,39.68000030517578,VIX
2002-09-24,40.52000045776367,VIX
2002-09-25,37.33000183105469,VIX
2002-09-26,34.599998474121094,VIX
2002-09-27,36.970001220703125,VIX
2002-09-30,39.689998626708984,VIX
2002-10-01,34.119998931884766,VIX
2002-10-02,36.83000183105469,VIX
2002-10-03,37.310001373291016,VIX
2002-10-04,39.459999084472656,VIX
2002-10-07,42.63999938964844,VIX
2002-10-08,41.02000045776367,VIX
2002-10-09,42.130001068115234,VIX
2002-10-10,37.54999923706055,VIX
2002-10-11,35.70000076293945,VIX
2002-10-14,36.040000915527344,VIX
2002-10-15,34.02000045776367,VIX
2002-10-16,36.0,VIX
2002-10-17,34.099998474121094,VIX
2002-10-18,33.529998779296875,VIX
2002-10-21,33.11000061035156,VIX
2002-10-22,34.09000015258789,VIX
2002-10-23,33.20000076293945,VIX
2002-10-24,34.029998779296875,VIX
2002-10-25,30.0,VIX
2002-10-28,31.06999969482422,VIX
2002-10-29,32.27000045776367,VIX
2002-10-30,31.229999542236328,VIX
2002-10-31,31.139999389648438,VIX
2002-11-01,29.299999237060547,VIX
2002-11-04,30.81999969482422,VIX
2002-11-05,31.229999542236328,VIX
2002-11-06,30.729999542236328,VIX
2002-11-07,31.420000076293945,VIX
2002-11-08,29.40999984741211,VIX
2002-11-11,31.299999237060547,VIX
2002-11-12,30.579999923706055,VIX
2002-11-13,31.239999771118164,VIX
2002-11-14,28.670000076293945,VIX
2002-11-15,26.649999618530273,VIX
2002-11-18,27.65999984741211,VIX
2002-11-19,27.40999984741211,VIX
2002-11-20,25.31999969482422,VIX
2002-11-21,23.809999465942383,VIX
2002-11-22,23.15999984741211,VIX
2002-11-25,24.06999969482422,VIX
2002-11-26,25.969999313354492,VIX
2002-11-27,27.25,VIX
2002-11-29,27.5,VIX
2002-12-02,27.459999084472656,VIX
2002-12-03,28.329999923706055,VIX
2002-12-04,28.920000076293945,VIX
2002-12-05,30.100000381469727,VIX
2002-12-06,28.8799991607666,VIX
2002-12-09,30.780000686645508,VIX
2002-12-10,28.760000228881836,VIX
2002-12-11,27.760000228881836,VIX
2002-12-12,27.290000915527344,VIX
2002-12-13,28.18000030517578,VIX
2002-12-16,26.239999771118164,VIX
2002-12-17,26.65999984741211,VIX
2002-12-18,28.290000915527344,VIX
2002-12-19,30.209999084472656,VIX
2002-12-20,26.709999084472656,VIX
2002-12-23,26.200000762939453,VIX
2002-12-24,26.489999771118164,VIX
2002-12-26,27.3700008392334,VIX
2002-12-27,29.549999237060547,VIX
2002-12-30,29.6200008392334,VIX
2002-12-31,28.6200008392334,VIX
2003-01-02,25.389999389648438,VIX
2003-01-03,24.68000030517578,VIX
2003-01-06,24.90999984741211,VIX
2003-01-07,25.1299991607666,VIX
2003-01-08,25.530000686645508,VIX
2003-01-09,24.25,VIX
2003-01-10,24.31999969482422,VIX
2003-01-13,24.899999618530273,VIX
2003-01-14,24.56999969482422,VIX
2003-01-15,25.510000228881836,VIX
2003-01-16,25.010000228881836,VIX
2003-01-17,25.700000762939453,VIX
2003-01-21,27.59000015258789,VIX
2003-01-22,29.010000228881836,VIX
2003-01-23,27.530000686645508,VIX
2003-01-24,31.510000228881836,VIX
2003-01-27,34.689998626708984,VIX
2003-01-28,31.93000030517578,VIX
2003-01-29,31.260000228881836,VIX
2003-01-30,31.31999969482422,VIX
2003-01-31,31.170000076293945,VIX
2003-02-03,31.020000457763672,VIX
2003-02-04,32.7599983215332,VIX
2003-02-05,33.040000915527344,VIX
2003-02-06,33.349998474121094,VIX
2003-02-07,34.0099983215332,VIX
2003-02-10,33.9900016784668,VIX
2003-02-11,33.68000030517578,VIX
2003-02-12,34.33000183105469,VIX
2003-02-13,33.70000076293945,VIX
2003-02-14,32.619998931884766,VIX
2003-02-18,31.110000610351562,VIX
2003-02-19,31.309999465942383,VIX
2003-02-20,31.15999984741211,VIX
2003-02-21,30.25,VIX
2003-02-24,31.979999542236328,VIX
2003-02-25,31.739999771118164,VIX
2003-02-26,31.940000534057617,VIX
2003-02-27,30.530000686645508,VIX
2003-02-28,29.6299991607666,VIX
2003-03-03,30.43000030517578,VIX
2003-03-04,31.829999923706055,VIX
2003-03-05,30.3799991607666,VIX
2003-03-06,31.3700008392334,VIX
2003-03-07,31.079999923706055,VIX
2003-03-10,33.310001373291016,VIX
2003-03-11,33.61000061035156,VIX
2003-03-12,33.5099983215332,VIX
2003-03-13,31.760000228881836,VIX
2003-03-14,30.979999542236328,VIX
2003-03-17,31.75,VIX
2003-03-18,30.43000030517578,VIX
2003-03-19,31.540000915527344,VIX
2003-03-20,30.440000534057617,VIX
2003-03-21,28.670000076293945,VIX
2003-03-24,30.389999389648438,VIX
2003-03-25,28.75,VIX
2003-03-26,28.229999542236328,VIX
2003-03-27,27.959999084472656,VIX
2003-03-28,27.75,VIX
2003-03-31,29.149999618530273,VIX
2003-04-01,28.360000610351562,VIX
2003-04-02,28.020000457763672,VIX
2003-04-03,28.209999084472656,VIX
2003-04-04,29.1299991607666,VIX
2003-04-07,28.450000762939453,VIX
2003-04-08,27.1299991607666,VIX
2003-04-09,27.110000610351562,VIX
2003-04-10,25.600000381469727,VIX
2003-04-11,24.440000534057617,VIX
2003-04-14,23.40999984741211,VIX
2003-04-15,22.559999465942383,VIX
2003-04-16,22.520000457763672,VIX
2003-04-17,21.5,VIX
2003-04-21,21.950000762939453,VIX
2003-04-22,20.700000762939453,VIX
2003-04-23,20.799999237060547,VIX
2003-04-24,20.329999923706055,VIX
2003-04-25,20.799999237060547,VIX
2003-04-28,20.84000015258789,VIX
2003-04-29,20.760000228881836,VIX
2003-04-30,21.209999084472656,VIX
2003-05-01,21.59000015258789,VIX
2003-05-02,20.6299991607666,VIX
2003-05-05,21.1299991607666,VIX
2003-05-06,20.799999237060547,VIX
2003-05-07,21.0,VIX
2003-05-08,21.239999771118164,VIX
2003-05-09,19.690000534057617,VIX
2003-05-12,19.520000457763672,VIX
2003-05-13,19.90999984741211,VIX
2003-05-14,20.0,VIX
2003-05-15,19.239999771118164,VIX
2003-05-16,18.399999618530273,VIX
2003-05-19,20.510000228881836,VIX
2003-05-20,21.290000915527344,VIX
2003-05-21,21.209999084472656,VIX
2003-05-22,19.780000686645508,VIX
2003-05-23,19.170000076293945,VIX
2003-05-27,19.989999771118164,VIX
2003-05-28,20.030000686645508,VIX
2003-05-29,20.43000030517578,VIX
2003-05-30,19.469999313354492,VIX
2003-06-02,20.850000381469727,VIX
2003-06-03,20.84000015258789,VIX
2003-06-04,20.6200008392334,VIX
2003-06-05,20.829999923706055,VIX
2003-06-06,21.25,VIX
2003-06-09,22.149999618530273,VIX
2003-06-10,20.639999389648438,VIX
2003-06-11,20.209999084472656,VIX
2003-06-12,20.40999984741211,VIX
2003-06-13,20.65999984741211,VIX
2003-06-16,20.219999313354492,VIX
2003-06-17,20.010000228881836,VIX
2003-06-18,19.760000228881836,VIX
2003-06-19,19.799999237060547,VIX
2003-06-20,19.139999389648438,VIX
2003-06-23,20.579999923706055,VIX
2003-06-24,20.75,VIX
2003-06-25,20.809999465942383,VIX
2003-06-26,19.399999618530273,VIX
2003-06-27,19.15999984741211,VIX
2003-06-30,19.520000457763672,VIX
2003-07-01,19.459999084472656,VIX
2003-07-02,19.030000686645508,VIX
2003-07-03,19.389999389648438,VIX
2003-07-07,20.059999465942383,VIX
2003-07-08,19.479999542236328,VIX
2003-07-09,18.93000030517578,VIX
2003-07-10,19.190000534057617,VIX
2003-07-11,18.469999313354492,VIX
2003-07-14,19.59000015258789,VIX
2003-07-15,19.549999237060547,VIX
2003-07-16,19.760000228881836,VIX
2003-07-17,20.219999313354492,VIX
2003-07-18,19.110000610351562,VIX
2003-07-21,19.780000686645508,VIX
2003-07-22,19.170000076293945,VIX
2003-07-23,18.639999389648438,VIX
2003-07-24,18.600000381469727,VIX
2003-07-25,17.75,VIX
2003-07-28,18.360000610351562,VIX
2003-07-29,18.670000076293945,VIX
2003-07-30,18.850000381469727,VIX
2003-07-31,19.489999771118164,VIX
2003-08-01,20.75,VIX
2003-08-04,21.270000457763672,VIX
2003-08-05,22.68000030517578,VIX
2003-08-06,21.5,VIX
2003-08-07,20.260000228881836,VIX
2003-08-08,19.59000015258789,VIX
2003-08-11,19.75,VIX
2003-08-12,17.940000534057617,VIX
2003-08-13,18.770000457763672,VIX
2003-08-14,18.469999313354492,VIX
2003-08-15,18.270000457763672,VIX
2003-08-18,18.18000030517578,VIX
2003-08-19,17.860000610351562,VIX
2003-08-20,17.81999969482422,VIX
2003-08-21,17.84000015258789,VIX
2003-08-22,18.549999237060547,VIX
2003-08-25,19.530000686645508,VIX
2003-08-26,19.489999771118164,VIX
2003-08-27,19.1299991607666,VIX
2003-08-28,18.479999542236328,VIX
2003-08-29,18.6299991607666,VIX
2003-09-02,19.020000457763672,VIX
2003-09-03,19.440000534057617,VIX
2003-09-04,18.709999084472656,VIX
2003-09-05,18.170000076293945,VIX
2003-09-08,18.260000228881836,VIX
2003-09-09,18.850000381469727,VIX
2003-09-10,20.010000228881836,VIX
2003-09-11,19.25,VIX
2003-09-12,18.68000030517578,VIX
2003-09-15,19.280000686645508,VIX
2003-09-16,18.030000686645508,VIX
2003-09-17,18.149999618530273,VIX
2003-09-18,17.56999969482422,VIX
2003-09-19,17.540000915527344,VIX
2003-09-22,19.649999618530273,VIX
2003-09-23,19.469999313354492,VIX
2003-09-24,21.219999313354492,VIX
2003-09-25,22.260000228881836,VIX
2003-09-26,22.229999542236328,VIX
2003-09-29,21.670000076293945,VIX
2003-09-30,22.719999313354492,VIX
2003-10-01,21.06999969482422,VIX
2003-10-02,20.799999237060547,VIX
2003-10-03,19.5,VIX
2003-10-06,19.510000228881836,VIX
2003-10-07,19.40999984741211,VIX
2003-10-08,19.18000030517578,VIX
2003-10-09,18.81999969482422,VIX
2003-10-10,18.450000762939453,VIX
2003-10-13,17.549999237060547,VIX
2003-10-14,17.3700008392334,VIX
2003-10-15,17.690000534057617,VIX
2003-10-16,17.190000534057617,VIX
2003-10-17,17.6200008392334,VIX
2003-10-20,17.040000915527344,VIX
2003-10-21,16.549999237060547,VIX
2003-10-22,17.670000076293945,VIX
2003-10-23,17.68000030517578,VIX
2003-10-24,17.709999084472656,VIX
2003-10-27,18.049999237060547,VIX
2003-10-28,16.81999969482422,VIX
2003-10-29,16.43000030517578,VIX
2003-10-30,16.329999923706055,VIX
2003-10-31,16.100000381469727,VIX
2003-11-03,16.549999237060547,VIX
2003-11-04,16.549999237060547,VIX
2003-11-05,16.860000610351562,VIX
2003-11-06,16.739999771118164,VIX
2003-11-07,16.93000030517578,VIX
2003-11-10,17.6200008392334,VIX
2003-11-11,17.540000915527344,VIX
2003-11-12,16.75,VIX
2003-11-13,16.469999313354492,VIX
2003-11-14,16.940000534057617,VIX
2003-11-17,18.600000381469727,VIX
2003-11-18,19.110000610351562,VIX
2003-11-19,18.799999237060547,VIX
2003-11-20,19.479999542236328,VIX
2003-11-21,18.979999542236328,VIX
2003-11-24,17.440000534057617,VIX
2003-11-25,16.709999084472656,VIX
2003-11-26,16.229999542236328,VIX
2003-11-28,16.31999969482422,VIX
2003-12-01,16.770000457763672,VIX
2003-12-02,16.270000457763672,VIX
2003-12-03,16.6299991607666,VIX
2003-12-04,16.299999237060547,VIX
2003-12-05,17.09000015258789,VIX
2003-12-08,16.540000915527344,VIX
2003-12-09,17.6299991607666,VIX
2003-12-10,17.8700008392334,VIX
2003-12-11,16.729999542236328,VIX
2003-12-12,16.40999984741211,VIX
2003-12-15,17.229999542236328,VIX
2003-12-16,15.930000305175781,VIX
2003-12-17,15.579999923706055,VIX
2003-12-18,16.15999984741211,VIX
2003-12-19,16.420000076293945,VIX
2003-12-22,16.940000534057617,VIX
2003-12-23,16.489999771118164,VIX
2003-12-24,16.65999984741211,VIX
2003-12-26,17.450000762939453,VIX
2003-12-29,17.09000015258789,VIX
2003-12-30,17.68000030517578,VIX
2003-12-31,18.309999465942383,VIX
2004-01-02,18.219999313354492,VIX
2004-01-05,17.489999771118164,VIX
2004-01-06,16.729999542236328,VIX
2004-01-07,15.5,VIX
2004-01-08,15.609999656677246,VIX
2004-01-09,16.75,VIX
2004-01-12,16.81999969482422,VIX
2004-01-13,18.040000915527344,VIX
2004-01-14,16.75,VIX
2004-01-15,15.5600004196167,VIX
2004-01-16,15.0,VIX
2004-01-20,15.210000038146973,VIX
2004-01-21,14.34000015258789,VIX
2004-01-22,14.710000038146973,VIX
2004-01-23,14.84000015258789,VIX
2004-01-26,14.550000190734863,VIX
2004-01-27,15.350000381469727,VIX
2004-01-28,16.780000686645508,VIX
2004-01-29,17.139999389648438,VIX
2004-01-30,16.6299991607666,VIX
2004-02-02,17.110000610351562,VIX
2004-02-03,17.34000015258789,VIX
2004-02-04,17.8700008392334,VIX
2004-02-05,17.709999084472656,VIX
2004-02-06,16.0,VIX
2004-02-09,16.389999389648438,VIX
2004-02-10,15.9399995803833,VIX
2004-02-11,15.390000343322754,VIX
2004-02-12,15.3100004196167,VIX
2004-02-13,15.579999923706055,VIX
2004-02-17,15.399999618530273,VIX
2004-02-18,15.59000015258789,VIX
2004-02-19,15.800000190734863,VIX
2004-02-20,16.040000915527344,VIX
2004-02-23,16.290000915527344,VIX
2004-02-24,15.899999618530273,VIX
2004-02-25,14.930000305175781,VIX
2004-02-26,14.829999923706055,VIX
2004-02-27,14.550000190734863,VIX
2004-03-01,14.4399995803833,VIX
2004-03-02,14.859999656677246,VIX
2004-03-03,14.550000190734863,VIX
2004-03-04,14.399999618530273,VIX
2004-03-05,14.479999542236328,VIX
2004-03-08,15.789999961853027,VIX
2004-03-09,16.600000381469727,VIX
2004-03-10,18.670000076293945,VIX
2004-03-11,20.670000076293945,VIX
2004-03-12,18.299999237060547,VIX
2004-03-15,21.1299991607666,VIX
2004-03-16,20.34000015258789,VIX
2004-03-17,18.110000610351562,VIX
2004-03-18,18.530000686645508,VIX
2004-03-19,19.149999618530273,VIX
2004-03-22,21.579999923706055,VIX
2004-03-23,20.670000076293945,VIX
2004-03-24,19.809999465942383,VIX
2004-03-25,17.8799991607666,VIX
2004-03-26,17.329999923706055,VIX
2004-03-29,16.5,VIX
2004-03-30,16.280000686645508,VIX
2004-03-31,16.739999771118164,VIX
2004-04-01,16.649999618530273,VIX
2004-04-02,15.640000343322754,VIX
2004-04-05,14.970000267028809,VIX
2004-04-06,15.319999694824219,VIX
2004-04-07,15.760000228881836,VIX
2004-04-08,16.260000228881836,VIX
2004-04-12,15.279999732971191,VIX
2004-04-13,17.260000228881836,VIX
2004-04-14,15.619999885559082,VIX
2004-04-15,15.739999771118164,VIX
2004-04-16,14.9399995803833,VIX
2004-04-19,15.420000076293945,VIX
2004-04-20,16.670000076293945,VIX
2004-04-21,15.600000381469727,VIX
2004-04-22,14.609999656677246,VIX
2004-04-23,14.010000228881836,VIX
2004-04-26,14.770000457763672,VIX
2004-04-27,15.069999694824219,VIX
2004-04-28,16.290000915527344,VIX
2004-04-29,16.600000381469727,VIX
2004-04-30,17.190000534057617,VIX
2004-05-03,16.6200008392334,VIX
2004-05-04,16.549999237060547,VIX
2004-05-05,15.770000457763672,VIX
2004-05-06,17.049999237060547,VIX
2004-05-07,18.1299991607666,VIX
2004-05-10,19.770000457763672,VIX
2004-05-11,18.56999969482422,VIX
2004-05-12,18.139999389648438,VIX
2004-05-13,18.860000610351562,VIX
2004-05-14,18.469999313354492,VIX
2004-05-17,19.959999084472656,VIX
2004-05-18,19.329999923706055,VIX
2004-05-19,18.93000030517578,VIX
2004-05-20,18.670000076293945,VIX
2004-05-21,18.489999771118164,VIX
2004-05-24,18.079999923706055,VIX
2004-05-25,15.960000038146973,VIX
2004-05-26,15.970000267028809,VIX
2004-05-27,15.279999732971191,VIX
2004-05-28,15.5,VIX
2004-06-01,16.299999237060547,VIX
2004-06-02,16.079999923706055,VIX
2004-06-03,17.030000686645508,VIX
2004-06-04,16.780000686645508,VIX
2004-06-07,15.390000343322754,VIX
2004-06-08,15.010000228881836,VIX
2004-06-09,15.390000343322754,VIX
2004-06-10,15.039999961853027,VIX
2004-06-14,16.06999969482422,VIX
2004-06-15,15.050000190734863,VIX
2004-06-16,14.789999961853027,VIX
2004-06-17,15.149999618530273,VIX
2004-06-18,14.989999771118164,VIX
2004-06-21,15.260000228881836,VIX
2004-06-22,14.3100004196167,VIX
2004-06-23,13.979999542236328,VIX
2004-06-24,14.8100004196167,VIX
2004-06-25,15.1899995803833,VIX
2004-06-28,16.06999969482422,VIX
2004-06-29,15.470000267028809,VIX
2004-06-30,14.34000015258789,VIX
2004-07-01,15.199999809265137,VIX
2004-07-02,15.079999923706055,VIX
2004-07-06,16.25,VIX
2004-07-07,15.8100004196167,VIX
2004-07-08,16.200000762939453,VIX
2004-07-09,15.779999732971191,VIX
2004-07-12,14.960000038146973,VIX
2004-07-13,14.460000038146973,VIX
2004-07-14,13.760000228881836,VIX
2004-07-15,14.710000038146973,VIX
2004-07-16,14.34000015258789,VIX
2004-07-19,15.170000076293945,VIX
2004-07-20,14.170000076293945,VIX
2004-07-21,16.40999984741211,VIX
2004-07-22,15.75,VIX
2004-07-23,16.5,VIX
2004-07-26,17.299999237060547,VIX
2004-07-27,16.549999237060547,VIX
2004-07-28,16.149999618530273,VIX
2004-07-29,15.680000305175781,VIX
2004-07-30,15.319999694824219,VIX
2004-08-02,15.369999885559082,VIX
2004-08-03,16.030000686645508,VIX
2004-08-04,16.209999084472656,VIX
2004-08-05,18.31999969482422,VIX
2004-08-06,19.34000015258789,VIX
2004-08-09,18.889999389648438,VIX
2004-08-10,17.469999313354492,VIX
2004-08-11,18.040000915527344,VIX
2004-08-12,19.079999923706055,VIX
2004-08-13,17.979999542236328,VIX
2004-08-16,17.56999969482422,VIX
2004-08-17,17.020000457763672,VIX
2004-08-18,16.229999542236328,VIX
2004-08-19,16.959999084472656,VIX
2004-08-20,16.0,VIX
2004-08-23,15.880000114440918,VIX
2004-08-24,15.329999923706055,VIX
2004-08-25,14.979999542236328,VIX
2004-08-26,14.90999984741211,VIX
2004-08-27,14.710000038146973,VIX
2004-08-30,15.4399995803833,VIX
2004-08-31,15.289999961853027,VIX
2004-09-01,14.90999984741211,VIX
2004-09-02,14.279999732971191,VIX
2004-09-03,13.90999984741211,VIX
2004-09-07,14.069999694824219,VIX
2004-09-08,14.0600004196167,VIX
2004-09-09,14.010000228881836,VIX
2004-09-10,13.760000228881836,VIX
2004-09-13,13.170000076293945,VIX
2004-09-14,13.5600004196167,VIX
2004-09-15,14.640000343322754,VIX
2004-09-16,14.390000343322754,VIX
2004-09-17,14.029999732971191,VIX
2004-09-20,14.430000305175781,VIX
2004-09-21,13.65999984741211,VIX
2004-09-22,14.739999771118164,VIX
2004-09-23,14.800000190734863,VIX
2004-09-24,14.279999732971191,VIX
2004-09-27,14.619999885559082,VIX
2004-09-28,13.829999923706055,VIX
2004-09-29,13.210000038146973,VIX
2004-09-30,13.34000015258789,VIX
2004-10-01,12.75,VIX
2004-10-04,13.40999984741211,VIX
2004-10-05,13.949999809265137,VIX
2004-10-06,13.279999732971191,VIX
2004-10-07,14.5,VIX
2004-10-08,15.050000190734863,VIX
2004-10-11,14.710000038146973,VIX
2004-10-12,15.050000190734863,VIX
2004-10-13,15.420000076293945,VIX
2004-10-14,16.43000030517578,VIX
2004-10-15,15.039999961853027,VIX
2004-10-18,14.710000038146973,VIX
2004-10-19,15.130000114440918,VIX
2004-10-20,14.850000381469727,VIX
2004-10-21,14.539999961853027,VIX
2004-10-22,15.279999732971191,VIX
2004-10-25,16.579999923706055,VIX
2004-10-26,16.389999389648438,VIX
2004-10-27,15.720000267028809,VIX
2004-10-28,15.390000343322754,VIX
2004-10-29,16.270000457763672,VIX
2004-11-01,16.270000457763672,VIX
2004-11-02,16.18000030517578,VIX
2004-11-03,14.039999961853027,VIX
2004-11-04,13.970000267028809,VIX
2004-11-05,13.84000015258789,VIX
2004-11-08,13.800000190734863,VIX
2004-11-09,13.609999656677246,VIX
2004-11-10,13.079999923706055,VIX
2004-11-11,13.039999961853027,VIX
2004-11-12,13.329999923706055,VIX
2004-11-15,13.380000114440918,VIX
2004-11-16,13.210000038146973,VIX
2004-11-17,13.210000038146973,VIX
2004-11-18,12.979999542236328,VIX
2004-11-19,13.5,VIX
2004-11-22,12.970000267028809,VIX
2004-11-23,12.670000076293945,VIX
2004-11-24,12.720000267028809,VIX
2004-11-26,12.779999732971191,VIX
2004-11-29,13.300000190734863,VIX
2004-11-30,13.239999771118164,VIX
2004-12-01,12.970000267028809,VIX
2004-12-02,12.979999542236328,VIX
2004-12-03,12.960000038146973,VIX
2004-12-06,13.1899995803833,VIX
2004-12-07,13.670000076293945,VIX
2004-12-08,13.1899995803833,VIX
2004-12-09,12.880000114440918,VIX
2004-12-10,12.760000228881836,VIX
2004-12-13,12.539999961853027,VIX
2004-12-14,12.729999542236328,VIX
2004-12-15,12.350000381469727,VIX
2004-12-16,12.270000457763672,VIX
2004-12-17,11.949999809265137,VIX
2004-12-20,11.829999923706055,VIX
2004-12-21,11.550000190734863,VIX
2004-12-22,11.449999809265137,VIX
2004-12-23,11.229999542236328,VIX
2004-12-27,12.140000343322754,VIX
2004-12-28,12.0,VIX
2004-12-29,11.619999885559082,VIX
2004-12-30,12.5600004196167,VIX
2004-12-31,13.289999961853027,VIX
2005-01-03,14.079999923706055,VIX
2005-01-04,13.979999542236328,VIX
2005-01-05,14.09000015258789,VIX
2005-01-06,13.579999923706055,VIX
2005-01-07,13.489999771118164,VIX
2005-01-10,13.229999542236328,VIX
2005-01-11,13.1899995803833,VIX
2005-01-12,12.5600004196167,VIX
2005-01-13,12.84000015258789,VIX
2005-01-14,12.430000305175781,VIX
2005-01-18,12.470000267028809,VIX
2005-01-19,13.180000305175781,VIX
2005-01-20,13.829999923706055,VIX
2005-01-21,14.359999656677246,VIX
2005-01-24,14.649999618530273,VIX
2005-01-25,14.0600004196167,VIX
2005-01-26,13.4399995803833,VIX
2005-01-27,13.239999771118164,VIX
2005-01-28,13.239999771118164,VIX
2005-01-31,12.819999694824219,VIX
2005-02-01,12.029999732971191,VIX
2005-02-02,11.65999984741211,VIX
2005-02-03,11.789999961853027,VIX
2005-02-04,11.210000038146973,VIX
2005-02-07,11.729999542236328,VIX
2005-02-08,11.600000381469727,VIX
2005-02-09,12.0,VIX
2005-02-10,11.510000228881836,VIX
2005-02-11,11.430000305175781,VIX
2005-02-14,11.520000457763672,VIX
2005-02-15,11.270000457763672,VIX
2005-02-16,11.100000381469727,VIX
2005-02-17,11.770000457763672,VIX
2005-02-18,11.180000305175781,VIX
2005-02-22,13.140000343322754,VIX
2005-02-23,12.390000343322754,VIX
2005-02-24,11.569999694824219,VIX
2005-02-25,11.489999771118164,VIX
2005-02-28,12.079999923706055,VIX
2005-03-01,12.039999961853027,VIX
2005-03-02,12.5,VIX
2005-03-03,12.930000305175781,VIX
2005-03-04,11.9399995803833,VIX
2005-03-07,12.260000228881836,VIX
2005-03-08,12.399999618530273,VIX
2005-03-09,12.699999809265137,VIX
2005-03-10,12.489999771118164,VIX
2005-03-11,12.800000190734863,VIX
2005-03-14,12.390000343322754,VIX
2005-03-15,13.149999618530273,VIX
2005-03-16,13.489999771118164,VIX
2005-03-17,13.289999961853027,VIX
2005-03-18,13.140000343322754,VIX
2005-03-21,13.609999656677246,VIX
2005-03-22,14.270000457763672,VIX
2005-03-23,14.0600004196167,VIX
2005-03-24,13.420000076293945,VIX
2005-03-28,13.75,VIX
2005-03-29,14.489999771118164,VIX
2005-03-30,13.640000343322754,VIX
2005-03-31,14.020000457763672,VIX
2005-04-01,14.09000015258789,VIX
2005-04-04,14.109999656677246,VIX
2005-04-05,13.680000305175781,VIX
2005-04-06,13.149999618530273,VIX
2005-04-07,12.329999923706055,VIX
2005-04-08,12.619999885559082,VIX
2005-04-11,11.979999542236328,VIX
2005-04-12,11.300000190734863,VIX
2005-04-13,13.3100004196167,VIX
2005-04-14,14.529999732971191,VIX
2005-04-15,17.739999771118164,VIX
2005-04-18,16.559999465942383,VIX
2005-04-19,14.960000038146973,VIX
2005-04-20,16.920000076293945,VIX
2005-04-21,14.40999984741211,VIX
2005-04-22,15.380000114440918,VIX
2005-04-25,14.619999885559082,VIX
2005-04-26,14.90999984741211,VIX
2005-04-27,14.869999885559082,VIX
2005-04-28,16.860000610351562,VIX
2005-04-29,15.3100004196167,VIX
2005-05-02,15.119999885559082,VIX
2005-05-03,14.529999732971191,VIX
2005-05-04,13.850000381469727,VIX
2005-05-05,13.979999542236328,VIX
2005-05-06,14.050000190734863,VIX
2005-05-09,13.75,VIX
2005-05-10,14.90999984741211,VIX
2005-05-11,14.449999809265137,VIX
2005-05-12,16.1200008392334,VIX
2005-05-13,16.31999969482422,VIX
2005-05-16,15.680000305175781,VIX
2005-05-17,14.569999694824219,VIX
2005-05-18,13.630000114440918,VIX
2005-05-19,13.319999694824219,VIX
2005-05-20,13.140000343322754,VIX
2005-05-23,12.949999809265137,VIX
2005-05-24,12.6899995803833,VIX
2005-05-25,12.579999923706055,VIX
2005-05-26,12.239999771118164,VIX
2005-05-27,12.149999618530273,VIX
2005-05-31,13.289999961853027,VIX
2005-06-01,12.359999656677246,VIX
2005-06-02,11.84000015258789,VIX
2005-06-03,12.149999618530273,VIX
2005-06-06,12.279999732971191,VIX
2005-06-07,12.390000343322754,VIX
2005-06-08,12.699999809265137,VIX
2005-06-09,12.079999923706055,VIX
2005-06-10,11.960000038146973,VIX
2005-06-13,11.649999618530273,VIX
2005-06-14,11.789999961853027,VIX
2005-06-15,11.460000038146973,VIX
2005-06-16,11.149999618530273,VIX
2005-06-17,11.479999542236328,VIX
2005-06-20,11.470000267028809,VIX
2005-06-21,11.079999923706055,VIX
2005-06-22,11.050000190734863,VIX
2005-06-23,12.130000114440918,VIX
2005-06-24,12.180000305175781,VIX
2005-06-27,12.520000457763672,VIX
2005-06-28,11.579999923706055,VIX
2005-06-29,11.770000457763672,VIX
2005-06-30,12.039999961853027,VIX
2005-07-01,11.399999618530273,VIX
2005-07-05,11.680000305175781,VIX
2005-07-06,12.270000457763672,VIX
2005-07-07,12.489999771118164,VIX
2005-07-08,11.449999809265137,VIX
2005-07-11,11.279999732971191,VIX
2005-07-12,10.949999809265137,VIX
2005-07-13,10.84000015258789,VIX
2005-07-14,10.8100004196167,VIX
2005-07-15,10.329999923706055,VIX
2005-07-18,10.770000457763672,VIX
2005-07-19,10.449999809265137,VIX
2005-07-20,10.229999542236328,VIX
2005-07-21,10.970000267028809,VIX
2005-07-22,10.520000457763672,VIX
2005-07-25,11.100000381469727,VIX
2005-07-26,10.989999771118164,VIX
2005-07-27,10.359999656677246,VIX
2005-07-28,10.520000457763672,VIX
2005-07-29,11.569999694824219,VIX
2005-08-01,12.079999923706055,VIX
2005-08-02,11.75,VIX
2005-08-03,11.829999923706055,VIX
2005-08-04,12.520000457763672,VIX
2005-08-05,12.479999542236328,VIX
2005-08-08,13.210000038146973,VIX
2005-08-09,12.399999618530273,VIX
2005-08-10,12.380000114440918,VIX
2005-08-11,12.420000076293945,VIX
2005-08-12,12.739999771118164,VIX
2005-08-15,12.260000228881836,VIX
2005-08-16,13.520000457763672,VIX
2005-08-17,13.300000190734863,VIX
2005-08-18,13.420000076293945,VIX
2005-08-19,13.420000076293945,VIX
2005-08-22,13.420000076293945,VIX
2005-08-23,13.34000015258789,VIX
2005-08-24,14.170000076293945,VIX
2005-08-25,13.729999542236328,VIX
2005-08-26,13.720000267028809,VIX
2005-08-29,13.520000457763672,VIX
2005-08-30,13.649999618530273,VIX
2005-08-31,12.600000381469727,VIX
2005-09-01,13.149999618530273,VIX
2005-09-02,13.569999694824219,VIX
2005-09-06,12.930000305175781,VIX
2005-09-07,12.520000457763672,VIX
2005-09-08,12.930000305175781,VIX
2005-09-09,11.979999542236328,VIX
2005-09-12,11.649999618530273,VIX
2005-09-13,12.390000343322754,VIX
2005-09-14,12.90999984741211,VIX
2005-09-15,12.489999771118164,VIX
2005-09-16,11.220000267028809,VIX
2005-09-19,12.140000343322754,VIX
2005-09-20,12.640000343322754,VIX
2005-09-21,13.789999961853027,VIX
2005-09-22,13.329999923706055,VIX
2005-09-23,12.960000038146973,VIX
2005-09-26,13.039999961853027,VIX
2005-09-27,12.760000228881836,VIX
2005-09-28,12.630000114440918,VIX
2005-09-29,12.239999771118164,VIX
2005-09-30,11.920000076293945,VIX
2005-10-03,12.460000038146973,VIX
2005-10-04,13.199999809265137,VIX
2005-10-05,14.550000190734863,VIX
2005-10-06,14.960000038146973,VIX
2005-10-07,14.59000015258789,VIX
2005-10-10,15.550000190734863,VIX
2005-10-11,15.630000114440918,VIX
2005-10-12,16.219999313354492,VIX
2005-10-13,16.469999313354492,VIX
2005-10-14,14.869999885559082,VIX
2005-10-17,14.670000076293945,VIX
2005-10-18,15.329999923706055,VIX
2005-10-19,13.5,VIX
2005-10-20,16.110000610351562,VIX
2005-10-21,16.1299991607666,VIX
2005-10-24,14.739999771118164,VIX
2005-10-25,14.529999732971191,VIX
2005-10-26,14.59000015258789,VIX
2005-10-27,16.020000457763672,VIX
2005-10-28,14.25,VIX
2005-10-31,15.319999694824219,VIX
2005-11-01,14.850000381469727,VIX
2005-11-02,13.479999542236328,VIX
2005-11-03,13.0,VIX
2005-11-04,13.170000076293945,VIX
2005-11-07,13.100000381469727,VIX
2005-11-08,13.079999923706055,VIX
2005-11-09,12.800000190734863,VIX
2005-11-10,11.899999618530273,VIX
2005-11-11,11.630000114440918,VIX
2005-11-14,12.180000305175781,VIX
2005-11-15,12.229999542236328,VIX
2005-11-16,12.260000228881836,VIX
2005-11-17,11.25,VIX
2005-11-18,11.119999885559082,VIX
2005-11-21,10.819999694824219,VIX
2005-11-22,10.600000381469727,VIX
2005-11-23,10.960000038146973,VIX
2005-11-25,10.880000114440918,VIX
2005-11-28,11.84000015258789,VIX
2005-11-29,11.890000343322754,VIX
2005-11-30,12.0600004196167,VIX
2005-12-01,11.239999771118164,VIX
2005-12-02,11.010000228881836,VIX
2005-12-05,11.600000381469727,VIX
2005-12-06,11.520000457763672,VIX
2005-12-07,12.180000305175781,VIX
2005-12-08,12.210000038146973,VIX
2005-12-09,11.6899995803833,VIX
2005-12-12,11.470000267028809,VIX
2005-12-13,11.109999656677246,VIX
2005-12-14,10.479999542236328,VIX
2005-12-15,10.729999542236328,VIX
2005-12-16,10.680000305175781,VIX
2005-12-19,11.380000114440918,VIX
2005-12-20,11.1899995803833,VIX
2005-12-21,10.8100004196167,VIX
2005-12-22,10.289999961853027,VIX
2005-12-23,10.270000457763672,VIX
2005-12-27,11.569999694824219,VIX
2005-12-28,11.350000381469727,VIX
2005-12-29,11.609999656677246,VIX
2005-12-30,12.069999694824219,VIX
2006-01-03,11.140000343322754,VIX
2006-01-04,11.369999885559082,VIX
2006-01-05,11.3100004196167,VIX
2006-01-06,11.0,VIX
2006-01-09,11.130000114440918,VIX
2006-01-10,10.859999656677246,VIX
2006-01-11,10.9399995803833,VIX
2006-01-12,11.199999809265137,VIX
2006-01-13,11.229999542236328,VIX
2006-01-17,11.90999984741211,VIX
2006-01-18,12.25,VIX
2006-01-19,11.979999542236328,VIX
2006-01-20,14.5600004196167,VIX
2006-01-23,13.930000305175781,VIX
2006-01-24,13.3100004196167,VIX
2006-01-25,12.869999885559082,VIX
2006-01-26,12.420000076293945,VIX
2006-01-27,11.970000267028809,VIX
2006-01-30,12.390000343322754,VIX
2006-01-31,12.949999809265137,VIX
2006-02-01,12.359999656677246,VIX
2006-02-02,13.229999542236328,VIX
2006-02-03,12.960000038146973,VIX
2006-02-06,13.039999961853027,VIX
2006-02-07,13.59000015258789,VIX
2006-02-08,12.829999923706055,VIX
2006-02-09,13.119999885559082,VIX
2006-02-10,12.869999885559082,VIX
2006-02-13,13.350000381469727,VIX
2006-02-14,12.25,VIX
2006-02-15,12.3100004196167,VIX
2006-02-16,11.479999542236328,VIX
2006-02-17,12.010000228881836,VIX
2006-02-21,12.40999984741211,VIX
2006-02-22,11.880000114440918,VIX
2006-02-23,11.869999885559082,VIX
2006-02-24,11.460000038146973,VIX
2006-02-27,11.59000015258789,VIX
2006-02-28,12.34000015258789,VIX
2006-03-01,11.539999961853027,VIX
2006-03-02,11.720000267028809,VIX
2006-03-03,11.960000038146973,VIX
2006-03-06,12.739999771118164,VIX
2006-03-07,12.65999984741211,VIX
2006-03-08,12.319999694824219,VIX
2006-03-09,12.680000305175781,VIX
2006-03-10,11.850000381469727,VIX
2006-03-13,11.369999885559082,VIX
2006-03-14,10.739999771118164,VIX
2006-03-15,11.350000381469727,VIX
2006-03-16,11.979999542236328,VIX
2006-03-17,12.119999885559082,VIX
2006-03-20,11.789999961853027,VIX
2006-03-21,11.619999885559082,VIX
2006-03-22,11.210000038146973,VIX
2006-03-23,11.170000076293945,VIX
2006-03-24,11.1899995803833,VIX
2006-03-27,11.460000038146973,VIX
2006-03-28,11.579999923706055,VIX
2006-03-29,10.949999809265137,VIX
2006-03-30,11.569999694824219,VIX
2006-03-31,11.390000343322754,VIX
2006-04-03,11.569999694824219,VIX
2006-04-04,11.140000343322754,VIX
2006-04-05,11.130000114440918,VIX
2006-04-06,11.449999809265137,VIX
2006-04-07,12.260000228881836,VIX
2006-04-10,12.1899995803833,VIX
2006-04-11,13.0,VIX
2006-04-12,12.760000228881836,VIX
2006-04-13,12.380000114440918,VIX
2006-04-17,12.579999923706055,VIX
2006-04-18,11.399999618530273,VIX
2006-04-19,11.319999694824219,VIX
2006-04-20,11.640000343322754,VIX
2006-04-21,11.59000015258789,VIX
2006-04-24,11.75,VIX
2006-04-25,11.75,VIX
2006-04-26,11.760000228881836,VIX
2006-04-27,11.84000015258789,VIX
2006-04-28,11.59000015258789,VIX
2006-05-01,12.539999961853027,VIX
2006-05-02,11.989999771118164,VIX
2006-05-03,11.989999771118164,VIX
2006-05-04,11.859999656677246,VIX
2006-05-05,11.619999885559082,VIX
2006-05-08,12.0,VIX
2006-05-09,11.989999771118164,VIX
2006-05-10,11.779999732971191,VIX
2006-05-11,12.489999771118164,VIX
2006-05-12,14.1899995803833,VIX
2006-05-15,13.569999694824219,VIX
2006-05-16,13.350000381469727,VIX
2006-05-17,16.260000228881836,VIX
2006-05-18,16.989999771118164,VIX
2006-05-19,17.18000030517578,VIX
2006-05-22,17.719999313354492,VIX
2006-05-23,18.260000228881836,VIX
2006-05-24,17.360000610351562,VIX
2006-05-25,15.5,VIX
2006-05-26,14.260000228881836,VIX
2006-05-30,18.65999984741211,VIX
2006-05-31,16.440000534057617,VIX
2006-06-01,14.520000457763672,VIX
2006-06-02,14.319999694824219,VIX
2006-06-05,16.649999618530273,VIX
2006-06-06,17.34000015258789,VIX
2006-06-07,17.799999237060547,VIX
2006-06-08,18.350000381469727,VIX
2006-06-09,18.1200008392334,VIX
2006-06-12,20.959999084472656,VIX
2006-06-13,23.809999465942383,VIX
2006-06-14,21.459999084472656,VIX
2006-06-15,15.899999618530273,VIX
2006-06-16,17.25,VIX
2006-06-19,17.829999923706055,VIX
2006-06-20,16.690000534057617,VIX
2006-06-21,15.520000457763672,VIX
2006-06-22,15.880000114440918,VIX
2006-06-23,15.890000343322754,VIX
2006-06-26,15.619999885559082,VIX
2006-06-27,16.399999618530273,VIX
2006-06-28,15.789999961853027,VIX
2006-06-29,13.029999732971191,VIX
2006-06-30,13.079999923706055,VIX
2006-07-03,13.050000190734863,VIX
2006-07-05,14.149999618530273,VIX
2006-07-06,13.649999618530273,VIX
2006-07-07,13.970000267028809,VIX
2006-07-10,14.020000457763672,VIX
2006-07-11,13.140000343322754,VIX
2006-07-12,14.489999771118164,VIX
2006-07-13,17.790000915527344,VIX
2006-07-14,18.049999237060547,VIX
2006-07-17,18.639999389648438,VIX
2006-07-18,17.739999771118164,VIX
2006-07-19,15.550000190734863,VIX
2006-07-20,16.209999084472656,VIX
2006-07-21,17.399999618530273,VIX
2006-07-24,14.979999542236328,VIX
2006-07-25,14.850000381469727,VIX
2006-07-26,14.619999885559082,VIX
2006-07-27,14.9399995803833,VIX
2006-07-28,14.329999923706055,VIX
2006-07-31,14.949999809265137,VIX
2006-08-01,15.050000190734863,VIX
2006-08-02,14.34000015258789,VIX
2006-08-03,14.460000038146973,VIX
2006-08-04,14.34000015258789,VIX
2006-08-07,15.229999542236328,VIX
2006-08-08,15.229999542236328,VIX
2006-08-09,15.199999809265137,VIX
2006-08-10,14.460000038146973,VIX
2006-08-11,14.300000190734863,VIX
2006-08-14,14.260000228881836,VIX
2006-08-15,13.420000076293945,VIX
2006-08-16,12.40999984741211,VIX
2006-08-17,12.239999771118164,VIX
2006-08-18,11.640000343322754,VIX
2006-08-21,12.220000267028809,VIX
2006-08-22,12.1899995803833,VIX
2006-08-23,12.399999618530273,VIX
2006-08-24,12.399999618530273,VIX
2006-08-25,12.3100004196167,VIX
2006-08-28,12.180000305175781,VIX
2006-08-29,12.279999732971191,VIX
2006-08-30,12.220000267028809,VIX
2006-08-31,12.3100004196167,VIX
2006-09-01,11.960000038146973,VIX
2006-09-05,12.630000114440918,VIX
2006-09-06,13.739999771118164,VIX
2006-09-07,13.880000114440918,VIX
2006-09-08,13.15999984741211,VIX
2006-09-11,12.989999771118164,VIX
2006-09-12,11.920000076293945,VIX
2006-09-13,11.180000305175781,VIX
2006-09-14,11.550000190734863,VIX
2006-09-15,11.760000228881836,VIX
2006-09-18,11.779999732971191,VIX
2006-09-19,11.979999542236328,VIX
2006-09-20,11.390000343322754,VIX
2006-09-21,12.25,VIX
2006-09-22,12.59000015258789,VIX
2006-09-25,12.119999885559082,VIX
2006-09-26,11.529999732971191,VIX
2006-09-27,11.579999923706055,VIX
2006-09-28,11.720000267028809,VIX
2006-09-29,11.979999542236328,VIX
2006-10-02,12.569999694824219,VIX
2006-10-03,12.239999771118164,VIX
2006-10-04,11.859999656677246,VIX
2006-10-05,11.979999542236328,VIX
2006-10-06,11.5600004196167,VIX
2006-10-09,11.680000305175781,VIX
2006-10-10,11.520000457763672,VIX
2006-10-11,11.619999885559082,VIX
2006-10-12,11.09000015258789,VIX
2006-10-13,10.75,VIX
2006-10-16,11.09000015258789,VIX
2006-10-17,11.729999542236328,VIX
2006-10-18,11.34000015258789,VIX
2006-10-19,10.899999618530273,VIX
2006-10-20,10.630000114440918,VIX
2006-10-23,11.079999923706055,VIX
2006-10-24,10.779999732971191,VIX
2006-10-25,10.65999984741211,VIX
2006-10-26,10.5600004196167,VIX
2006-10-27,10.800000190734863,VIX
2006-10-30,11.199999809265137,VIX
2006-10-31,11.100000381469727,VIX
2006-11-01,11.510000228881836,VIX
2006-11-02,11.420000076293945,VIX
2006-11-03,11.15999984741211,VIX
2006-11-06,11.15999984741211,VIX
2006-11-07,11.09000015258789,VIX
2006-11-08,10.75,VIX
2006-11-09,11.010000228881836,VIX
2006-11-10,10.789999961853027,VIX
2006-11-13,10.859999656677246,VIX
2006-11-14,10.5,VIX
2006-11-15,10.3100004196167,VIX
2006-11-16,10.15999984741211,VIX
2006-11-17,10.050000190734863,VIX
2006-11-20,9.970000267028809,VIX
2006-11-21,9.899999618530273,VIX
2006-11-22,10.140000343322754,VIX
2006-11-24,10.729999542236328,VIX
2006-11-27,12.300000190734863,VIX
2006-11-28,11.619999885559082,VIX
2006-11-29,10.829999923706055,VIX
2006-11-30,10.90999984741211,VIX
2006-12-01,11.65999984741211,VIX
2006-12-04,11.229999542236328,VIX
2006-12-05,11.270000457763672,VIX
2006-12-06,11.329999923706055,VIX
2006-12-07,12.670000076293945,VIX
2006-12-08,12.069999694824219,VIX
2006-12-11,10.710000038146973,VIX
2006-12-12,10.649999618530273,VIX
2006-12-13,10.180000305175781,VIX
2006-12-14,9.970000267028809,VIX
2006-12-15,10.050000190734863,VIX
2006-12-18,10.600000381469727,VIX
2006-12-19,10.300000190734863,VIX
2006-12-20,10.260000228881836,VIX
2006-12-21,10.529999732971191,VIX
2006-12-22,11.359999656677246,VIX
2006-12-26,11.260000228881836,VIX
2006-12-27,10.640000343322754,VIX
2006-12-28,10.989999771118164,VIX
2006-12-29,11.5600004196167,VIX
2007-01-03,12.039999961853027,VIX
2007-01-04,11.510000228881836,VIX
2007-01-05,12.140000343322754,VIX
2007-01-08,12.0,VIX
2007-01-09,11.90999984741211,VIX
2007-01-10,11.470000267028809,VIX
2007-01-11,10.869999885559082,VIX
2007-01-12,10.149999618530273,VIX
2007-01-16,10.739999771118164,VIX
2007-01-17,10.59000015258789,VIX
2007-01-18,10.850000381469727,VIX
2007-01-19,10.399999618530273,VIX
2007-01-22,10.770000457763672,VIX
2007-01-23,10.34000015258789,VIX
2007-01-24,9.890000343322754,VIX
2007-01-25,11.220000267028809,VIX
2007-01-26,11.130000114440918,VIX
2007-01-29,11.449999809265137,VIX
2007-01-30,10.960000038146973,VIX
2007-01-31,10.420000076293945,VIX
2007-02-01,10.3100004196167,VIX
2007-02-02,10.079999923706055,VIX
2007-02-05,10.550000190734863,VIX
2007-02-06,10.649999618530273,VIX
2007-02-07,10.319999694824219,VIX
2007-02-08,10.4399995803833,VIX
2007-02-09,11.100000381469727,VIX
2007-02-12,11.609999656677246,VIX
2007-02-13,10.34000015258789,VIX
2007-02-14,10.229999542236328,VIX
2007-02-15,10.220000267028809,VIX
2007-02-16,10.020000457763672,VIX
2007-02-20,10.239999771118164,VIX
2007-02-21,10.199999809265137,VIX
2007-02-22,10.180000305175781,VIX
2007-02-23,10.579999923706055,VIX
2007-02-26,11.149999618530273,VIX
2007-02-27,18.309999465942383,VIX
2007-02-28,15.420000076293945,VIX
2007-03-01,15.819999694824219,VIX
2007-03-02,18.610000610351562,VIX
2007-03-05,19.6299991607666,VIX
2007-03-06,15.960000038146973,VIX
2007-03-07,15.239999771118164,VIX
2007-03-08,14.289999961853027,VIX
2007-03-09,14.09000015258789,VIX
2007-03-12,13.989999771118164,VIX
2007-03-13,18.1299991607666,VIX
2007-03-14,17.270000457763672,VIX
2007-03-15,16.43000030517578,VIX
2007-03-16,16.790000915527344,VIX
2007-03-19,14.59000015258789,VIX
2007-03-20,13.270000457763672,VIX
2007-03-21,12.1899995803833,VIX
2007-03-22,12.930000305175781,VIX
2007-03-23,12.949999809265137,VIX
2007-03-26,13.15999984741211,VIX
2007-03-27,13.479999542236328,VIX
2007-03-28,14.979999542236328,VIX
2007-03-29,15.140000343322754,VIX
2007-03-30,14.640000343322754,VIX
2007-04-02,14.529999732971191,VIX
2007-04-03,13.460000038146973,VIX
2007-04-04,13.239999771118164,VIX
2007-04-05,13.229999542236328,VIX
2007-04-09,13.140000343322754,VIX
2007-04-10,12.680000305175781,VIX
2007-04-11,13.489999771118164,VIX
2007-04-12,12.710000038146973,VIX
2007-04-13,12.199999809265137,VIX
2007-04-16,11.979999542236328,VIX
2007-04-17,12.140000343322754,VIX
2007-04-18,12.420000076293945,VIX
2007-04-19,12.539999961853027,VIX
2007-04-20,12.069999694824219,VIX
2007-04-23,13.039999961853027,VIX
2007-04-24,13.119999885559082,VIX
2007-04-25,13.210000038146973,VIX
2007-04-26,12.789999961853027,VIX
2007-04-27,12.449999809265137,VIX
2007-04-30,14.220000267028809,VIX
2007-05-01,13.510000228881836,VIX
2007-05-02,13.079999923706055,VIX
2007-05-03,13.09000015258789,VIX
2007-05-04,12.90999984741211,VIX
2007-05-07,13.149999618530273,VIX
2007-05-08,13.210000038146973,VIX
2007-05-09,12.880000114440918,VIX
2007-05-10,13.600000381469727,VIX
2007-05-11,12.949999809265137,VIX
2007-05-14,13.960000038146973,VIX
2007-05-15,14.010000228881836,VIX
2007-05-16,13.5,VIX
2007-05-17,13.510000228881836,VIX
2007-05-18,12.760000228881836,VIX
2007-05-21,13.300000190734863,VIX
2007-05-22,13.0600004196167,VIX
2007-05-23,13.239999771118164,VIX
2007-05-24,14.079999923706055,VIX
2007-05-25,13.34000015258789,VIX
2007-05-29,13.529999732971191,VIX
2007-05-30,12.829999923706055,VIX
2007-05-31,13.050000190734863,VIX
2007-06-01,12.779999732971191,VIX
2007-06-04,13.289999961853027,VIX
2007-06-05,13.630000114440918,VIX
2007-06-06,14.869999885559082,VIX
2007-06-07,17.059999465942383,VIX
2007-06-08,14.84000015258789,VIX
2007-06-11,14.710000038146973,VIX
2007-06-12,16.670000076293945,VIX
2007-06-13,14.729999542236328,VIX
2007-06-14,13.640000343322754,VIX
2007-06-15,13.9399995803833,VIX
2007-06-18,13.420000076293945,VIX
2007-06-19,12.850000381469727,VIX
2007-06-20,14.670000076293945,VIX
2007-06-21,14.210000038146973,VIX
2007-06-22,15.75,VIX
2007-06-25,16.649999618530273,VIX
2007-06-26,18.889999389648438,VIX
2007-06-27,15.529999732971191,VIX
2007-06-28,15.539999961853027,VIX
2007-06-29,16.229999542236328,VIX
2007-07-02,15.399999618530273,VIX
2007-07-03,14.920000076293945,VIX
2007-07-05,15.479999542236328,VIX
2007-07-06,14.720000267028809,VIX
2007-07-09,15.15999984741211,VIX
2007-07-10,17.56999969482422,VIX
2007-07-11,16.639999389648438,VIX
2007-07-12,15.539999961853027,VIX
2007-07-13,15.149999618530273,VIX
2007-07-16,15.59000015258789,VIX
2007-07-17,15.630000114440918,VIX
2007-07-18,16.0,VIX
2007-07-19,15.229999542236328,VIX
2007-07-20,16.950000762939453,VIX
2007-07-23,16.809999465942383,VIX
2007-07-24,18.549999237060547,VIX
2007-07-25,18.100000381469727,VIX
2007-07-26,20.739999771118164,VIX
2007-07-27,24.170000076293945,VIX
2007-07-30,20.8700008392334,VIX
2007-07-31,23.520000457763672,VIX
2007-08-01,23.670000076293945,VIX
2007-08-02,21.219999313354492,VIX
2007-08-03,25.15999984741211,VIX
2007-08-06,22.940000534057617,VIX
2007-08-07,21.559999465942383,VIX
2007-08-08,21.450000762939453,VIX
2007-08-09,26.479999542236328,VIX
2007-08-10,28.299999237060547,VIX
2007-08-13,26.56999969482422,VIX
2007-08-14,27.68000030517578,VIX
2007-08-15,30.670000076293945,VIX
2007-08-16,30.829999923706055,VIX
2007-08-17,29.989999771118164,VIX
2007-08-20,26.329999923706055,VIX
2007-08-21,25.25,VIX
2007-08-22,22.889999389648438,VIX
2007-08-23,22.6200008392334,VIX
2007-08-24,20.719999313354492,VIX
2007-08-27,22.719999313354492,VIX
2007-08-28,26.299999237060547,VIX
2007-08-29,23.809999465942383,VIX
2007-08-30,25.059999465942383,VIX
2007-08-31,23.3799991607666,VIX
2007-09-04,22.780000686645508,VIX
2007-09-05,24.579999923706055,VIX
2007-09-06,23.989999771118164,VIX
2007-09-07,26.229999542236328,VIX
2007-09-10,27.3799991607666,VIX
2007-09-11,25.270000457763672,VIX
2007-09-12,24.959999084472656,VIX
2007-09-13,24.760000228881836,VIX
2007-09-14,24.920000076293945,VIX
2007-09-17,26.479999542236328,VIX
2007-09-18,20.350000381469727,VIX
2007-09-19,20.030000686645508,VIX
2007-09-20,20.450000762939453,VIX
2007-09-21,19.0,VIX
2007-09-24,19.3700008392334,VIX
2007-09-25,18.600000381469727,VIX
2007-09-26,17.6299991607666,VIX
2007-09-27,17.0,VIX
2007-09-28,18.0,VIX
2007-10-01,17.84000015258789,VIX
2007-10-02,18.489999771118164,VIX
2007-10-03,18.799999237060547,VIX
2007-10-04,18.440000534057617,VIX
2007-10-05,16.90999984741211,VIX
2007-10-08,17.459999084472656,VIX
2007-10-09,16.1200008392334,VIX
2007-10-10,16.670000076293945,VIX
2007-10-11,18.8799991607666,VIX
2007-10-12,17.729999542236328,VIX
2007-10-15,19.25,VIX
2007-10-16,20.020000457763672,VIX
2007-10-17,18.540000915527344,VIX
2007-10-18,18.5,VIX
2007-10-19,22.959999084472656,VIX
2007-10-22,21.639999389648438,VIX
2007-10-23,20.40999984741211,VIX
2007-10-24,20.799999237060547,VIX
2007-10-25,21.170000076293945,VIX
2007-10-26,19.559999465942383,VIX
2007-10-29,19.8700008392334,VIX
2007-10-30,21.06999969482422,VIX
2007-10-31,18.530000686645508,VIX
2007-11-01,23.209999084472656,VIX
2007-11-02,23.010000228881836,VIX
2007-11-05,24.309999465942383,VIX
2007-11-06,21.389999389648438,VIX
2007-11-07,26.489999771118164,VIX
2007-11-08,26.15999984741211,VIX
2007-11-09,28.5,VIX
2007-11-12,31.09000015258789,VIX
2007-11-13,24.100000381469727,VIX
2007-11-14,25.940000534057617,VIX
2007-11-15,28.059999465942383,VIX
2007-11-16,25.489999771118164,VIX
2007-11-19,26.010000228881836,VIX
2007-11-20,24.8799991607666,VIX
2007-11-21,26.84000015258789,VIX
2007-11-23,25.610000610351562,VIX
2007-11-26,28.90999984741211,VIX
2007-11-27,26.280000686645508,VIX
2007-11-28,24.110000610351562,VIX
2007-11-29,23.969999313354492,VIX
2007-11-30,22.8700008392334,VIX
2007-12-03,23.610000610351562,VIX
2007-12-04,23.790000915527344,VIX
2007-12-05,22.530000686645508,VIX
2007-12-06,20.959999084472656,VIX
2007-12-07,20.850000381469727,VIX
2007-12-10,20.739999771118164,VIX
2007-12-11,23.59000015258789,VIX
2007-12-12,22.469999313354492,VIX
2007-12-13,22.559999465942383,VIX
2007-12-14,23.270000457763672,VIX
2007-12-17,24.520000457763672,VIX
2007-12-18,22.639999389648438,VIX
2007-12-19,21.68000030517578,VIX
2007-12-20,20.579999923706055,VIX
2007-12-21,18.469999313354492,VIX
2007-12-24,18.600000381469727,VIX
2007-12-26,18.65999984741211,VIX
2007-12-27,20.260000228881836,VIX
2007-12-28,20.739999771118164,VIX
2007-12-31,22.5,VIX
2008-01-02,23.170000076293945,VIX
2008-01-03,22.489999771118164,VIX
2008-01-04,23.940000534057617,VIX
2008-01-07,23.790000915527344,VIX
2008-01-08,25.43000030517578,VIX
2008-01-09,24.1200008392334,VIX
2008-01-10,23.450000762939453,VIX
2008-01-11,23.68000030517578,VIX
2008-01-14,22.899999618530273,VIX
2008-01-15,23.34000015258789,VIX
2008-01-16,24.3799991607666,VIX
2008-01-17,28.459999084472656,VIX
2008-01-18,27.18000030517578,VIX
2008-01-22,31.010000228881836,VIX
2008-01-23,29.020000457763672,VIX
2008-01-24,27.780000686645508,VIX
2008-01-25,29.079999923706055,VIX
2008-01-28,27.780000686645508,VIX
2008-01-29,27.31999969482422,VIX
2008-01-30,27.6200008392334,VIX
2008-01-31,26.200000762939453,VIX
2008-02-01,24.020000457763672,VIX
2008-02-04,25.989999771118164,VIX
2008-02-05,28.239999771118164,VIX
2008-02-06,28.969999313354492,VIX
2008-02-07,27.65999984741211,VIX
2008-02-08,28.010000228881836,VIX
2008-02-11,27.600000381469727,VIX
2008-02-12,26.329999923706055,VIX
2008-02-13,24.8799991607666,VIX
2008-02-14,25.540000915527344,VIX
2008-02-15,25.020000457763672,VIX
2008-02-19,25.59000015258789,VIX
2008-02-20,24.399999618530273,VIX
2008-02-21,25.1200008392334,VIX
2008-02-22,24.059999465942383,VIX
2008-02-25,23.030000686645508,VIX
2008-02-26,21.899999618530273,VIX
2008-02-27,22.690000534057617,VIX
2008-02-28,23.530000686645508,VIX
2008-02-29,26.540000915527344,VIX
2008-03-03,26.280000686645508,VIX
2008-03-04,25.520000457763672,VIX
2008-03-05,24.600000381469727,VIX
2008-03-06,27.549999237060547,VIX
2008-03-07,27.489999771118164,VIX
2008-03-10,29.3799991607666,VIX
2008-03-11,26.360000610351562,VIX
2008-03-12,27.219999313354492,VIX
2008-03-13,27.290000915527344,VIX
2008-03-14,31.15999984741211,VIX
2008-03-17,32.2400016784668,VIX
2008-03-18,25.790000915527344,VIX
2008-03-19,29.84000015258789,VIX
2008-03-20,26.6200008392334,VIX
2008-03-24,25.729999542236328,VIX
2008-03-25,25.719999313354492,VIX
2008-03-26,26.079999923706055,VIX
2008-03-27,25.8799991607666,VIX
2008-03-28,25.709999084472656,VIX
2008-03-31,25.610000610351562,VIX
2008-04-01,22.68000030517578,VIX
2008-04-02,23.43000030517578,VIX
2008-04-03,23.209999084472656,VIX
2008-04-04,22.450000762939453,VIX
2008-04-07,22.420000076293945,VIX
2008-04-08,22.360000610351562,VIX
2008-04-09,22.809999465942383,VIX
2008-04-10,21.979999542236328,VIX
2008-04-11,23.459999084472656,VIX
2008-04-14,23.81999969482422,VIX
2008-04-15,22.780000686645508,VIX
2008-04-16,20.530000686645508,VIX
2008-04-17,20.3700008392334,VIX
2008-04-18,20.1299991607666,VIX
2008-04-21,20.5,VIX
2008-04-22,20.8700008392334,VIX
2008-04-23,20.260000228881836,VIX
2008-04-24,20.059999465942383,VIX
2008-04-25,19.59000015258789,VIX
2008-04-28,19.639999389648438,VIX
2008-04-29,20.239999771118164,VIX
2008-04-30,20.790000915527344,VIX
2008-05-01,18.8799991607666,VIX
2008-05-02,18.18000030517578,VIX
2008-05-05,18.899999618530273,VIX
2008-05-06,18.209999084472656,VIX
2008-05-07,19.729999542236328,VIX
2008-05-08,19.399999618530273,VIX
2008-05-09,19.40999984741211,VIX
2008-05-12,17.790000915527344,VIX
2008-05-13,17.979999542236328,VIX
2008-05-14,17.65999984741211,VIX
2008-05-15,16.299999237060547,VIX
2008-05-16,16.469999313354492,VIX
2008-05-19,17.010000228881836,VIX
2008-05-20,17.579999923706055,VIX
2008-05-21,18.59000015258789,VIX
2008-05-22,18.049999237060547,VIX
2008-05-23,19.549999237060547,VIX
2008-05-27,19.639999389648438,VIX
2008-05-28,19.06999969482422,VIX
2008-05-29,18.139999389648438,VIX
2008-05-30,17.829999923706055,VIX
2008-06-02,19.829999923706055,VIX
2008-06-03,20.239999771118164,VIX
2008-06-04,20.799999237060547,VIX
2008-06-05,18.6299991607666,VIX
2008-06-06,23.559999465942383,VIX
2008-06-09,23.1200008392334,VIX
2008-06-10,23.18000030517578,VIX
2008-06-11,24.1200008392334,VIX
2008-06-12,23.329999923706055,VIX
2008-06-13,21.219999313354492,VIX
2008-06-16,20.950000762939453,VIX
2008-06-17,21.1299991607666,VIX
2008-06-18,22.239999771118164,VIX
2008-06-19,21.579999923706055,VIX
2008-06-20,22.8700008392334,VIX
2008-06-23,22.639999389648438,VIX
2008-06-24,22.420000076293945,VIX
2008-06-25,21.139999389648438,VIX
2008-06-26,23.93000030517578,VIX
2008-06-27,23.440000534057617,VIX
2008-06-30,23.950000762939453,VIX
2008-07-01,23.649999618530273,VIX
2008-07-02,25.920000076293945,VIX
2008-07-03,24.780000686645508,VIX
2008-07-07,25.780000686645508,VIX
2008-07-08,23.149999618530273,VIX
2008-07-09,25.229999542236328,VIX
2008-07-10,25.59000015258789,VIX
2008-07-11,27.489999771118164,VIX
2008-07-14,28.479999542236328,VIX
2008-07-15,28.540000915527344,VIX
2008-07-16,25.100000381469727,VIX
2008-07-17,25.010000228881836,VIX
2008-07-18,24.049999237060547,VIX
2008-07-21,23.049999237060547,VIX
2008-07-22,21.18000030517578,VIX
2008-07-23,21.309999465942383,VIX
2008-07-24,23.440000534057617,VIX
2008-07-25,22.90999984741211,VIX
2008-07-28,24.229999542236328,VIX
2008-07-29,22.030000686645508,VIX
2008-07-30,21.209999084472656,VIX
2008-07-31,22.940000534057617,VIX
2008-08-01,22.56999969482422,VIX
2008-08-04,23.489999771118164,VIX
2008-08-05,21.139999389648438,VIX
2008-08-06,20.229999542236328,VIX
2008-08-07,21.149999618530273,VIX
2008-08-08,20.65999984741211,VIX
2008-08-11,20.1200008392334,VIX
2008-08-12,21.170000076293945,VIX
2008-08-13,21.549999237060547,VIX
2008-08-14,20.34000015258789,VIX
2008-08-15,19.579999923706055,VIX
2008-08-18,20.979999542236328,VIX
2008-08-19,21.280000686645508,VIX
2008-08-20,20.420000076293945,VIX
2008-08-21,19.81999969482422,VIX
2008-08-22,18.809999465942383,VIX
2008-08-25,20.969999313354492,VIX
2008-08-26,20.489999771118164,VIX
2008-08-27,19.760000228881836,VIX
2008-08-28,19.43000030517578,VIX
2008-08-29,20.649999618530273,VIX
2008-09-02,21.989999771118164,VIX
2008-09-03,21.43000030517578,VIX
2008-09-04,24.030000686645508,VIX
2008-09-05,23.059999465942383,VIX
2008-09-08,22.639999389648438,VIX
2008-09-09,25.469999313354492,VIX
2008-09-10,24.520000457763672,VIX
2008-09-11,24.389999389648438,VIX
2008-09-12,25.65999984741211,VIX
2008-09-15,31.700000762939453,VIX
2008-09-16,30.299999237060547,VIX
2008-09-17,36.220001220703125,VIX
2008-09-18,33.099998474121094,VIX
2008-09-19,32.06999969482422,VIX
2008-09-22,33.849998474121094,VIX
2008-09-23,35.720001220703125,VIX
2008-09-24,35.189998626708984,VIX
2008-09-25,32.81999969482422,VIX
2008-09-26,34.7400016784668,VIX
2008-09-29,46.720001220703125,VIX
2008-09-30,39.38999938964844,VIX
2008-10-01,39.810001373291016,VIX
2008-10-02,45.2599983215332,VIX
2008-10-03,45.13999938964844,VIX
2008-10-06,52.04999923706055,VIX
2008-10-07,53.68000030517578,VIX
2008-10-08,57.529998779296875,VIX
2008-10-09,63.91999816894531,VIX
2008-10-10,69.94999694824219,VIX
2008-10-13,54.9900016784668,VIX
2008-10-14,55.130001068115234,VIX
2008-10-15,69.25,VIX
2008-10-16,67.61000061035156,VIX
2008-10-17,70.33000183105469,VIX
2008-10-20,52.970001220703125,VIX
2008-10-21,53.11000061035156,VIX
2008-10-22,69.6500015258789,VIX
2008-10-23,67.80000305175781,VIX
2008-10-24,79.12999725341797,VIX
2008-10-27,80.05999755859375,VIX
2008-10-28,66.95999908447266,VIX
2008-10-29,69.95999908447266,VIX
2008-10-30,62.900001525878906,VIX
2008-10-31,59.88999938964844,VIX
2008-11-03,53.68000030517578,VIX
2008-11-04,47.72999954223633,VIX
2008-11-05,54.560001373291016,VIX
2008-11-06,63.68000030517578,VIX
2008-11-07,56.099998474121094,VIX
2008-11-10,59.97999954223633,VIX
2008-11-11,61.439998626708984,VIX
2008-11-12,66.45999908447266,VIX
2008-11-13,59.83000183105469,VIX
2008-11-14,66.30999755859375,VIX
2008-11-17,69.1500015258789,VIX
2008-11-18,67.63999938964844,VIX
2008-11-19,74.26000213623047,VIX
2008-11-20,80.86000061035156,VIX
2008-11-21,72.66999816894531,VIX
2008-11-24,64.69999694824219,VIX
2008-11-25,60.900001525878906,VIX
2008-11-26,54.91999816894531,VIX
2008-11-28,55.279998779296875,VIX
2008-12-01,68.51000213623047,VIX
2008-12-02,62.97999954223633,VIX
2008-12-03,60.720001220703125,VIX
2008-12-04,63.63999938964844,VIX
2008-12-05,59.93000030517578,VIX
2008-12-08,58.4900016784668,VIX
2008-12-09,58.90999984741211,VIX
2008-12-10,55.72999954223633,VIX
2008-12-11,55.779998779296875,VIX
2008-12-12,54.279998779296875,VIX
2008-12-15,56.7599983215332,VIX
2008-12-16,52.369998931884766,VIX
2008-12-17,49.84000015258789,VIX
2008-12-18,47.34000015258789,VIX
2008-12-19,44.93000030517578,VIX
2008-12-22,44.560001373291016,VIX
2008-12-23,45.02000045776367,VIX
2008-12-24,44.209999084472656,VIX
2008-12-26,43.380001068115234,VIX
2008-12-29,43.900001525878906,VIX
2008-12-30,41.630001068115234,VIX
2008-12-31,40.0,VIX
2009-01-02,39.189998626708984,VIX
2009-01-05,39.08000183105469,VIX
2009-01-06,38.560001373291016,VIX
2009-01-07,43.38999938964844,VIX
2009-01-08,42.560001373291016,VIX
2009-01-09,42.81999969482422,VIX
2009-01-12,45.84000015258789,VIX
2009-01-13,43.27000045776367,VIX
2009-01-14,49.13999938964844,VIX
2009-01-15,51.0,VIX
2009-01-16,46.11000061035156,VIX
2009-01-20,56.650001525878906,VIX
2009-01-21,46.41999816894531,VIX
2009-01-22,47.290000915527344,VIX
2009-01-23,47.27000045776367,VIX
2009-01-26,45.689998626708984,VIX
2009-01-27,42.25,VIX
2009-01-28,39.65999984741211,VIX
2009-01-29,42.630001068115234,VIX
2009-01-30,44.84000015258789,VIX
2009-02-02,45.52000045776367,VIX
2009-02-03,43.060001373291016,VIX
2009-02-04,43.849998474121094,VIX
2009-02-05,43.72999954223633,VIX
2009-02-06,43.369998931884766,VIX
2009-02-09,43.63999938964844,VIX
2009-02-10,46.66999816894531,VIX
2009-02-11,44.529998779296875,VIX
2009-02-12,41.25,VIX
2009-02-13,42.93000030517578,VIX
2009-02-17,48.65999984741211,VIX
2009-02-18,48.459999084472656,VIX
2009-02-19,47.08000183105469,VIX
2009-02-20,49.29999923706055,VIX
2009-02-23,52.619998931884766,VIX
2009-02-24,45.4900016784668,VIX
2009-02-25,44.66999816894531,VIX
2009-02-26,44.65999984741211,VIX
2009-02-27,46.349998474121094,VIX
2009-03-02,52.650001525878906,VIX
2009-03-03,50.93000030517578,VIX
2009-03-04,47.560001373291016,VIX
2009-03-05,50.16999816894531,VIX
2009-03-06,49.33000183105469,VIX
2009-03-09,49.68000030517578,VIX
2009-03-10,44.369998931884766,VIX
2009-03-11,43.61000061035156,VIX
2009-03-12,41.18000030517578,VIX
2009-03-13,42.36000061035156,VIX
2009-03-16,43.7400016784668,VIX
2009-03-17,40.79999923706055,VIX
2009-03-18,40.060001373291016,VIX
2009-03-19,43.68000030517578,VIX
2009-03-20,45.88999938964844,VIX
2009-03-23,43.22999954223633,VIX
2009-03-24,42.93000030517578,VIX
2009-03-25,42.25,VIX
2009-03-26,40.36000061035156,VIX
2009-03-27,41.040000915527344,VIX
2009-03-30,45.540000915527344,VIX
2009-03-31,44.13999938964844,VIX
2009-04-01,42.279998779296875,VIX
2009-04-02,42.040000915527344,VIX
2009-04-03,39.70000076293945,VIX
2009-04-06,40.93000030517578,VIX
2009-04-07,40.38999938964844,VIX
2009-04-08,38.849998474121094,VIX
2009-04-09,36.529998779296875,VIX
2009-04-13,37.810001373291016,VIX
2009-04-14,37.66999816894531,VIX
2009-04-15,36.16999816894531,VIX
2009-04-16,35.790000915527344,VIX
2009-04-17,33.939998626708984,VIX
2009-04-20,39.18000030517578,VIX
2009-04-21,37.13999938964844,VIX
2009-04-22,38.099998474121094,VIX
2009-04-23,37.150001525878906,VIX
2009-04-24,36.81999969482422,VIX
2009-04-27,38.31999969482422,VIX
2009-04-28,37.95000076293945,VIX
2009-04-29,36.08000183105469,VIX
2009-04-30,36.5,VIX
2009-05-01,35.29999923706055,VIX
2009-05-04,34.529998779296875,VIX
2009-05-05,33.36000061035156,VIX
2009-05-06,32.45000076293945,VIX
2009-05-07,33.439998626708984,VIX
2009-05-08,32.04999923706055,VIX
2009-05-11,32.869998931884766,VIX
2009-05-12,31.799999237060547,VIX
2009-05-13,33.650001525878906,VIX
2009-05-14,31.3700008392334,VIX
2009-05-15,33.119998931884766,VIX
2009-05-18,30.239999771118164,VIX
2009-05-19,28.799999237060547,VIX
2009-05-20,29.030000686645508,VIX
2009-05-21,31.350000381469727,VIX
2009-05-22,32.630001068115234,VIX
2009-05-26,30.6200008392334,VIX
2009-05-27,32.36000061035156,VIX
2009-05-28,31.670000076293945,VIX
2009-05-29,28.920000076293945,VIX
2009-06-01,30.040000915527344,VIX
2009-06-02,29.6299991607666,VIX
2009-06-03,31.020000457763672,VIX
2009-06-04,30.18000030517578,VIX
2009-06-05,29.6200008392334,VIX
2009-06-08,29.770000457763672,VIX
2009-06-09,28.270000457763672,VIX
2009-06-10,28.459999084472656,VIX
2009-06-11,28.110000610351562,VIX
2009-06-12,28.149999618530273,VIX
2009-06-15,30.809999465942383,VIX
2009-06-16,32.68000030517578,VIX
2009-06-17,31.540000915527344,VIX
2009-06-18,30.030000686645508,VIX
2009-06-19,27.989999771118164,VIX
2009-06-22,31.170000076293945,VIX
2009-06-23,30.579999923706055,VIX
2009-06-24,29.049999237060547,VIX
2009-06-25,26.360000610351562,VIX
2009-06-26,25.93000030517578,VIX
2009-06-29,25.350000381469727,VIX
2009-06-30,26.350000381469727,VIX
2009-07-01,26.219999313354492,VIX
2009-07-02,27.950000762939453,VIX
2009-07-06,29.0,VIX
2009-07-07,30.850000381469727,VIX
2009-07-08,31.299999237060547,VIX
2009-07-09,29.780000686645508,VIX
2009-07-10,29.020000457763672,VIX
2009-07-13,26.309999465942383,VIX
2009-07-14,25.020000457763672,VIX
2009-07-15,25.889999389648438,VIX
2009-07-16,25.420000076293945,VIX
2009-07-17,24.34000015258789,VIX
2009-07-20,24.399999618530273,VIX
2009-07-21,23.8700008392334,VIX
2009-07-22,23.469999313354492,VIX
2009-07-23,23.43000030517578,VIX
2009-07-24,23.09000015258789,VIX
2009-07-27,24.280000686645508,VIX
2009-07-28,25.010000228881836,VIX
2009-07-29,25.610000610351562,VIX
2009-07-30,25.399999618530273,VIX
2009-07-31,25.920000076293945,VIX
2009-08-03,25.559999465942383,VIX
2009-08-04,24.889999389648438,VIX
2009-08-05,24.899999618530273,VIX
2009-08-06,25.670000076293945,VIX
2009-08-07,24.760000228881836,VIX
2009-08-10,24.989999771118164,VIX
2009-08-11,25.989999771118164,VIX
2009-08-12,25.450000762939453,VIX
2009-08-13,24.709999084472656,VIX
2009-08-14,24.270000457763672,VIX
2009-08-17,27.889999389648438,VIX
2009-08-18,26.18000030517578,VIX
2009-08-19,26.260000228881836,VIX
2009-08-20,25.09000015258789,VIX
2009-08-21,25.010000228881836,VIX
2009-08-24,25.139999389648438,VIX
2009-08-25,24.920000076293945,VIX
2009-08-26,24.950000762939453,VIX
2009-08-27,24.68000030517578,VIX
2009-08-28,24.760000228881836,VIX
2009-08-31,26.010000228881836,VIX
2009-09-01,29.149999618530273,VIX
2009-09-02,28.899999618530273,VIX
2009-09-03,27.100000381469727,VIX
2009-09-04,25.260000228881836,VIX
2009-09-08,25.6200008392334,VIX
2009-09-09,24.31999969482422,VIX
2009-09-10,23.549999237060547,VIX
2009-09-11,24.149999618530273,VIX
2009-09-14,23.860000610351562,VIX
2009-09-15,23.420000076293945,VIX
2009-09-16,23.690000534057617,VIX
2009-09-17,23.649999618530273,VIX
2009-09-18,23.920000076293945,VIX
2009-09-21,24.059999465942383,VIX
2009-09-22,23.079999923706055,VIX
2009-09-23,23.489999771118164,VIX
2009-09-24,24.950000762939453,VIX
2009-09-25,25.610000610351562,VIX
2009-09-28,24.8799991607666,VIX
2009-09-29,25.190000534057617,VIX
2009-09-30,25.610000610351562,VIX
2009-10-01,28.270000457763672,VIX
2009-10-02,28.68000030517578,VIX
2009-10-05,26.84000015258789,VIX
2009-10-06,25.700000762939453,VIX
2009-10-07,24.68000030517578,VIX
2009-10-08,24.18000030517578,VIX
2009-10-09,23.1200008392334,VIX
2009-10-12,23.010000228881836,VIX
2009-10-13,22.989999771118164,VIX
2009-10-14,22.860000610351562,VIX
2009-10-15,21.719999313354492,VIX
2009-10-16,21.43000030517578,VIX
2009-10-19,21.489999771118164,VIX
2009-10-20,20.899999618530273,VIX
2009-10-21,22.219999313354492,VIX
2009-10-22,20.690000534057617,VIX
2009-10-23,22.270000457763672,VIX
2009-10-26,24.309999465942383,VIX
2009-10-27,24.829999923706055,VIX
2009-10-28,27.90999984741211,VIX
2009-10-29,24.760000228881836,VIX
2009-10-30,30.690000534057617,VIX
2009-11-02,29.780000686645508,VIX
2009-11-03,28.809999465942383,VIX
2009-11-04,27.719999313354492,VIX
2009-11-05,25.43000030517578,VIX
2009-11-06,24.190000534057617,VIX
2009-11-09,23.149999618530273,VIX
2009-11-10,22.84000015258789,VIX
2009-11-11,23.040000915527344,VIX
2009-11-12,24.239999771118164,VIX
2009-11-13,23.360000610351562,VIX
2009-11-16,22.889999389648438,VIX
2009-11-17,22.40999984741211,VIX
2009-11-18,21.6299991607666,VIX
2009-11-19,22.6299991607666,VIX
2009-11-20,22.190000534057617,VIX
2009-11-23,21.15999984741211,VIX
2009-11-24,20.469999313354492,VIX
2009-11-25,20.479999542236328,VIX
2009-11-27,24.739999771118164,VIX
2009-11-30,24.510000228881836,VIX
2009-12-01,21.920000076293945,VIX
2009-12-02,21.1200008392334,VIX
2009-12-03,22.459999084472656,VIX
2009-12-04,21.25,VIX
2009-12-07,22.100000381469727,VIX
2009-12-08,23.690000534057617,VIX
2009-12-09,22.65999984741211,VIX
2009-12-10,22.31999969482422,VIX
2009-12-11,21.59000015258789,VIX
2009-12-14,21.149999618530273,VIX
2009-12-15,21.489999771118164,VIX
2009-12-16,20.540000915527344,VIX
2009-12-17,22.510000228881836,VIX
2009-12-18,21.68000030517578,VIX
2009-12-21,20.489999771118164,VIX
2009-12-22,19.540000915527344,VIX
2009-12-23,19.709999084472656,VIX
2009-12-24,19.469999313354492,VIX
2009-12-28,19.93000030517578,VIX
2009-12-29,20.010000228881836,VIX
2009-12-30,19.959999084472656,VIX
2009-12-31,21.68000030517578,VIX
2010-01-04,20.040000915527344,VIX
2010-01-05,19.350000381469727,VIX
2010-01-06,19.15999984741211,VIX
2010-01-07,19.059999465942383,VIX
2010-01-08,18.1299991607666,VIX
2010-01-11,17.549999237060547,VIX
2010-01-12,18.25,VIX
2010-01-13,17.850000381469727,VIX
2010-01-14,17.6299991607666,VIX
2010-01-15,17.90999984741211,VIX
2010-01-19,17.579999923706055,VIX
2010-01-20,18.68000030517578,VIX
2010-01-21,22.270000457763672,VIX
2010-01-22,27.309999465942383,VIX
2010-01-25,25.40999984741211,VIX
2010-01-26,24.549999237060547,VIX
2010-01-27,23.139999389648438,VIX
2010-01-28,23.729999542236328,VIX
2010-01-29,24.6200008392334,VIX
2010-02-01,22.59000015258789,VIX
2010-02-02,21.479999542236328,VIX
2010-02-03,21.600000381469727,VIX
2010-02-04,26.079999923706055,VIX
2010-02-05,26.110000610351562,VIX
2010-02-08,26.510000228881836,VIX
2010-02-09,26.0,VIX
2010-02-10,25.399999618530273,VIX
2010-02-11,23.959999084472656,VIX
2010-02-12,22.729999542236328,VIX
2010-02-16,22.25,VIX
2010-02-17,21.719999313354492,VIX
2010-02-18,20.6299991607666,VIX
2010-02-19,20.020000457763672,VIX
2010-02-22,19.940000534057617,VIX
2010-02-23,21.3700008392334,VIX
2010-02-24,20.270000457763672,VIX
2010-02-25,20.100000381469727,VIX
2010-02-26,19.5,VIX
2010-03-01,19.260000228881836,VIX
2010-03-02,19.059999465942383,VIX
2010-03-03,18.829999923706055,VIX
2010-03-04,18.719999313354492,VIX
2010-03-05,17.420000076293945,VIX
2010-03-08,17.790000915527344,VIX
2010-03-09,17.920000076293945,VIX
2010-03-10,18.56999969482422,VIX
2010-03-11,18.059999465942383,VIX
2010-03-12,17.579999923706055,VIX
2010-03-15,18.0,VIX
2010-03-16,17.690000534057617,VIX
2010-03-17,16.90999984741211,VIX
2010-03-18,16.6200008392334,VIX
2010-03-19,16.969999313354492,VIX
2010-03-22,16.8700008392334,VIX
2010-03-23,16.350000381469727,VIX
2010-03-24,17.549999237060547,VIX
2010-03-25,18.399999618530273,VIX
2010-03-26,17.770000457763672,VIX
2010-03-29,17.59000015258789,VIX
2010-03-30,17.1299991607666,VIX
2010-03-31,17.59000015258789,VIX
2010-04-01,17.469999313354492,VIX
2010-04-05,17.020000457763672,VIX
2010-04-06,16.229999542236328,VIX
2010-04-07,16.6200008392334,VIX
2010-04-08,16.479999542236328,VIX
2010-04-09,16.139999389648438,VIX
2010-04-12,15.579999923706055,VIX
2010-04-13,16.200000762939453,VIX
2010-04-14,15.59000015258789,VIX
2010-04-15,15.890000343322754,VIX
2010-04-16,18.360000610351562,VIX
2010-04-19,17.34000015258789,VIX
2010-04-20,15.729999542236328,VIX
2010-04-21,16.31999969482422,VIX
2010-04-22,16.469999313354492,VIX
2010-04-23,16.6200008392334,VIX
2010-04-26,17.469999313354492,VIX
2010-04-27,22.809999465942383,VIX
2010-04-28,21.079999923706055,VIX
2010-04-29,18.440000534057617,VIX
2010-04-30,22.049999237060547,VIX
2010-05-03,20.190000534057617,VIX
2010-05-04,23.84000015258789,VIX
2010-05-05,24.90999984741211,VIX
2010-05-06,32.79999923706055,VIX
2010-05-07,40.95000076293945,VIX
2010-05-10,28.84000015258789,VIX
2010-05-11,28.31999969482422,VIX
2010-05-12,25.520000457763672,VIX
2010-05-13,26.68000030517578,VIX
2010-05-14,31.239999771118164,VIX
2010-05-17,30.84000015258789,VIX
2010-05-18,33.54999923706055,VIX
2010-05-19,35.31999969482422,VIX
2010-05-20,45.790000915527344,VIX
2010-05-21,40.099998474121094,VIX
2010-05-24,38.31999969482422,VIX
2010-05-25,34.61000061035156,VIX
2010-05-26,35.02000045776367,VIX
2010-05-27,29.68000030517578,VIX
2010-05-28,32.06999969482422,VIX
2010-06-01,35.540000915527344,VIX
2010-06-02,30.170000076293945,VIX
2010-06-03,29.459999084472656,VIX
2010-06-04,35.47999954223633,VIX
2010-06-07,36.56999969482422,VIX
2010-06-08,33.70000076293945,VIX
2010-06-09,33.72999954223633,VIX
2010-06-10,30.56999969482422,VIX
2010-06-11,28.790000915527344,VIX
2010-06-14,28.579999923706055,VIX
2010-06-15,25.8700008392334,VIX
2010-06-16,25.920000076293945,VIX
2010-06-17,25.049999237060547,VIX
2010-06-18,23.950000762939453,VIX
2010-06-21,24.8799991607666,VIX
2010-06-22,27.049999237060547,VIX
2010-06-23,26.90999984741211,VIX
2010-06-24,29.739999771118164,VIX
2010-06-25,28.530000686645508,VIX
2010-06-28,29.0,VIX
2010-06-29,34.130001068115234,VIX
2010-06-30,34.540000915527344,VIX
2010-07-01,32.86000061035156,VIX
2010-07-02,30.1200008392334,VIX
2010-07-06,29.649999618530273,VIX
2010-07-07,26.84000015258789,VIX
2010-07-08,25.709999084472656,VIX
2010-07-09,24.979999542236328,VIX
2010-07-12,24.43000030517578,VIX
2010-07-13,24.559999465942383,VIX
2010-07-14,24.889999389648438,VIX
2010-07-15,25.139999389648438,VIX
2010-07-16,26.25,VIX
2010-07-19,25.969999313354492,VIX
2010-07-20,23.93000030517578,VIX
2010-07-21,25.639999389648438,VIX
2010-07-22,24.6299991607666,VIX
2010-07-23,23.469999313354492,VIX
2010-07-26,22.729999542236328,VIX
2010-07-27,23.190000534057617,VIX
2010-07-28,24.25,VIX
2010-07-29,24.1299991607666,VIX
2010-07-30,23.5,VIX
2010-08-02,22.010000228881836,VIX
2010-08-03,22.6299991607666,VIX
2010-08-04,22.209999084472656,VIX
2010-08-05,22.100000381469727,VIX
2010-08-06,21.739999771118164,VIX
2010-08-09,22.139999389648438,VIX
2010-08-10,22.3700008392334,VIX
2010-08-11,25.389999389648438,VIX
2010-08-12,25.729999542236328,VIX
2010-08-13,26.239999771118164,VIX
2010-08-16,26.100000381469727,VIX
2010-08-17,24.329999923706055,VIX
2010-08-18,24.59000015258789,VIX
2010-08-19,26.440000534057617,VIX
2010-08-20,25.489999771118164,VIX
2010-08-23,25.65999984741211,VIX
2010-08-24,27.459999084472656,VIX
2010-08-25,26.700000762939453,VIX
2010-08-26,27.3700008392334,VIX
2010-08-27,24.450000762939453,VIX
2010-08-30,27.209999084472656,VIX
2010-08-31,26.049999237060547,VIX
2010-09-01,23.889999389648438,VIX
2010-09-02,23.190000534057617,VIX
2010-09-03,21.309999465942383,VIX
2010-09-07,23.799999237060547,VIX
2010-09-08,23.25,VIX
2010-09-09,22.809999465942383,VIX
2010-09-10,21.989999771118164,VIX
2010-09-13,21.209999084472656,VIX
2010-09-14,21.559999465942383,VIX
2010-09-15,22.100000381469727,VIX
2010-09-16,21.719999313354492,VIX
2010-09-17,22.010000228881836,VIX
2010-09-20,21.5,VIX
2010-09-21,22.350000381469727,VIX
2010-09-22,22.510000228881836,VIX
2010-09-23,23.8700008392334,VIX
2010-09-24,21.709999084472656,VIX
2010-09-27,22.540000915527344,VIX
2010-09-28,22.600000381469727,VIX
2010-09-29,23.25,VIX
2010-09-30,23.700000762939453,VIX
2010-10-01,22.5,VIX
2010-10-04,23.530000686645508,VIX
2010-10-05,21.760000228881836,VIX
2010-10-06,21.489999771118164,VIX
2010-10-07,21.559999465942383,VIX
2010-10-08,20.709999084472656,VIX
2010-10-11,18.959999084472656,VIX
2010-10-12,18.93000030517578,VIX
2010-10-13,19.06999969482422,VIX
2010-10-14,19.8799991607666,VIX
2010-10-15,19.030000686645508,VIX
2010-10-18,19.09000015258789,VIX
2010-10-19,20.6299991607666,VIX
2010-10-20,19.790000915527344,VIX
2010-10-21,19.270000457763672,VIX
2010-10-22,18.780000686645508,VIX
2010-10-25,19.850000381469727,VIX
2010-10-26,20.219999313354492,VIX
2010-10-27,20.709999084472656,VIX
2010-10-28,20.8799991607666,VIX
2010-10-29,21.200000762939453,VIX
2010-11-01,21.829999923706055,VIX
2010-11-02,21.56999969482422,VIX
2010-11-03,19.559999465942383,VIX
2010-11-04,18.520000457763672,VIX
2010-11-05,18.260000228881836,VIX
2010-11-08,18.290000915527344,VIX
2010-11-09,19.079999923706055,VIX
2010-11-10,18.469999313354492,VIX
2010-11-11,18.639999389648438,VIX
2010-11-12,20.610000610351562,VIX
2010-11-15,20.200000762939453,VIX
2010-11-16,22.579999923706055,VIX
2010-11-17,21.760000228881836,VIX
2010-11-18,18.75,VIX
2010-11-19,18.040000915527344,VIX
2010-11-22,18.3700008392334,VIX
2010-11-23,20.6299991607666,VIX
2010-11-24,19.559999465942383,VIX
2010-11-26,22.219999313354492,VIX
2010-11-29,21.530000686645508,VIX
2010-11-30,23.540000915527344,VIX
2010-12-01,21.360000610351562,VIX
2010-12-02,19.389999389648438,VIX
2010-12-03,18.010000228881836,VIX
2010-12-06,18.020000457763672,VIX
2010-12-07,17.989999771118164,VIX
2010-12-08,17.739999771118164,VIX
2010-12-09,17.25,VIX
2010-12-10,17.610000610351562,VIX
2010-12-13,17.549999237060547,VIX
2010-12-14,17.610000610351562,VIX
2010-12-15,17.940000534057617,VIX
2010-12-16,17.389999389648438,VIX
2010-12-17,16.110000610351562,VIX
2010-12-20,16.40999984741211,VIX
2010-12-21,16.489999771118164,VIX
2010-12-22,15.449999809265137,VIX
2010-12-23,16.469999313354492,VIX
2010-12-27,17.670000076293945,VIX
2010-12-28,17.520000457763672,VIX
2010-12-29,17.280000686645508,VIX
2010-12-30,17.520000457763672,VIX
2010-12-31,17.75,VIX
2011-01-03,17.610000610351562,VIX
2011-01-04,17.3799991607666,VIX
2011-01-05,17.020000457763672,VIX
2011-01-06,17.399999618530273,VIX
2011-01-07,17.139999389648438,VIX
2011-01-10,17.540000915527344,VIX
2011-01-11,16.889999389648438,VIX
2011-01-12,16.239999771118164,VIX
2011-01-13,16.389999389648438,VIX
2011-01-14,15.460000038146973,VIX
2011-01-18,15.869999885559082,VIX
2011-01-19,17.309999465942383,VIX
2011-01-20,17.989999771118164,VIX
2011-01-21,18.469999313354492,VIX
2011-01-24,17.649999618530273,VIX
2011-01-25,17.59000015258789,VIX
2011-01-26,16.639999389648438,VIX
2011-01-27,16.149999618530273,VIX
2011-01-28,20.040000915527344,VIX
2011-01-31,19.530000686645508,VIX
2011-02-01,17.6299991607666,VIX
2011-02-02,17.299999237060547,VIX
2011-02-03,16.690000534057617,VIX
2011-02-04,15.930000305175781,VIX
2011-02-07,16.280000686645508,VIX
2011-02-08,15.8100004196167,VIX
2011-02-09,15.869999885559082,VIX
2011-02-10,16.09000015258789,VIX
2011-02-11,15.6899995803833,VIX
2011-02-14,15.949999809265137,VIX
2011-02-15,16.3700008392334,VIX
2011-02-16,16.719999313354492,VIX
2011-02-17,16.59000015258789,VIX
2011-02-18,16.43000030517578,VIX
2011-02-22,20.799999237060547,VIX
2011-02-23,22.1299991607666,VIX
2011-02-24,21.31999969482422,VIX
2011-02-25,19.219999313354492,VIX
2011-02-28,18.350000381469727,VIX
2011-03-01,21.010000228881836,VIX
2011-03-02,20.700000762939453,VIX
2011-03-03,18.600000381469727,VIX
2011-03-04,19.059999465942383,VIX
2011-03-07,20.65999984741211,VIX
2011-03-08,19.81999969482422,VIX
2011-03-09,20.219999313354492,VIX
2011-03-10,21.8799991607666,VIX
2011-03-11,20.079999923706055,VIX
2011-03-14,21.1299991607666,VIX
2011-03-15,24.31999969482422,VIX
2011-03-16,29.399999618530273,VIX
2011-03-17,26.3700008392334,VIX
2011-03-18,24.440000534057617,VIX
2011-03-21,20.610000610351562,VIX
2011-03-22,20.209999084472656,VIX
2011-03-23,19.170000076293945,VIX
2011-03-24,18.0,VIX
2011-03-25,17.90999984741211,VIX
2011-03-28,19.440000534057617,VIX
2011-03-29,18.15999984741211,VIX
2011-03-30,17.709999084472656,VIX
2011-03-31,17.739999771118164,VIX
2011-04-01,17.399999618530273,VIX
2011-04-04,17.5,VIX
2011-04-05,17.25,VIX
2011-04-06,16.899999618530273,VIX
2011-04-07,17.110000610351562,VIX
2011-04-08,17.8700008392334,VIX
2011-04-11,16.59000015258789,VIX
2011-04-12,17.09000015258789,VIX
2011-04-13,16.920000076293945,VIX
2011-04-14,16.270000457763672,VIX
2011-04-15,15.319999694824219,VIX
2011-04-18,16.959999084472656,VIX
2011-04-19,15.829999923706055,VIX
2011-04-20,15.069999694824219,VIX
2011-04-21,14.6899995803833,VIX
2011-04-25,15.770000457763672,VIX
2011-04-26,15.619999885559082,VIX
2011-04-27,15.350000381469727,VIX
2011-04-28,14.619999885559082,VIX
2011-04-29,14.75,VIX
2011-05-02,15.989999771118164,VIX
2011-05-03,16.700000762939453,VIX
2011-05-04,17.079999923706055,VIX
2011-05-05,18.200000762939453,VIX
2011-05-06,18.399999618530273,VIX
2011-05-09,17.15999984741211,VIX
2011-05-10,15.90999984741211,VIX
2011-05-11,16.950000762939453,VIX
2011-05-12,16.030000686645508,VIX
2011-05-13,17.06999969482422,VIX
2011-05-16,18.239999771118164,VIX
2011-05-17,17.549999237060547,VIX
2011-05-18,16.229999542236328,VIX
2011-05-19,15.520000457763672,VIX
2011-05-20,17.43000030517578,VIX
2011-05-23,18.270000457763672,VIX
2011-05-24,17.81999969482422,VIX
2011-05-25,17.06999969482422,VIX
2011-05-26,16.09000015258789,VIX
2011-05-27,15.979999542236328,VIX
2011-05-31,15.449999809265137,VIX
2011-06-01,18.299999237060547,VIX
2011-06-02,18.09000015258789,VIX
2011-06-03,17.950000762939453,VIX
2011-06-06,18.489999771118164,VIX
2011-06-07,18.06999969482422,VIX
2011-06-08,18.790000915527344,VIX
2011-06-09,17.770000457763672,VIX
2011-06-10,18.860000610351562,VIX
2011-06-13,19.610000610351562,VIX
2011-06-14,18.260000228881836,VIX
2011-06-15,21.31999969482422,VIX
2011-06-16,22.729999542236328,VIX
2011-06-17,21.850000381469727,VIX
2011-06-20,19.989999771118164,VIX
2011-06-21,18.860000610351562,VIX
2011-06-22,18.520000457763672,VIX
2011-06-23,19.290000915527344,VIX
2011-06-24,21.100000381469727,VIX
2011-06-27,20.559999465942383,VIX
2011-06-28,19.170000076293945,VIX
2011-06-29,17.270000457763672,VIX
2011-06-30,16.520000457763672,VIX
2011-07-01,15.869999885559082,VIX
2011-07-05,16.059999465942383,VIX
2011-07-06,16.34000015258789,VIX
2011-07-07,15.949999809265137,VIX
2011-07-08,15.949999809265137,VIX
2011-07-11,18.389999389648438,VIX
2011-07-12,19.8700008392334,VIX
2011-07-13,19.90999984741211,VIX
2011-07-14,20.799999237060547,VIX
2011-07-15,19.530000686645508,VIX
2011-07-18,20.950000762939453,VIX
2011-07-19,19.209999084472656,VIX
2011-07-20,19.09000015258789,VIX
2011-07-21,17.559999465942383,VIX
2011-07-22,17.520000457763672,VIX
2011-07-25,19.350000381469727,VIX
2011-07-26,20.229999542236328,VIX
2011-07-27,22.979999542236328,VIX
2011-07-28,23.739999771118164,VIX
2011-07-29,25.25,VIX
2011-08-01,23.65999984741211,VIX
2011-08-02,24.790000915527344,VIX
2011-08-03,23.3799991607666,VIX
2011-08-04,31.65999984741211,VIX
2011-08-05,32.0,VIX
2011-08-08,48.0,VIX
2011-08-09,35.060001373291016,VIX
2011-08-10,42.9900016784668,VIX
2011-08-11,39.0,VIX
2011-08-12,36.36000061035156,VIX
2011-08-15,31.8700008392334,VIX
2011-08-16,32.849998474121094,VIX
2011-08-17,31.579999923706055,VIX
2011-08-18,42.66999816894531,VIX
2011-08-19,43.04999923706055,VIX
2011-08-22,42.439998626708984,VIX
2011-08-23,36.27000045776367,VIX
2011-08-24,35.900001525878906,VIX
2011-08-25,39.7599983215332,VIX
2011-08-26,35.59000015258789,VIX
2011-08-29,32.279998779296875,VIX
2011-08-30,32.88999938964844,VIX
2011-08-31,31.6200008392334,VIX
2011-09-01,31.81999969482422,VIX
2011-09-02,33.91999816894531,VIX
2011-09-06,37.0,VIX
2011-09-07,33.380001068115234,VIX
2011-09-08,34.31999969482422,VIX
2011-09-09,38.52000045776367,VIX
2011-09-12,38.59000015258789,VIX
2011-09-13,36.90999984741211,VIX
2011-09-14,34.599998474121094,VIX
2011-09-15,31.969999313354492,VIX
2011-09-16,30.979999542236328,VIX
2011-09-19,32.72999954223633,VIX
2011-09-20,32.86000061035156,VIX
2011-09-21,37.31999969482422,VIX
2011-09-22,41.349998474121094,VIX
2011-09-23,41.25,VIX
2011-09-26,39.02000045776367,VIX
2011-09-27,37.709999084472656,VIX
2011-09-28,41.08000183105469,VIX
2011-09-29,38.84000015258789,VIX
2011-09-30,42.959999084472656,VIX
2011-10-03,45.45000076293945,VIX
2011-10-04,40.81999969482422,VIX
2011-10-05,37.810001373291016,VIX
2011-10-06,36.27000045776367,VIX
2011-10-07,36.20000076293945,VIX
2011-10-10,33.02000045776367,VIX
2011-10-11,32.86000061035156,VIX
2011-10-12,31.260000228881836,VIX
2011-10-13,30.700000762939453,VIX
2011-10-14,28.239999771118164,VIX
2011-10-17,33.38999938964844,VIX
2011-10-18,31.559999465942383,VIX
2011-10-19,34.439998626708984,VIX
2011-10-20,34.779998779296875,VIX
2011-10-21,31.31999969482422,VIX
2011-10-24,29.260000228881836,VIX
2011-10-25,32.220001220703125,VIX
2011-10-26,29.860000610351562,VIX
2011-10-27,25.459999084472656,VIX
2011-10-28,24.530000686645508,VIX
2011-10-31,29.959999084472656,VIX
2011-11-01,34.77000045776367,VIX
2011-11-02,32.7400016784668,VIX
2011-11-03,30.5,VIX
2011-11-04,30.15999984741211,VIX
2011-11-07,29.850000381469727,VIX
2011-11-08,27.479999542236328,VIX
2011-11-09,36.15999984741211,VIX
2011-11-10,32.810001373291016,VIX
2011-11-11,30.040000915527344,VIX
2011-11-14,31.1299991607666,VIX
2011-11-15,31.219999313354492,VIX
2011-11-16,33.5099983215332,VIX
2011-11-17,34.5099983215332,VIX
2011-11-18,32.0,VIX
2011-11-21,32.90999984741211,VIX
2011-11-22,31.969999313354492,VIX
2011-11-23,33.97999954223633,VIX
2011-11-25,34.470001220703125,VIX
2011-11-28,32.130001068115234,VIX
2011-11-29,30.639999389648438,VIX
2011-11-30,27.799999237060547,VIX
2011-12-01,27.40999984741211,VIX
2011-12-02,27.520000457763672,VIX
2011-12-05,27.84000015258789,VIX
2011-12-06,28.1299991607666,VIX
2011-12-07,28.670000076293945,VIX
2011-12-08,30.59000015258789,VIX
2011-12-09,26.3799991607666,VIX
2011-12-12,25.670000076293945,VIX
2011-12-13,25.40999984741211,VIX
2011-12-14,26.040000915527344,VIX
2011-12-15,25.110000610351562,VIX
2011-12-16,24.290000915527344,VIX
2011-12-19,24.920000076293945,VIX
2011-12-20,23.219999313354492,VIX
2011-12-21,21.43000030517578,VIX
2011-12-22,21.15999984741211,VIX
2011-12-23,20.729999542236328,VIX
2011-12-27,21.90999984741211,VIX
2011-12-28,23.520000457763672,VIX
2011-12-29,22.649999618530273,VIX
2011-12-30,23.399999618530273,VIX
2012-01-03,22.969999313354492,VIX
2012-01-04,22.219999313354492,VIX
2012-01-05,21.479999542236328,VIX
2012-01-06,20.6299991607666,VIX
2012-01-09,21.06999969482422,VIX
2012-01-10,20.690000534057617,VIX
2012-01-11,21.049999237060547,VIX
2012-01-12,20.469999313354492,VIX
2012-01-13,20.90999984741211,VIX
2012-01-17,22.200000762939453,VIX
2012-01-18,20.889999389648438,VIX
2012-01-19,19.8700008392334,VIX
2012-01-20,18.280000686645508,VIX
2012-01-23,18.670000076293945,VIX
2012-01-24,18.90999984741211,VIX
2012-01-25,18.309999465942383,VIX
2012-01-26,18.56999969482422,VIX
2012-01-27,18.530000686645508,VIX
2012-01-30,19.399999618530273,VIX
2012-01-31,19.440000534057617,VIX
2012-02-01,18.549999237060547,VIX
2012-02-02,17.979999542236328,VIX
2012-02-03,17.100000381469727,VIX
2012-02-06,17.760000228881836,VIX
2012-02-07,17.649999618530273,VIX
2012-02-08,18.15999984741211,VIX
2012-02-09,18.6299991607666,VIX
2012-02-10,20.790000915527344,VIX
2012-02-13,19.040000915527344,VIX
2012-02-14,19.540000915527344,VIX
2012-02-15,21.139999389648438,VIX
2012-02-16,19.219999313354492,VIX
2012-02-17,17.780000686645508,VIX
2012-02-21,18.190000534057617,VIX
2012-02-22,18.190000534057617,VIX
2012-02-23,16.799999237060547,VIX
2012-02-24,17.309999465942383,VIX
2012-02-27,18.190000534057617,VIX
2012-02-28,17.959999084472656,VIX
2012-02-29,18.43000030517578,VIX
2012-03-01,17.260000228881836,VIX
2012-03-02,17.290000915527344,VIX
2012-03-05,18.049999237060547,VIX
2012-03-06,20.8700008392334,VIX
2012-03-07,19.06999969482422,VIX
2012-03-08,17.950000762939453,VIX
2012-03-09,17.110000610351562,VIX
2012-03-12,15.640000343322754,VIX
2012-03-13,14.800000190734863,VIX
2012-03-14,15.3100004196167,VIX
2012-03-15,15.420000076293945,VIX
2012-03-16,14.470000267028809,VIX
2012-03-19,15.039999961853027,VIX
2012-03-20,15.579999923706055,VIX
2012-03-21,15.130000114440918,VIX
2012-03-22,15.569999694824219,VIX
2012-03-23,14.819999694824219,VIX
2012-03-26,14.260000228881836,VIX
2012-03-27,15.59000015258789,VIX
2012-03-28,15.470000267028809,VIX
2012-03-29,15.479999542236328,VIX
2012-03-30,15.5,VIX
2012-04-02,15.640000343322754,VIX
2012-04-03,15.65999984741211,VIX
2012-04-04,16.440000534057617,VIX
2012-04-05,16.700000762939453,VIX
2012-04-09,18.809999465942383,VIX
2012-04-10,20.389999389648438,VIX
2012-04-11,20.020000457763672,VIX
2012-04-12,17.200000762939453,VIX
2012-04-13,19.549999237060547,VIX
2012-04-16,19.549999237060547,VIX
2012-04-17,18.459999084472656,VIX
2012-04-18,18.639999389648438,VIX
2012-04-19,18.360000610351562,VIX
2012-04-20,17.440000534057617,VIX
2012-04-23,18.969999313354492,VIX
2012-04-24,18.100000381469727,VIX
2012-04-25,16.81999969482422,VIX
2012-04-26,16.239999771118164,VIX
2012-04-27,16.31999969482422,VIX
2012-04-30,17.149999618530273,VIX
2012-05-01,16.600000381469727,VIX
2012-05-02,16.8799991607666,VIX
2012-05-03,17.559999465942383,VIX
2012-05-04,19.15999984741211,VIX
2012-05-07,18.940000534057617,VIX
2012-05-08,19.049999237060547,VIX
2012-05-09,20.079999923706055,VIX
2012-05-10,18.829999923706055,VIX
2012-05-11,19.889999389648438,VIX
2012-05-14,21.8700008392334,VIX
2012-05-15,21.969999313354492,VIX
2012-05-16,22.270000457763672,VIX
2012-05-17,24.489999771118164,VIX
2012-05-18,25.100000381469727,VIX
2012-05-21,22.010000228881836,VIX
2012-05-22,22.479999542236328,VIX
2012-05-23,22.329999923706055,VIX
2012-05-24,21.540000915527344,VIX
2012-05-25,21.760000228881836,VIX
2012-05-29,21.030000686645508,VIX
2012-05-30,24.139999389648438,VIX
2012-05-31,24.059999465942383,VIX
2012-06-01,26.65999984741211,VIX
2012-06-04,26.1200008392334,VIX
2012-06-05,24.68000030517578,VIX
2012-06-06,22.15999984741211,VIX
2012-06-07,21.719999313354492,VIX
2012-06-08,21.229999542236328,VIX
2012-06-11,23.559999465942383,VIX
2012-06-12,22.09000015258789,VIX
2012-06-13,24.270000457763672,VIX
2012-06-14,21.68000030517578,VIX
2012-06-15,21.110000610351562,VIX
2012-06-18,18.31999969482422,VIX
2012-06-19,18.3799991607666,VIX
2012-06-20,17.239999771118164,VIX
2012-06-21,20.079999923706055,VIX
2012-06-22,18.110000610351562,VIX
2012-06-25,20.3799991607666,VIX
2012-06-26,19.719999313354492,VIX
2012-06-27,19.450000762939453,VIX
2012-06-28,19.709999084472656,VIX
2012-06-29,17.079999923706055,VIX
2012-07-02,16.799999237060547,VIX
2012-07-03,16.65999984741211,VIX
2012-07-05,17.5,VIX
2012-07-06,17.100000381469727,VIX
2012-07-09,17.979999542236328,VIX
2012-07-10,18.719999313354492,VIX
2012-07-11,17.950000762939453,VIX
2012-07-12,18.329999923706055,VIX
2012-07-13,16.739999771118164,VIX
2012-07-16,17.110000610351562,VIX
2012-07-17,16.479999542236328,VIX
2012-07-18,16.15999984741211,VIX
2012-07-19,15.449999809265137,VIX
2012-07-20,16.270000457763672,VIX
2012-07-23,18.6200008392334,VIX
2012-07-24,20.469999313354492,VIX
2012-07-25,19.34000015258789,VIX
2012-07-26,17.530000686645508,VIX
2012-07-27,16.700000762939453,VIX
2012-07-30,18.030000686645508,VIX
2012-07-31,18.93000030517578,VIX
2012-08-01,18.959999084472656,VIX
2012-08-02,17.56999969482422,VIX
2012-08-03,15.640000343322754,VIX
2012-08-06,15.949999809265137,VIX
2012-08-07,15.989999771118164,VIX
2012-08-08,15.319999694824219,VIX
2012-08-09,15.279999732971191,VIX
2012-08-10,14.739999771118164,VIX
2012-08-13,13.699999809265137,VIX
2012-08-14,14.850000381469727,VIX
2012-08-15,14.630000114440918,VIX
2012-08-16,14.289999961853027,VIX
2012-08-17,13.449999809265137,VIX
2012-08-20,14.020000457763672,VIX
2012-08-21,15.020000457763672,VIX
2012-08-22,15.109999656677246,VIX
2012-08-23,15.960000038146973,VIX
2012-08-24,15.180000305175781,VIX
2012-08-27,16.350000381469727,VIX
2012-08-28,16.489999771118164,VIX
2012-08-29,17.059999465942383,VIX
2012-08-30,17.829999923706055,VIX
2012-08-31,17.469999313354492,VIX
2012-09-04,17.979999542236328,VIX
2012-09-05,17.739999771118164,VIX
2012-09-06,15.600000381469727,VIX
2012-09-07,14.380000114440918,VIX
2012-09-10,16.280000686645508,VIX
2012-09-11,16.40999984741211,VIX
2012-09-12,15.800000190734863,VIX
2012-09-13,14.050000190734863,VIX
2012-09-14,14.510000228881836,VIX
2012-09-17,14.59000015258789,VIX
2012-09-18,14.180000305175781,VIX
2012-09-19,13.880000114440918,VIX
2012-09-20,14.069999694824219,VIX
2012-09-21,13.979999542236328,VIX
2012-09-24,14.149999618530273,VIX
2012-09-25,15.430000305175781,VIX
2012-09-26,16.809999465942383,VIX
2012-09-27,14.84000015258789,VIX
2012-09-28,15.729999542236328,VIX
2012-10-01,16.31999969482422,VIX
2012-10-02,15.710000038146973,VIX
2012-10-03,15.430000305175781,VIX
2012-10-04,14.550000190734863,VIX
2012-10-05,14.329999923706055,VIX
2012-10-08,15.109999656677246,VIX
2012-10-09,16.3700008392334,VIX
2012-10-10,16.290000915527344,VIX
2012-10-11,15.59000015258789,VIX
2012-10-12,16.139999389648438,VIX
2012-10-15,15.270000457763672,VIX
2012-10-16,15.220000267028809,VIX
2012-10-17,15.069999694824219,VIX
2012-10-18,15.029999732971191,VIX
2012-10-19,17.059999465942383,VIX
2012-10-22,16.6200008392334,VIX
2012-10-23,18.829999923706055,VIX
2012-10-24,18.329999923706055,VIX
2012-10-25,18.1200008392334,VIX
2012-10-26,17.809999465942383,VIX
2012-10-31,18.600000381469727,VIX
2012-11-01,16.690000534057617,VIX
2012-11-02,17.59000015258789,VIX
2012-11-05,18.420000076293945,VIX
2012-11-06,17.579999923706055,VIX
2012-11-07,19.079999923706055,VIX
2012-11-08,18.489999771118164,VIX
2012-11-09,18.610000610351562,VIX
2012-11-12,16.68000030517578,VIX
2012-11-13,16.649999618530273,VIX
2012-11-14,17.920000076293945,VIX
2012-11-15,17.989999771118164,VIX
2012-11-16,16.40999984741211,VIX
2012-11-19,15.239999771118164,VIX
2012-11-20,15.079999923706055,VIX
2012-11-21,15.3100004196167,VIX
2012-11-23,15.140000343322754,VIX
2012-11-26,15.5,VIX
2012-11-27,15.920000076293945,VIX
2012-11-28,15.510000228881836,VIX
2012-11-29,15.0600004196167,VIX
2012-11-30,15.869999885559082,VIX
2012-12-03,16.639999389648438,VIX
2012-12-04,17.1200008392334,VIX
2012-12-05,16.459999084472656,VIX
2012-12-06,16.579999923706055,VIX
2012-12-07,15.899999618530273,VIX
2012-12-10,16.049999237060547,VIX
2012-12-11,15.569999694824219,VIX
2012-12-12,15.949999809265137,VIX
2012-12-13,16.559999465942383,VIX
2012-12-14,17.0,VIX
2012-12-17,16.34000015258789,VIX
2012-12-18,15.569999694824219,VIX
2012-12-19,17.360000610351562,VIX
2012-12-20,17.670000076293945,VIX
2012-12-21,17.84000015258789,VIX
2012-12-24,17.84000015258789,VIX
2012-12-26,19.479999542236328,VIX
2012-12-27,19.469999313354492,VIX
2012-12-28,22.719999313354492,VIX
2012-12-31,18.020000457763672,VIX
2013-01-02,14.680000305175781,VIX
2013-01-03,14.5600004196167,VIX
2013-01-04,13.829999923706055,VIX
2013-01-07,13.789999961853027,VIX
2013-01-08,13.619999885559082,VIX
2013-01-09,13.8100004196167,VIX
2013-01-10,13.489999771118164,VIX
2013-01-11,13.359999656677246,VIX
2013-01-14,13.520000457763672,VIX
2013-01-15,13.550000190734863,VIX
2013-01-16,13.420000076293945,VIX
2013-01-17,13.569999694824219,VIX
2013-01-18,12.460000038146973,VIX
2013-01-22,12.430000305175781,VIX
2013-01-23,12.460000038146973,VIX
2013-01-24,12.6899995803833,VIX
2013-01-25,12.890000343322754,VIX
2013-01-28,13.569999694824219,VIX
2013-01-29,13.3100004196167,VIX
2013-01-30,14.319999694824219,VIX
2013-01-31,14.279999732971191,VIX
2013-02-01,12.899999618530273,VIX
2013-02-04,14.670000076293945,VIX
2013-02-05,13.720000267028809,VIX
2013-02-06,13.40999984741211,VIX
2013-02-07,13.5,VIX
2013-02-08,13.020000457763672,VIX
2013-02-11,12.9399995803833,VIX
2013-02-12,12.640000343322754,VIX
2013-02-13,12.979999542236328,VIX
2013-02-14,12.65999984741211,VIX
2013-02-15,12.460000038146973,VIX
2013-02-19,12.3100004196167,VIX
2013-02-20,14.680000305175781,VIX
2013-02-21,15.220000267028809,VIX
2013-02-22,14.170000076293945,VIX
2013-02-25,18.989999771118164,VIX
2013-02-26,16.8700008392334,VIX
2013-02-27,14.729999542236328,VIX
2013-02-28,15.510000228881836,VIX
2013-03-01,15.359999656677246,VIX
2013-03-04,14.010000228881836,VIX
2013-03-05,13.479999542236328,VIX
2013-03-06,13.529999732971191,VIX
2013-03-07,13.0600004196167,VIX
2013-03-08,12.59000015258789,VIX
2013-03-11,11.5600004196167,VIX
2013-03-12,12.270000457763672,VIX
2013-03-13,11.829999923706055,VIX
2013-03-14,11.300000190734863,VIX
2013-03-15,11.300000190734863,VIX
2013-03-18,13.359999656677246,VIX
2013-03-19,14.390000343322754,VIX
2013-03-20,12.670000076293945,VIX
2013-03-21,13.989999771118164,VIX
2013-03-22,13.569999694824219,VIX
2013-03-25,13.739999771118164,VIX
2013-03-26,12.770000457763672,VIX
2013-03-27,13.149999618530273,VIX
2013-03-28,12.699999809265137,VIX
2013-04-01,13.579999923706055,VIX
2013-04-02,12.779999732971191,VIX
2013-04-03,14.210000038146973,VIX
2013-04-04,13.890000343322754,VIX
2013-04-05,13.920000076293945,VIX
2013-04-08,13.1899995803833,VIX
2013-04-09,12.84000015258789,VIX
2013-04-10,12.359999656677246,VIX
2013-04-11,12.239999771118164,VIX
2013-04-12,12.0600004196167,VIX
2013-04-15,17.270000457763672,VIX
2013-04-16,13.960000038146973,VIX
2013-04-17,16.510000228881836,VIX
2013-04-18,17.559999465942383,VIX
2013-04-19,14.970000267028809,VIX
2013-04-22,14.390000343322754,VIX
2013-04-23,13.479999542236328,VIX
2013-04-24,13.609999656677246,VIX
2013-04-25,13.619999885559082,VIX
2013-04-26,13.609999656677246,VIX
2013-04-29,13.710000038146973,VIX
2013-04-30,13.520000457763672,VIX
2013-05-01,14.489999771118164,VIX
2013-05-02,13.59000015258789,VIX
2013-05-03,12.850000381469727,VIX
2013-05-06,12.65999984741211,VIX
2013-05-07,12.829999923706055,VIX
2013-05-08,12.65999984741211,VIX
2013-05-09,13.130000114440918,VIX
2013-05-10,12.59000015258789,VIX
2013-05-13,12.550000190734863,VIX
2013-05-14,12.770000457763672,VIX
2013-05-15,12.8100004196167,VIX
2013-05-16,13.069999694824219,VIX
2013-05-17,12.449999809265137,VIX
2013-05-20,13.020000457763672,VIX
2013-05-21,13.369999885559082,VIX
2013-05-22,13.819999694824219,VIX
2013-05-23,14.069999694824219,VIX
2013-05-24,13.989999771118164,VIX
2013-05-28,14.479999542236328,VIX
2013-05-29,14.829999923706055,VIX
2013-05-30,14.529999732971191,VIX
2013-05-31,16.299999237060547,VIX
2013-06-03,16.280000686645508,VIX
2013-06-04,16.270000457763672,VIX
2013-06-05,17.5,VIX
2013-06-06,16.6299991607666,VIX
2013-06-07,15.140000343322754,VIX
2013-06-10,15.4399995803833,VIX
2013-06-11,17.06999969482422,VIX
2013-06-12,18.59000015258789,VIX
2013-06-13,16.40999984741211,VIX
2013-06-14,17.149999618530273,VIX
2013-06-17,16.799999237060547,VIX
2013-06-18,16.610000610351562,VIX
2013-06-19,16.639999389648438,VIX
2013-06-20,20.489999771118164,VIX
2013-06-21,18.899999618530273,VIX
2013-06-24,20.110000610351562,VIX
2013-06-25,18.469999313354492,VIX
2013-06-26,17.209999084472656,VIX
2013-06-27,16.860000610351562,VIX
2013-06-28,16.860000610351562,VIX
2013-07-01,16.3700008392334,VIX
2013-07-02,16.440000534057617,VIX
2013-07-03,16.200000762939453,VIX
2013-07-05,14.890000343322754,VIX
2013-07-08,14.779999732971191,VIX
2013-07-09,14.350000381469727,VIX
2013-07-10,14.210000038146973,VIX
2013-07-11,14.010000228881836,VIX
2013-07-12,13.84000015258789,VIX
2013-07-15,13.789999961853027,VIX
2013-07-16,14.420000076293945,VIX
2013-07-17,13.779999732971191,VIX
2013-07-18,13.770000457763672,VIX
2013-07-19,12.539999961853027,VIX
2013-07-22,12.289999961853027,VIX
2013-07-23,12.65999984741211,VIX
2013-07-24,13.180000305175781,VIX
2013-07-25,12.970000267028809,VIX
2013-07-26,12.720000267028809,VIX
2013-07-29,13.390000343322754,VIX
2013-07-30,13.390000343322754,VIX
2013-07-31,13.449999809265137,VIX
2013-08-01,12.9399995803833,VIX
2013-08-02,11.979999542236328,VIX
2013-08-05,11.84000015258789,VIX
2013-08-06,12.720000267028809,VIX
2013-08-07,12.979999542236328,VIX
2013-08-08,12.729999542236328,VIX
2013-08-09,13.40999984741211,VIX
2013-08-12,12.8100004196167,VIX
2013-08-13,12.3100004196167,VIX
2013-08-14,13.039999961853027,VIX
2013-08-15,14.729999542236328,VIX
2013-08-16,14.369999885559082,VIX
2013-08-19,15.100000381469727,VIX
2013-08-20,14.90999984741211,VIX
2013-08-21,15.9399995803833,VIX
2013-08-22,14.760000228881836,VIX
2013-08-23,13.979999542236328,VIX
2013-08-26,14.989999771118164,VIX
2013-08-27,16.770000457763672,VIX
2013-08-28,16.489999771118164,VIX
2013-08-29,16.809999465942383,VIX
2013-08-30,17.010000228881836,VIX
2013-09-03,16.610000610351562,VIX
2013-09-04,15.880000114440918,VIX
2013-09-05,15.770000457763672,VIX
2013-09-06,15.850000381469727,VIX
2013-09-09,15.630000114440918,VIX
2013-09-10,14.529999732971191,VIX
2013-09-11,13.819999694824219,VIX
2013-09-12,14.289999961853027,VIX
2013-09-13,14.15999984741211,VIX
2013-09-16,14.380000114440918,VIX
2013-09-17,14.529999732971191,VIX
2013-09-18,13.59000015258789,VIX
2013-09-19,13.15999984741211,VIX
2013-09-20,13.119999885559082,VIX
2013-09-23,14.3100004196167,VIX
2013-09-24,14.079999923706055,VIX
2013-09-25,14.010000228881836,VIX
2013-09-26,14.0600004196167,VIX
2013-09-27,15.460000038146973,VIX
2013-09-30,16.600000381469727,VIX
2013-10-01,15.539999961853027,VIX
2013-10-02,16.600000381469727,VIX
2013-10-03,17.670000076293945,VIX
2013-10-04,16.739999771118164,VIX
2013-10-07,19.40999984741211,VIX
2013-10-08,20.34000015258789,VIX
2013-10-09,19.600000381469727,VIX
2013-10-10,16.479999542236328,VIX
2013-10-11,15.720000267028809,VIX
2013-10-14,16.06999969482422,VIX
2013-10-15,18.65999984741211,VIX
2013-10-16,14.710000038146973,VIX
2013-10-17,13.479999542236328,VIX
2013-10-18,13.039999961853027,VIX
2013-10-21,13.15999984741211,VIX
2013-10-22,13.329999923706055,VIX
2013-10-23,13.420000076293945,VIX
2013-10-24,13.199999809265137,VIX
2013-10-25,13.09000015258789,VIX
2013-10-28,13.3100004196167,VIX
2013-10-29,13.40999984741211,VIX
2013-10-30,13.649999618530273,VIX
2013-10-31,13.75,VIX
2013-11-01,13.279999732971191,VIX
2013-11-04,12.930000305175781,VIX
2013-11-05,13.270000457763672,VIX
2013-11-06,12.670000076293945,VIX
2013-11-07,13.90999984741211,VIX
2013-11-08,12.899999618530273,VIX
2013-11-11,12.529999732971191,VIX
2013-11-12,12.819999694824219,VIX
2013-11-13,12.520000457763672,VIX
2013-11-14,12.369999885559082,VIX
2013-11-15,12.1899995803833,VIX
2013-11-18,13.100000381469727,VIX
2013-11-19,13.390000343322754,VIX
2013-11-20,13.399999618530273,VIX
2013-11-21,12.65999984741211,VIX
2013-11-22,12.260000228881836,VIX
2013-11-25,12.789999961853027,VIX
2013-11-26,12.8100004196167,VIX
2013-11-27,12.979999542236328,VIX
2013-11-29,13.699999809265137,VIX
2013-12-02,14.229999542236328,VIX
2013-12-03,14.550000190734863,VIX
2013-12-04,14.699999809265137,VIX
2013-12-05,15.079999923706055,VIX
2013-12-06,13.789999961853027,VIX
2013-12-09,13.489999771118164,VIX
2013-12-10,13.90999984741211,VIX
2013-12-11,15.420000076293945,VIX
2013-12-12,15.539999961853027,VIX
2013-12-13,15.760000228881836,VIX
2013-12-16,16.030000686645508,VIX
2013-12-17,16.209999084472656,VIX
2013-12-18,13.800000190734863,VIX
2013-12-19,14.149999618530273,VIX
2013-12-20,13.789999961853027,VIX
2013-12-23,13.039999961853027,VIX
2013-12-24,12.479999542236328,VIX
2013-12-26,12.329999923706055,VIX
2013-12-27,12.460000038146973,VIX
2013-12-30,13.5600004196167,VIX
2013-12-31,13.720000267028809,VIX
2014-01-02,14.229999542236328,VIX
2014-01-03,13.760000228881836,VIX
2014-01-06,13.550000190734863,VIX
2014-01-07,12.920000076293945,VIX
2014-01-08,12.869999885559082,VIX
2014-01-09,12.890000343322754,VIX
2014-01-10,12.140000343322754,VIX
2014-01-13,13.279999732971191,VIX
2014-01-14,12.279999732971191,VIX
2014-01-15,12.279999732971191,VIX
2014-01-16,12.529999732971191,VIX
2014-01-17,12.4399995803833,VIX
2014-01-21,12.869999885559082,VIX
2014-01-22,12.84000015258789,VIX
2014-01-23,13.770000457763672,VIX
2014-01-24,18.139999389648438,VIX
2014-01-27,17.420000076293945,VIX
2014-01-28,15.800000190734863,VIX
2014-01-29,17.350000381469727,VIX
2014-01-30,17.290000915527344,VIX
2014-01-31,18.40999984741211,VIX
2014-02-03,21.440000534057617,VIX
2014-02-04,19.110000610351562,VIX
2014-02-05,19.950000762939453,VIX
2014-02-06,17.229999542236328,VIX
2014-02-07,15.289999961853027,VIX
2014-02-10,15.260000228881836,VIX
2014-02-11,14.510000228881836,VIX
2014-02-12,14.300000190734863,VIX
2014-02-13,14.140000343322754,VIX
2014-02-14,13.569999694824219,VIX
2014-02-18,13.869999885559082,VIX
2014-02-19,15.5,VIX
2014-02-20,14.789999961853027,VIX
2014-02-21,14.680000305175781,VIX
2014-02-24,14.229999542236328,VIX
2014-02-25,13.670000076293945,VIX
2014-02-26,14.350000381469727,VIX
2014-02-27,14.039999961853027,VIX
2014-02-28,14.0,VIX
2014-03-03,16.0,VIX
2014-03-04,14.100000381469727,VIX
2014-03-05,13.890000343322754,VIX
2014-03-06,14.210000038146973,VIX
2014-03-07,14.109999656677246,VIX
2014-03-10,14.199999809265137,VIX
2014-03-11,14.800000190734863,VIX
2014-03-12,14.470000267028809,VIX
2014-03-13,16.219999313354492,VIX
2014-03-14,17.81999969482422,VIX
2014-03-17,15.640000343322754,VIX
2014-03-18,14.520000457763672,VIX
2014-03-19,15.119999885559082,VIX
2014-03-20,14.520000457763672,VIX
2014-03-21,15.0,VIX
2014-03-24,15.09000015258789,VIX
2014-03-25,14.020000457763672,VIX
2014-03-26,14.930000305175781,VIX
2014-03-27,14.619999885559082,VIX
2014-03-28,14.40999984741211,VIX
2014-03-31,13.880000114440918,VIX
2014-04-01,13.100000381469727,VIX
2014-04-02,13.09000015258789,VIX
2014-04-03,13.369999885559082,VIX
2014-04-04,13.960000038146973,VIX
2014-04-07,15.569999694824219,VIX
2014-04-08,14.890000343322754,VIX
2014-04-09,13.819999694824219,VIX
2014-04-10,15.890000343322754,VIX
2014-04-11,17.030000686645508,VIX
2014-04-14,16.110000610351562,VIX
2014-04-15,15.609999656677246,VIX
2014-04-16,14.180000305175781,VIX
2014-04-17,13.359999656677246,VIX
2014-04-21,13.25,VIX
2014-04-22,13.1899995803833,VIX
2014-04-23,13.270000457763672,VIX
2014-04-24,13.319999694824219,VIX
2014-04-25,14.0600004196167,VIX
2014-04-28,13.970000267028809,VIX
2014-04-29,13.710000038146973,VIX
2014-04-30,13.40999984741211,VIX
2014-05-01,13.25,VIX
2014-05-02,12.90999984741211,VIX
2014-05-05,13.289999961853027,VIX
2014-05-06,13.800000190734863,VIX
2014-05-07,13.399999618530273,VIX
2014-05-08,13.430000305175781,VIX
2014-05-09,12.920000076293945,VIX
2014-05-12,12.229999542236328,VIX
2014-05-13,12.130000114440918,VIX
2014-05-14,12.170000076293945,VIX
2014-05-15,13.170000076293945,VIX
2014-05-16,12.4399995803833,VIX
2014-05-19,12.420000076293945,VIX
2014-05-20,12.960000038146973,VIX
2014-05-21,11.90999984741211,VIX
2014-05-22,12.029999732971191,VIX
2014-05-23,11.359999656677246,VIX
2014-05-27,11.510000228881836,VIX
2014-05-28,11.680000305175781,VIX
2014-05-29,11.569999694824219,VIX
2014-05-30,11.399999618530273,VIX
2014-06-02,11.579999923706055,VIX
2014-06-03,11.869999885559082,VIX
2014-06-04,12.079999923706055,VIX
2014-06-05,11.680000305175781,VIX
2014-06-06,10.729999542236328,VIX
2014-06-09,11.149999618530273,VIX
2014-06-10,10.989999771118164,VIX
2014-06-11,11.600000381469727,VIX
2014-06-12,12.5600004196167,VIX
2014-06-13,12.180000305175781,VIX
2014-06-16,12.649999618530273,VIX
2014-06-17,12.0600004196167,VIX
2014-06-18,10.609999656677246,VIX
2014-06-19,10.619999885559082,VIX
2014-06-20,10.850000381469727,VIX
2014-06-23,10.979999542236328,VIX
2014-06-24,12.130000114440918,VIX
2014-06-25,11.59000015258789,VIX
2014-06-26,11.630000114440918,VIX
2014-06-27,11.260000228881836,VIX
2014-06-30,11.569999694824219,VIX
2014-07-01,11.149999618530273,VIX
2014-07-02,10.819999694824219,VIX
2014-07-03,10.319999694824219,VIX
2014-07-07,11.329999923706055,VIX
2014-07-08,11.979999542236328,VIX
2014-07-09,11.649999618530273,VIX
2014-07-10,12.59000015258789,VIX
2014-07-11,12.079999923706055,VIX
2014-07-14,11.819999694824219,VIX
2014-07-15,11.960000038146973,VIX
2014-07-16,11.0,VIX
2014-07-17,14.539999961853027,VIX
2014-07-18,12.0600004196167,VIX
2014-07-21,12.8100004196167,VIX
2014-07-22,12.239999771118164,VIX
2014-07-23,11.520000457763672,VIX
2014-07-24,11.84000015258789,VIX
2014-07-25,12.6899995803833,VIX
2014-07-28,12.5600004196167,VIX
2014-07-29,13.279999732971191,VIX
2014-07-30,13.329999923706055,VIX
2014-07-31,16.950000762939453,VIX
2014-08-01,17.030000686645508,VIX
2014-08-04,15.119999885559082,VIX
2014-08-05,16.8700008392334,VIX
2014-08-06,16.3700008392334,VIX
2014-08-07,16.65999984741211,VIX
2014-08-08,15.770000457763672,VIX
2014-08-11,14.229999542236328,VIX
2014-08-12,14.130000114440918,VIX
2014-08-13,12.899999618530273,VIX
2014-08-14,12.420000076293945,VIX
2014-08-15,13.149999618530273,VIX
2014-08-18,12.319999694824219,VIX
2014-08-19,12.210000038146973,VIX
2014-08-20,11.779999732971191,VIX
2014-08-21,11.760000228881836,VIX
2014-08-22,11.470000267028809,VIX
2014-08-25,11.699999809265137,VIX
2014-08-26,11.630000114440918,VIX
2014-08-27,11.779999732971191,VIX
2014-08-28,12.050000190734863,VIX
2014-08-29,12.09000015258789,VIX
2014-09-02,12.25,VIX
2014-09-03,12.359999656677246,VIX
2014-09-04,12.640000343322754,VIX
2014-09-05,12.09000015258789,VIX
2014-09-08,12.65999984741211,VIX
2014-09-09,13.5,VIX
2014-09-10,12.880000114440918,VIX
2014-09-11,12.800000190734863,VIX
2014-09-12,13.3100004196167,VIX
2014-09-15,14.119999885559082,VIX
2014-09-16,12.729999542236328,VIX
2014-09-17,12.649999618530273,VIX
2014-09-18,12.029999732971191,VIX
2014-09-19,12.109999656677246,VIX
2014-09-22,13.6899995803833,VIX
2014-09-23,14.930000305175781,VIX
2014-09-24,13.270000457763672,VIX
2014-09-25,15.640000343322754,VIX
2014-09-26,14.850000381469727,VIX
2014-09-29,15.979999542236328,VIX
2014-09-30,16.309999465942383,VIX
2014-10-01,16.709999084472656,VIX
2014-10-02,16.15999984741211,VIX
2014-10-03,14.550000190734863,VIX
2014-10-06,15.460000038146973,VIX
2014-10-07,17.200000762939453,VIX
2014-10-08,15.109999656677246,VIX
2014-10-09,18.760000228881836,VIX
2014-10-10,21.239999771118164,VIX
2014-10-13,24.639999389648438,VIX
2014-10-14,22.790000915527344,VIX
2014-10-15,25.270000457763672,VIX
2014-10-16,25.200000762939453,VIX
2014-10-17,21.989999771118164,VIX
2014-10-20,18.56999969482422,VIX
2014-10-21,16.079999923706055,VIX
2014-10-22,17.8700008392334,VIX
2014-10-23,16.530000686645508,VIX
2014-10-24,16.110000610351562,VIX
2014-10-27,16.040000915527344,VIX
2014-10-28,14.390000343322754,VIX
2014-10-29,15.149999618530273,VIX
2014-10-30,14.520000457763672,VIX
2014-10-31,14.029999732971191,VIX
2014-11-03,14.729999542236328,VIX
2014-11-04,14.890000343322754,VIX
2014-11-05,14.170000076293945,VIX
2014-11-06,13.670000076293945,VIX
2014-11-07,13.119999885559082,VIX
2014-11-10,12.670000076293945,VIX
2014-11-11,12.920000076293945,VIX
2014-11-12,13.020000457763672,VIX
2014-11-13,13.789999961853027,VIX
2014-11-14,13.3100004196167,VIX
2014-11-17,13.989999771118164,VIX
2014-11-18,13.859999656677246,VIX
2014-11-19,13.960000038146973,VIX
2014-11-20,13.579999923706055,VIX
2014-11-21,12.899999618530273,VIX
2014-11-24,12.619999885559082,VIX
2014-11-25,12.25,VIX
2014-11-26,12.069999694824219,VIX
2014-11-28,13.329999923706055,VIX
2014-12-01,14.15999984741211,VIX
2014-12-02,12.850000381469727,VIX
2014-12-03,12.5,VIX
2014-12-04,12.380000114440918,VIX
2014-12-05,11.890000343322754,VIX
2014-12-08,14.210000038146973,VIX
2014-12-09,15.350000381469727,VIX
2014-12-10,18.530000686645508,VIX
2014-12-11,20.079999923706055,VIX
2014-12-12,21.079999923706055,VIX
2014-12-15,20.420000076293945,VIX
2014-12-16,23.56999969482422,VIX
2014-12-17,19.440000534057617,VIX
2014-12-18,16.809999465942383,VIX
2014-12-19,16.489999771118164,VIX
2014-12-22,15.25,VIX
2014-12-23,14.800000190734863,VIX
2014-12-24,14.369999885559082,VIX
2014-12-26,14.5,VIX
2014-12-29,15.0600004196167,VIX
2014-12-30,15.920000076293945,VIX
2014-12-31,19.200000762939453,VIX
2015-01-02,17.790000915527344,VIX
2015-01-05,19.920000076293945,VIX
2015-01-06,21.1200008392334,VIX
2015-01-07,19.309999465942383,VIX
2015-01-08,17.010000228881836,VIX
2015-01-09,17.549999237060547,VIX
2015-01-12,19.600000381469727,VIX
2015-01-13,20.559999465942383,VIX
2015-01-14,21.479999542236328,VIX
2015-01-15,22.389999389648438,VIX
2015-01-16,20.950000762939453,VIX
2015-01-20,19.889999389648438,VIX
2015-01-21,18.850000381469727,VIX
2015-01-22,16.399999618530273,VIX
2015-01-23,16.65999984741211,VIX
2015-01-26,15.520000457763672,VIX
2015-01-27,17.219999313354492,VIX
2015-01-28,20.440000534057617,VIX
2015-01-29,18.760000228881836,VIX
2015-01-30,20.969999313354492,VIX
2015-02-02,19.43000030517578,VIX
2015-02-03,17.329999923706055,VIX
2015-02-04,18.329999923706055,VIX
2015-02-05,16.850000381469727,VIX
2015-02-06,17.290000915527344,VIX
2015-02-09,18.549999237060547,VIX
2015-02-10,17.229999542236328,VIX
2015-02-11,16.959999084472656,VIX
2015-02-12,15.34000015258789,VIX
2015-02-13,14.6899995803833,VIX
2015-02-17,15.800000190734863,VIX
2015-02-18,15.449999809265137,VIX
2015-02-19,15.289999961853027,VIX
2015-02-20,14.300000190734863,VIX
2015-02-23,14.5600004196167,VIX
2015-02-24,13.6899995803833,VIX
2015-02-25,13.84000015258789,VIX
2015-02-26,13.90999984741211,VIX
2015-02-27,13.34000015258789,VIX
2015-03-02,13.039999961853027,VIX
2015-03-03,13.859999656677246,VIX
2015-03-04,14.229999542236328,VIX
2015-03-05,14.039999961853027,VIX
2015-03-06,15.199999809265137,VIX
2015-03-09,15.0600004196167,VIX
2015-03-10,16.690000534057617,VIX
2015-03-11,16.8700008392334,VIX
2015-03-12,15.420000076293945,VIX
2015-03-13,16.0,VIX
2015-03-16,15.609999656677246,VIX
2015-03-17,15.65999984741211,VIX
2015-03-18,13.970000267028809,VIX
2015-03-19,14.069999694824219,VIX
2015-03-20,13.020000457763672,VIX
2015-03-23,13.40999984741211,VIX
2015-03-24,13.619999885559082,VIX
2015-03-25,15.4399995803833,VIX
2015-03-26,15.800000190734863,VIX
2015-03-27,15.069999694824219,VIX
2015-03-30,14.510000228881836,VIX
2015-03-31,15.289999961853027,VIX
2015-04-01,15.109999656677246,VIX
2015-04-02,14.670000076293945,VIX
2015-04-06,14.739999771118164,VIX
2015-04-07,14.779999732971191,VIX
2015-04-08,13.979999542236328,VIX
2015-04-09,13.09000015258789,VIX
2015-04-10,12.579999923706055,VIX
2015-04-13,13.9399995803833,VIX
2015-04-14,13.670000076293945,VIX
2015-04-15,12.84000015258789,VIX
2015-04-16,12.600000381469727,VIX
2015-04-17,13.890000343322754,VIX
2015-04-20,13.300000190734863,VIX
2015-04-21,13.25,VIX
2015-04-22,12.710000038146973,VIX
2015-04-23,12.479999542236328,VIX
2015-04-24,12.289999961853027,VIX
2015-04-27,13.119999885559082,VIX
2015-04-28,12.40999984741211,VIX
2015-04-29,13.390000343322754,VIX
2015-04-30,14.550000190734863,VIX
2015-05-01,12.699999809265137,VIX
2015-05-04,12.850000381469727,VIX
2015-05-05,14.3100004196167,VIX
2015-05-06,15.149999618530273,VIX
2015-05-07,15.130000114440918,VIX
2015-05-08,12.859999656677246,VIX
2015-05-11,13.850000381469727,VIX
2015-05-12,13.859999656677246,VIX
2015-05-13,13.760000228881836,VIX
2015-05-14,12.739999771118164,VIX
2015-05-15,12.380000114440918,VIX
2015-05-18,12.729999542236328,VIX
2015-05-19,12.850000381469727,VIX
2015-05-20,12.880000114440918,VIX
2015-05-21,12.109999656677246,VIX
2015-05-22,12.130000114440918,VIX
2015-05-26,14.0600004196167,VIX
2015-05-27,13.270000457763672,VIX
2015-05-28,13.3100004196167,VIX
2015-05-29,13.84000015258789,VIX
2015-06-01,13.970000267028809,VIX
2015-06-02,14.239999771118164,VIX
2015-06-03,13.65999984741211,VIX
2015-06-04,14.710000038146973,VIX
2015-06-05,14.210000038146973,VIX
2015-06-08,15.289999961853027,VIX
2015-06-09,14.470000267028809,VIX
2015-06-10,13.220000267028809,VIX
2015-06-11,12.850000381469727,VIX
2015-06-12,13.779999732971191,VIX
2015-06-15,15.390000343322754,VIX
2015-06-16,14.8100004196167,VIX
2015-06-17,14.5,VIX
2015-06-18,13.1899995803833,VIX
2015-06-19,13.960000038146973,VIX
2015-06-22,12.739999771118164,VIX
2015-06-23,12.109999656677246,VIX
2015-06-24,13.260000228881836,VIX
2015-06-25,14.010000228881836,VIX
2015-06-26,14.020000457763672,VIX
2015-06-29,18.850000381469727,VIX
2015-06-30,18.229999542236328,VIX
2015-07-01,16.09000015258789,VIX
2015-07-02,16.790000915527344,VIX
2015-07-06,17.010000228881836,VIX
2015-07-07,16.09000015258789,VIX
2015-07-08,19.65999984741211,VIX
2015-07-09,19.969999313354492,VIX
2015-07-10,16.829999923706055,VIX
2015-07-13,13.899999618530273,VIX
2015-07-14,13.369999885559082,VIX
2015-07-15,13.229999542236328,VIX
2015-07-16,12.109999656677246,VIX
2015-07-17,11.949999809265137,VIX
2015-07-20,12.25,VIX
2015-07-21,12.220000267028809,VIX
2015-07-22,12.119999885559082,VIX
2015-07-23,12.640000343322754,VIX
2015-07-24,13.739999771118164,VIX
2015-07-27,15.600000381469727,VIX
2015-07-28,13.4399995803833,VIX
2015-07-29,12.5,VIX
2015-07-30,12.130000114440918,VIX
2015-07-31,12.119999885559082,VIX
2015-08-03,12.5600004196167,VIX
2015-08-04,13.0,VIX
2015-08-05,12.510000228881836,VIX
2015-08-06,13.770000457763672,VIX
2015-08-07,13.390000343322754,VIX
2015-08-10,12.229999542236328,VIX
2015-08-11,13.710000038146973,VIX
2015-08-12,13.609999656677246,VIX
2015-08-13,13.489999771118164,VIX
2015-08-14,12.829999923706055,VIX
2015-08-17,13.020000457763672,VIX
2015-08-18,13.789999961853027,VIX
2015-08-19,15.25,VIX
2015-08-20,19.139999389648438,VIX
2015-08-21,28.030000686645508,VIX
2015-08-24,40.7400016784668,VIX
2015-08-25,36.02000045776367,VIX
2015-08-26,30.31999969482422,VIX
2015-08-27,26.100000381469727,VIX
2015-08-28,26.049999237060547,VIX
2015-08-31,28.43000030517578,VIX
2015-09-01,31.399999618530273,VIX
2015-09-02,26.09000015258789,VIX
2015-09-03,25.610000610351562,VIX
2015-09-04,27.799999237060547,VIX
2015-09-08,24.899999618530273,VIX
2015-09-09,26.229999542236328,VIX
2015-09-10,24.3700008392334,VIX
2015-09-11,23.200000762939453,VIX
2015-09-14,24.25,VIX
2015-09-15,22.540000915527344,VIX
2015-09-16,21.350000381469727,VIX
2015-09-17,21.139999389648438,VIX
2015-09-18,22.280000686645508,VIX
2015-09-21,20.139999389648438,VIX
2015-09-22,22.440000534057617,VIX
2015-09-23,22.1299991607666,VIX
2015-09-24,23.469999313354492,VIX
2015-09-25,23.6200008392334,VIX
2015-09-28,27.6299991607666,VIX
2015-09-29,26.829999923706055,VIX
2015-09-30,24.5,VIX
2015-10-01,22.549999237060547,VIX
2015-10-02,20.940000534057617,VIX
2015-10-05,19.540000915527344,VIX
2015-10-06,19.399999618530273,VIX
2015-10-07,18.399999618530273,VIX
2015-10-08,17.420000076293945,VIX
2015-10-09,17.079999923706055,VIX
2015-10-12,16.170000076293945,VIX
2015-10-13,17.670000076293945,VIX
2015-10-14,18.030000686645508,VIX
2015-10-15,16.049999237060547,VIX
2015-10-16,15.050000190734863,VIX
2015-10-19,14.979999542236328,VIX
2015-10-20,15.75,VIX
2015-10-21,16.700000762939453,VIX
2015-10-22,14.449999809265137,VIX
2015-10-23,14.460000038146973,VIX
2015-10-26,15.289999961853027,VIX
2015-10-27,15.430000305175781,VIX
2015-10-28,14.329999923706055,VIX
2015-10-29,14.609999656677246,VIX
2015-10-30,15.069999694824219,VIX
2015-11-02,14.149999618530273,VIX
2015-11-03,14.539999961853027,VIX
2015-11-04,15.510000228881836,VIX
2015-11-05,15.050000190734863,VIX
2015-11-06,14.329999923706055,VIX
2015-11-09,16.520000457763672,VIX
2015-11-10,15.289999961853027,VIX
2015-11-11,16.059999465942383,VIX
2015-11-12,18.3700008392334,VIX
2015-11-13,20.079999923706055,VIX
2015-11-16,18.15999984741211,VIX
2015-11-17,18.84000015258789,VIX
2015-11-18,16.850000381469727,VIX
2015-11-19,16.989999771118164,VIX
2015-11-20,15.470000267028809,VIX
2015-11-23,15.619999885559082,VIX
2015-11-24,15.930000305175781,VIX
2015-11-25,15.1899995803833,VIX
2015-11-27,15.119999885559082,VIX
2015-11-30,16.1299991607666,VIX
2015-12-01,14.670000076293945,VIX
2015-12-02,15.90999984741211,VIX
2015-12-03,18.110000610351562,VIX
2015-12-04,14.8100004196167,VIX
2015-12-07,15.84000015258789,VIX
2015-12-08,17.600000381469727,VIX
2015-12-09,19.610000610351562,VIX
2015-12-10,19.34000015258789,VIX
2015-12-11,24.389999389648438,VIX
2015-12-14,22.729999542236328,VIX
2015-12-15,20.950000762939453,VIX
2015-12-16,17.860000610351562,VIX
2015-12-17,18.940000534057617,VIX
2015-12-18,20.700000762939453,VIX
2015-12-21,18.700000762939453,VIX
2015-12-22,16.600000381469727,VIX
2015-12-23,15.569999694824219,VIX
2015-12-24,15.739999771118164,VIX
2015-12-28,16.90999984741211,VIX
2015-12-29,16.079999923706055,VIX
2015-12-30,17.290000915527344,VIX
2015-12-31,18.209999084472656,VIX
2016-01-04,20.700000762939453,VIX
2016-01-05,19.34000015258789,VIX
2016-01-06,20.59000015258789,VIX
2016-01-07,24.989999771118164,VIX
2016-01-08,27.010000228881836,VIX
2016-01-11,24.299999237060547,VIX
2016-01-12,22.469999313354492,VIX
2016-01-13,25.219999313354492,VIX
2016-01-14,23.950000762939453,VIX
2016-01-15,27.020000457763672,VIX
2016-01-19,26.049999237060547,VIX
2016-01-20,27.59000015258789,VIX
2016-01-21,26.690000534057617,VIX
2016-01-22,22.34000015258789,VIX
2016-01-25,24.149999618530273,VIX
2016-01-26,22.5,VIX
2016-01-27,23.110000610351562,VIX
2016-01-28,22.420000076293945,VIX
2016-01-29,20.200000762939453,VIX
2016-02-01,19.979999542236328,VIX
2016-02-02,21.979999542236328,VIX
2016-02-03,21.649999618530273,VIX
2016-02-04,21.84000015258789,VIX
2016-02-05,23.3799991607666,VIX
2016-02-08,26.0,VIX
2016-02-09,26.540000915527344,VIX
2016-02-10,26.290000915527344,VIX
2016-02-11,28.139999389648438,VIX
2016-02-12,25.399999618530273,VIX
2016-02-16,24.110000610351562,VIX
2016-02-17,22.309999465942383,VIX
2016-02-18,21.639999389648438,VIX
2016-02-19,20.530000686645508,VIX
2016-02-22,19.3799991607666,VIX
2016-02-23,20.979999542236328,VIX
2016-02-24,20.719999313354492,VIX
2016-02-25,19.110000610351562,VIX
2016-02-26,19.809999465942383,VIX
2016-02-29,20.549999237060547,VIX
2016-03-01,17.700000762939453,VIX
2016-03-02,17.09000015258789,VIX
2016-03-03,16.700000762939453,VIX
2016-03-04,16.860000610351562,VIX
2016-03-07,17.350000381469727,VIX
2016-03-08,18.670000076293945,VIX
2016-03-09,18.34000015258789,VIX
2016-03-10,18.049999237060547,VIX
2016-03-11,16.5,VIX
2016-03-14,16.920000076293945,VIX
2016-03-15,16.84000015258789,VIX
2016-03-16,14.989999771118164,VIX
2016-03-17,14.4399995803833,VIX
2016-03-18,14.020000457763672,VIX
2016-03-21,13.789999961853027,VIX
2016-03-22,14.170000076293945,VIX
2016-03-23,14.9399995803833,VIX
2016-03-24,14.739999771118164,VIX
2016-03-28,15.239999771118164,VIX
2016-03-29,13.819999694824219,VIX
2016-03-30,13.5600004196167,VIX
2016-03-31,13.949999809265137,VIX
2016-04-01,13.100000381469727,VIX
2016-04-04,14.119999885559082,VIX
2016-04-05,15.420000076293945,VIX
2016-04-06,14.09000015258789,VIX
2016-04-07,16.15999984741211,VIX
2016-04-08,15.359999656677246,VIX
2016-04-11,16.260000228881836,VIX
2016-04-12,14.850000381469727,VIX
2016-04-13,13.84000015258789,VIX
2016-04-14,13.720000267028809,VIX
2016-04-15,13.619999885559082,VIX
2016-04-18,13.350000381469727,VIX
2016-04-19,13.239999771118164,VIX
2016-04-20,13.279999732971191,VIX
2016-04-21,13.949999809265137,VIX
2016-04-22,13.220000267028809,VIX
2016-04-25,14.079999923706055,VIX
2016-04-26,13.960000038146973,VIX
2016-04-27,13.770000457763672,VIX
2016-04-28,15.220000267028809,VIX
2016-04-29,15.699999809265137,VIX
2016-05-02,14.680000305175781,VIX
2016-05-03,15.600000381469727,VIX
2016-05-04,16.049999237060547,VIX
2016-05-05,15.90999984741211,VIX
2016-05-06,14.720000267028809,VIX
2016-05-09,14.569999694824219,VIX
2016-05-10,13.630000114440918,VIX
2016-05-11,14.6899995803833,VIX
2016-05-12,14.40999984741211,VIX
2016-05-13,15.039999961853027,VIX
2016-05-16,14.680000305175781,VIX
2016-05-17,15.569999694824219,VIX
2016-05-18,15.949999809265137,VIX
2016-05-19,16.329999923706055,VIX
2016-05-20,15.199999809265137,VIX
2016-05-23,15.819999694824219,VIX
2016-05-24,14.420000076293945,VIX
2016-05-25,13.899999618530273,VIX
2016-05-26,13.430000305175781,VIX
2016-05-27,13.119999885559082,VIX
2016-05-31,14.1899995803833,VIX
2016-06-01,14.199999809265137,VIX
2016-06-02,13.630000114440918,VIX
2016-06-03,13.470000267028809,VIX
2016-06-06,13.649999618530273,VIX
2016-06-07,14.050000190734863,VIX
2016-06-08,14.079999923706055,VIX
2016-06-09,14.640000343322754,VIX
2016-06-10,17.030000686645508,VIX
2016-06-13,20.969999313354492,VIX
2016-06-14,20.5,VIX
2016-06-15,20.139999389648438,VIX
2016-06-16,19.3700008392334,VIX
2016-06-17,19.40999984741211,VIX
2016-06-20,18.3700008392334,VIX
2016-06-21,18.479999542236328,VIX
2016-06-22,21.170000076293945,VIX
2016-06-23,17.25,VIX
2016-06-24,25.760000228881836,VIX
2016-06-27,23.850000381469727,VIX
2016-06-28,18.75,VIX
2016-06-29,16.639999389648438,VIX
2016-06-30,15.630000114440918,VIX
2016-07-01,14.770000457763672,VIX
2016-07-05,15.579999923706055,VIX
2016-07-06,14.960000038146973,VIX
2016-07-07,14.760000228881836,VIX
2016-07-08,13.199999809265137,VIX
2016-07-11,13.539999961853027,VIX
2016-07-12,13.550000190734863,VIX
2016-07-13,13.039999961853027,VIX
2016-07-14,12.819999694824219,VIX
2016-07-15,12.670000076293945,VIX
2016-07-18,12.4399995803833,VIX
2016-07-19,11.970000267028809,VIX
2016-07-20,11.770000457763672,VIX
2016-07-21,12.739999771118164,VIX
2016-07-22,12.020000457763672,VIX
2016-07-25,12.869999885559082,VIX
2016-07-26,13.050000190734863,VIX
2016-07-27,12.829999923706055,VIX
2016-07-28,12.720000267028809,VIX
2016-07-29,11.869999885559082,VIX
2016-08-01,12.4399995803833,VIX
2016-08-02,13.369999885559082,VIX
2016-08-03,12.859999656677246,VIX
2016-08-04,12.420000076293945,VIX
2016-08-05,11.390000343322754,VIX
2016-08-08,11.5,VIX
2016-08-09,11.65999984741211,VIX
2016-08-10,12.050000190734863,VIX
2016-08-11,11.680000305175781,VIX
2016-08-12,11.550000190734863,VIX
2016-08-15,11.8100004196167,VIX
2016-08-16,12.640000343322754,VIX
2016-08-17,12.1899995803833,VIX
2016-08-18,11.430000305175781,VIX
2016-08-19,11.34000015258789,VIX
2016-08-22,12.270000457763672,VIX
2016-08-23,12.380000114440918,VIX
2016-08-24,13.449999809265137,VIX
2016-08-25,13.630000114440918,VIX
2016-08-26,13.649999618530273,VIX
2016-08-29,12.9399995803833,VIX
2016-08-30,13.119999885559082,VIX
2016-08-31,13.420000076293945,VIX
2016-09-01,13.479999542236328,VIX
2016-09-02,11.979999542236328,VIX
2016-09-06,12.020000457763672,VIX
2016-09-07,11.9399995803833,VIX
2016-09-08,12.510000228881836,VIX
2016-09-09,17.5,VIX
2016-09-12,15.15999984741211,VIX
2016-09-13,17.850000381469727,VIX
2016-09-14,18.139999389648438,VIX
2016-09-15,16.299999237060547,VIX
2016-09-16,15.369999885559082,VIX
2016-09-19,15.529999732971191,VIX
2016-09-20,15.920000076293945,VIX
2016-09-21,13.300000190734863,VIX
2016-09-22,12.020000457763672,VIX
2016-09-23,12.289999961853027,VIX
2016-09-26,14.5,VIX
2016-09-27,13.100000381469727,VIX
2016-09-28,12.390000343322754,VIX
2016-09-29,14.020000457763672,VIX
2016-09-30,13.289999961853027,VIX
2016-10-03,13.569999694824219,VIX
2016-10-04,13.630000114440918,VIX
2016-10-05,12.989999771118164,VIX
2016-10-06,12.84000015258789,VIX
2016-10-07,13.479999542236328,VIX
2016-10-10,13.380000114440918,VIX
2016-10-11,15.359999656677246,VIX
2016-10-12,15.90999984741211,VIX
2016-10-13,16.690000534057617,VIX
2016-10-14,16.1200008392334,VIX
2016-10-17,16.209999084472656,VIX
2016-10-18,15.279999732971191,VIX
2016-10-19,14.40999984741211,VIX
2016-10-20,13.75,VIX
2016-10-21,13.34000015258789,VIX
2016-10-24,13.020000457763672,VIX
2016-10-25,13.460000038146973,VIX
2016-10-26,14.239999771118164,VIX
2016-10-27,15.359999656677246,VIX
2016-10-28,16.190000534057617,VIX
2016-10-31,17.059999465942383,VIX
2016-11-01,18.559999465942383,VIX
2016-11-02,19.31999969482422,VIX
2016-11-03,22.079999923706055,VIX
2016-11-04,22.510000228881836,VIX
2016-11-07,18.709999084472656,VIX
2016-11-08,18.739999771118164,VIX
2016-11-09,14.380000114440918,VIX
2016-11-10,14.739999771118164,VIX
2016-11-11,14.170000076293945,VIX
2016-11-14,14.479999542236328,VIX
2016-11-15,13.369999885559082,VIX
2016-11-16,13.720000267028809,VIX
2016-11-17,13.350000381469727,VIX
2016-11-18,12.850000381469727,VIX
2016-11-21,12.420000076293945,VIX
2016-11-22,12.40999984741211,VIX
2016-11-23,12.430000305175781,VIX
2016-11-25,12.34000015258789,VIX
2016-11-28,13.149999618530273,VIX
2016-11-29,12.899999618530273,VIX
2016-11-30,13.329999923706055,VIX
2016-12-01,14.069999694824219,VIX
2016-12-02,14.119999885559082,VIX
2016-12-05,12.140000343322754,VIX
2016-12-06,11.789999961853027,VIX
2016-12-07,12.220000267028809,VIX
2016-12-08,12.640000343322754,VIX
2016-12-09,11.75,VIX
2016-12-12,12.640000343322754,VIX
2016-12-13,12.720000267028809,VIX
2016-12-14,13.1899995803833,VIX
2016-12-15,12.789999961853027,VIX
2016-12-16,12.199999809265137,VIX
2016-12-19,11.710000038146973,VIX
2016-12-20,11.449999809265137,VIX
2016-12-21,11.270000457763672,VIX
2016-12-22,11.430000305175781,VIX
2016-12-23,11.4399995803833,VIX
2016-12-27,11.989999771118164,VIX
2016-12-28,12.949999809265137,VIX
2016-12-29,13.369999885559082,VIX
2016-12-30,14.039999961853027,VIX
2017-01-03,12.850000381469727,VIX
2017-01-04,11.850000381469727,VIX
2017-01-05,11.670000076293945,VIX
2017-01-06,11.319999694824219,VIX
2017-01-09,11.5600004196167,VIX
2017-01-10,11.489999771118164,VIX
2017-01-11,11.260000228881836,VIX
2017-01-12,11.539999961853027,VIX
2017-01-13,11.229999542236328,VIX
2017-01-17,11.869999885559082,VIX
2017-01-18,12.479999542236328,VIX
2017-01-19,12.779999732971191,VIX
2017-01-20,11.539999961853027,VIX
2017-01-23,11.770000457763672,VIX
2017-01-24,11.069999694824219,VIX
2017-01-25,10.8100004196167,VIX
2017-01-26,10.630000114440918,VIX
2017-01-27,10.579999923706055,VIX
2017-01-30,11.880000114440918,VIX
2017-01-31,11.989999771118164,VIX
2017-02-01,11.8100004196167,VIX
2017-02-02,11.930000305175781,VIX
2017-02-03,10.970000267028809,VIX
2017-02-06,11.369999885559082,VIX
2017-02-07,11.289999961853027,VIX
2017-02-08,11.449999809265137,VIX
2017-02-09,10.880000114440918,VIX
2017-02-10,10.850000381469727,VIX
2017-02-13,11.069999694824219,VIX
2017-02-14,10.739999771118164,VIX
2017-02-15,11.970000267028809,VIX
2017-02-16,11.760000228881836,VIX
2017-02-17,11.489999771118164,VIX
2017-02-21,11.569999694824219,VIX
2017-02-22,11.739999771118164,VIX
2017-02-23,11.710000038146973,VIX
2017-02-24,11.470000267028809,VIX
2017-02-27,12.09000015258789,VIX
2017-02-28,12.920000076293945,VIX
2017-03-01,12.539999961853027,VIX
2017-03-02,11.8100004196167,VIX
2017-03-03,10.960000038146973,VIX
2017-03-06,11.239999771118164,VIX
2017-03-07,11.449999809265137,VIX
2017-03-08,11.859999656677246,VIX
2017-03-09,12.300000190734863,VIX
2017-03-10,11.65999984741211,VIX
2017-03-13,11.350000381469727,VIX
2017-03-14,12.300000190734863,VIX
2017-03-15,11.630000114440918,VIX
2017-03-16,11.210000038146973,VIX
2017-03-17,11.279999732971191,VIX
2017-03-20,11.34000015258789,VIX
2017-03-21,12.470000267028809,VIX
2017-03-22,12.8100004196167,VIX
2017-03-23,13.119999885559082,VIX
2017-03-24,12.960000038146973,VIX
2017-03-27,12.5,VIX
2017-03-28,11.529999732971191,VIX
2017-03-29,11.420000076293945,VIX
2017-03-30,11.539999961853027,VIX
2017-03-31,12.369999885559082,VIX
2017-04-03,12.380000114440918,VIX
2017-04-04,11.789999961853027,VIX
2017-04-05,12.890000343322754,VIX
2017-04-06,12.390000343322754,VIX
2017-04-07,12.869999885559082,VIX
2017-04-10,14.050000190734863,VIX
2017-04-11,15.069999694824219,VIX
2017-04-12,15.770000457763672,VIX
2017-04-13,15.960000038146973,VIX
2017-04-17,14.65999984741211,VIX
2017-04-18,14.420000076293945,VIX
2017-04-19,14.930000305175781,VIX
2017-04-20,14.149999618530273,VIX
2017-04-21,14.630000114440918,VIX
2017-04-24,10.84000015258789,VIX
2017-04-25,10.760000228881836,VIX
2017-04-26,10.850000381469727,VIX
2017-04-27,10.359999656677246,VIX
2017-04-28,10.819999694824219,VIX
2017-05-01,10.109999656677246,VIX
2017-05-02,10.59000015258789,VIX
2017-05-03,10.680000305175781,VIX
2017-05-04,10.460000038146973,VIX
2017-05-05,10.569999694824219,VIX
2017-05-08,9.770000457763672,VIX
2017-05-09,9.960000038146973,VIX
2017-05-10,10.210000038146973,VIX
2017-05-11,10.600000381469727,VIX
2017-05-12,10.399999618530273,VIX
2017-05-15,10.420000076293945,VIX
2017-05-16,10.649999618530273,VIX
2017-05-17,15.59000015258789,VIX
2017-05-18,14.65999984741211,VIX
2017-05-19,12.039999961853027,VIX
2017-05-22,10.930000305175781,VIX
2017-05-23,10.720000267028809,VIX
2017-05-24,10.020000457763672,VIX
2017-05-25,9.989999771118164,VIX
2017-05-26,9.8100004196167,VIX
2017-05-30,10.380000114440918,VIX
2017-05-31,10.40999984741211,VIX
2017-06-01,9.890000343322754,VIX
2017-06-02,9.75,VIX
2017-06-05,10.069999694824219,VIX
2017-06-06,10.449999809265137,VIX
2017-06-07,10.390000343322754,VIX
2017-06-08,10.15999984741211,VIX
2017-06-09,10.699999809265137,VIX
2017-06-12,11.460000038146973,VIX
2017-06-13,10.420000076293945,VIX
2017-06-14,10.640000343322754,VIX
2017-06-15,10.899999618530273,VIX
2017-06-16,10.380000114440918,VIX
2017-06-19,10.369999885559082,VIX
2017-06-20,10.859999656677246,VIX
2017-06-21,10.75,VIX
2017-06-22,10.479999542236328,VIX
2017-06-23,10.020000457763672,VIX
2017-06-26,9.899999618530273,VIX
2017-06-27,11.0600004196167,VIX
2017-06-28,10.029999732971191,VIX
2017-06-29,11.4399995803833,VIX
2017-06-30,11.180000305175781,VIX
2017-07-03,11.220000267028809,VIX
2017-07-05,11.069999694824219,VIX
2017-07-06,12.539999961853027,VIX
2017-07-07,11.1899995803833,VIX
2017-07-10,11.109999656677246,VIX
2017-07-11,10.890000343322754,VIX
2017-07-12,10.300000190734863,VIX
2017-07-13,9.899999618530273,VIX
2017-07-14,9.510000228881836,VIX
2017-07-17,9.819999694824219,VIX
2017-07-18,9.890000343322754,VIX
2017-07-19,9.789999961853027,VIX
2017-07-20,9.579999923706055,VIX
2017-07-21,9.359999656677246,VIX
2017-07-24,9.430000305175781,VIX
2017-07-25,9.430000305175781,VIX
2017-07-26,9.600000381469727,VIX
2017-07-27,10.109999656677246,VIX
2017-07-28,10.289999961853027,VIX
2017-07-31,10.260000228881836,VIX
2017-08-01,10.09000015258789,VIX
2017-08-02,10.279999732971191,VIX
2017-08-03,10.4399995803833,VIX
2017-08-04,10.029999732971191,VIX
2017-08-07,9.930000305175781,VIX
2017-08-08,10.960000038146973,VIX
2017-08-09,11.109999656677246,VIX
2017-08-10,16.040000915527344,VIX
2017-08-11,15.510000228881836,VIX
2017-08-14,12.329999923706055,VIX
2017-08-15,12.039999961853027,VIX
2017-08-16,11.739999771118164,VIX
2017-08-17,15.550000190734863,VIX
2017-08-18,14.260000228881836,VIX
2017-08-21,13.1899995803833,VIX
2017-08-22,11.350000381469727,VIX
2017-08-23,12.25,VIX
2017-08-24,12.229999542236328,VIX
2017-08-25,11.279999732971191,VIX
2017-08-28,11.319999694824219,VIX
2017-08-29,11.699999809265137,VIX
2017-08-30,11.220000267028809,VIX
2017-08-31,10.59000015258789,VIX
2017-09-01,10.130000114440918,VIX
2017-09-05,12.229999542236328,VIX
2017-09-06,11.630000114440918,VIX
2017-09-07,11.550000190734863,VIX
2017-09-08,12.119999885559082,VIX
2017-09-11,10.729999542236328,VIX
2017-09-12,10.579999923706055,VIX
2017-09-13,10.5,VIX
2017-09-14,10.4399995803833,VIX
2017-09-15,10.170000076293945,VIX
2017-09-18,10.149999618530273,VIX
2017-09-19,10.180000305175781,VIX
2017-09-20,9.779999732971191,VIX
2017-09-21,9.670000076293945,VIX
2017-09-22,9.59000015258789,VIX
2017-09-25,10.210000038146973,VIX
2017-09-26,10.170000076293945,VIX
2017-09-27,9.869999885559082,VIX
2017-09-28,9.550000190734863,VIX
2017-09-29,9.510000228881836,VIX
2017-10-02,9.449999809265137,VIX
2017-10-03,9.510000228881836,VIX
2017-10-04,9.630000114440918,VIX
2017-10-05,9.1899995803833,VIX
2017-10-06,9.649999618530273,VIX
2017-10-09,10.329999923706055,VIX
2017-10-10,10.079999923706055,VIX
2017-10-11,9.850000381469727,VIX
2017-10-12,9.90999984741211,VIX
2017-10-13,9.609999656677246,VIX
2017-10-16,9.90999984741211,VIX
2017-10-17,10.3100004196167,VIX
2017-10-18,10.069999694824219,VIX
2017-10-19,10.050000190734863,VIX
2017-10-20,9.970000267028809,VIX
2017-10-23,11.069999694824219,VIX
2017-10-24,11.15999984741211,VIX
2017-10-25,11.229999542236328,VIX
2017-10-26,11.300000190734863,VIX
2017-10-27,9.800000190734863,VIX
2017-10-30,10.5,VIX
2017-10-31,10.180000305175781,VIX
2017-11-01,10.199999809265137,VIX
2017-11-02,9.930000305175781,VIX
2017-11-03,9.140000343322754,VIX
2017-11-06,9.399999618530273,VIX
2017-11-07,9.890000343322754,VIX
2017-11-08,9.779999732971191,VIX
2017-11-09,10.5,VIX
2017-11-10,11.289999961853027,VIX
2017-11-13,11.5,VIX
2017-11-14,11.59000015258789,VIX
2017-11-15,13.130000114440918,VIX
2017-11-16,11.760000228881836,VIX
2017-11-17,11.430000305175781,VIX
2017-11-20,10.649999618530273,VIX
2017-11-21,9.729999542236328,VIX
2017-11-22,9.880000114440918,VIX
2017-11-24,9.670000076293945,VIX
2017-11-27,9.869999885559082,VIX
2017-11-28,10.029999732971191,VIX
2017-11-29,10.699999809265137,VIX
2017-11-30,11.279999732971191,VIX
2017-12-01,11.430000305175781,VIX
2017-12-04,11.680000305175781,VIX
2017-12-05,11.329999923706055,VIX
2017-12-06,11.020000457763672,VIX
2017-12-07,10.15999984741211,VIX
2017-12-08,9.579999923706055,VIX
2017-12-11,9.34000015258789,VIX
2017-12-12,9.920000076293945,VIX
2017-12-13,10.180000305175781,VIX
2017-12-14,10.489999771118164,VIX
2017-12-15,9.420000076293945,VIX
2017-12-18,9.529999732971191,VIX
2017-12-19,10.029999732971191,VIX
2017-12-20,9.720000267028809,VIX
2017-12-21,9.619999885559082,VIX
2017-12-22,9.899999618530273,VIX
2017-12-26,10.25,VIX
2017-12-27,10.470000267028809,VIX
2017-12-28,10.180000305175781,VIX
2017-12-29,11.039999961853027,VIX
2018-01-02,9.770000457763672,VIX
2018-01-03,9.149999618530273,VIX
2018-01-04,9.220000267028809,VIX
2018-01-05,9.220000267028809,VIX
2018-01-08,9.520000457763672,VIX
2018-01-09,10.079999923706055,VIX
2018-01-10,9.819999694824219,VIX
2018-01-11,9.880000114440918,VIX
2018-01-12,10.15999984741211,VIX
2018-01-16,11.65999984741211,VIX
2018-01-17,11.90999984741211,VIX
2018-01-18,12.220000267028809,VIX
2018-01-19,11.270000457763672,VIX
2018-01-22,11.029999732971191,VIX
2018-01-23,11.100000381469727,VIX
2018-01-24,11.470000267028809,VIX
2018-01-25,11.579999923706055,VIX
2018-01-26,11.079999923706055,VIX
2018-01-29,13.84000015258789,VIX
2018-01-30,14.789999961853027,VIX
2018-01-31,13.539999961853027,VIX
2018-02-01,13.470000267028809,VIX
2018-02-02,17.309999465942383,VIX
2018-02-05,37.31999969482422,VIX
2018-02-06,29.979999542236328,VIX
2018-02-07,27.729999542236328,VIX
2018-02-08,33.459999084472656,VIX
2018-02-09,29.059999465942383,VIX
2018-02-12,25.610000610351562,VIX
2018-02-13,24.969999313354492,VIX
2018-02-14,19.260000228881836,VIX
2018-02-15,19.1299991607666,VIX
2018-02-16,19.459999084472656,VIX
2018-02-20,20.600000381469727,VIX
2018-02-21,20.020000457763672,VIX
2018-02-22,18.719999313354492,VIX
2018-02-23,16.489999771118164,VIX
2018-02-26,15.800000190734863,VIX
2018-02-27,18.59000015258789,VIX
2018-02-28,19.850000381469727,VIX
2018-03-01,22.469999313354492,VIX
2018-03-02,19.59000015258789,VIX
2018-03-05,18.729999542236328,VIX
2018-03-06,18.360000610351562,VIX
2018-03-07,17.760000228881836,VIX
2018-03-08,16.540000915527344,VIX
2018-03-09,14.640000343322754,VIX
2018-03-12,15.779999732971191,VIX
2018-03-13,16.350000381469727,VIX
2018-03-14,17.229999542236328,VIX
2018-03-15,16.59000015258789,VIX
2018-03-16,15.800000190734863,VIX
2018-03-19,19.020000457763672,VIX
2018-03-20,18.200000762939453,VIX
2018-03-21,17.860000610351562,VIX
2018-03-22,23.34000015258789,VIX
2018-03-23,24.8700008392334,VIX
2018-03-26,21.030000686645508,VIX
2018-03-27,22.5,VIX
2018-03-28,22.8700008392334,VIX
2018-03-29,19.969999313354492,VIX
2018-04-02,23.6200008392334,VIX
2018-04-03,21.100000381469727,VIX
2018-04-04,20.059999465942383,VIX
2018-04-05,18.940000534057617,VIX
2018-04-06,21.489999771118164,VIX
2018-04-09,21.770000457763672,VIX
2018-04-10,20.469999313354492,VIX
2018-04-11,20.239999771118164,VIX
2018-04-12,18.489999771118164,VIX
2018-04-13,17.40999984741211,VIX
2018-04-16,16.559999465942383,VIX
2018-04-17,15.25,VIX
2018-04-18,15.600000381469727,VIX
2018-04-19,15.960000038146973,VIX
2018-04-20,16.8799991607666,VIX
2018-04-23,16.34000015258789,VIX
2018-04-24,18.020000457763672,VIX
2018-04-25,17.84000015258789,VIX
2018-04-26,16.239999771118164,VIX
2018-04-27,15.40999984741211,VIX
2018-04-30,15.930000305175781,VIX
2018-05-01,15.489999771118164,VIX
2018-05-02,15.970000267028809,VIX
2018-05-03,15.899999618530273,VIX
2018-05-04,14.770000457763672,VIX
2018-05-07,14.75,VIX
2018-05-08,14.710000038146973,VIX
2018-05-09,13.420000076293945,VIX
2018-05-10,13.229999542236328,VIX
2018-05-11,12.649999618530273,VIX
2018-05-14,12.930000305175781,VIX
2018-05-15,14.630000114440918,VIX
2018-05-16,13.420000076293945,VIX
2018-05-17,13.430000305175781,VIX
2018-05-18,13.420000076293945,VIX
2018-05-21,13.079999923706055,VIX
2018-05-22,13.220000267028809,VIX
2018-05-23,12.579999923706055,VIX
2018-05-24,12.529999732971191,VIX
2018-05-25,13.220000267028809,VIX
2018-05-29,17.020000457763672,VIX
2018-05-30,14.9399995803833,VIX
2018-05-31,15.430000305175781,VIX
2018-06-01,13.460000038146973,VIX
2018-06-04,12.739999771118164,VIX
2018-06-05,12.399999618530273,VIX
2018-06-06,11.640000343322754,VIX
2018-06-07,12.130000114440918,VIX
2018-06-08,12.180000305175781,VIX
2018-06-11,12.350000381469727,VIX
2018-06-12,12.34000015258789,VIX
2018-06-13,12.9399995803833,VIX
2018-06-14,12.119999885559082,VIX
2018-06-15,11.979999542236328,VIX
2018-06-18,12.3100004196167,VIX
2018-06-19,13.350000381469727,VIX
2018-06-20,12.789999961853027,VIX
2018-06-21,14.640000343322754,VIX
2018-06-22,13.770000457763672,VIX
2018-06-25,17.329999923706055,VIX
2018-06-26,15.920000076293945,VIX
2018-06-27,17.90999984741211,VIX
2018-06-28,16.850000381469727,VIX
2018-06-29,16.09000015258789,VIX
2018-07-02,15.600000381469727,VIX
2018-07-03,16.139999389648438,VIX
2018-07-05,14.970000267028809,VIX
2018-07-06,13.369999885559082,VIX
2018-07-09,12.6899995803833,VIX
2018-07-10,12.640000343322754,VIX
2018-07-11,13.630000114440918,VIX
2018-07-12,12.579999923706055,VIX
2018-07-13,12.180000305175781,VIX
2018-07-16,12.829999923706055,VIX
2018-07-17,12.0600004196167,VIX
2018-07-18,12.100000381469727,VIX
2018-07-19,12.869999885559082,VIX
2018-07-20,12.859999656677246,VIX
2018-07-23,12.619999885559082,VIX
2018-07-24,12.40999984741211,VIX
2018-07-25,12.289999961853027,VIX
2018-07-26,12.140000343322754,VIX
2018-07-27,13.029999732971191,VIX
2018-07-30,14.260000228881836,VIX
2018-07-31,12.829999923706055,VIX
2018-08-01,13.149999618530273,VIX
2018-08-02,12.1899995803833,VIX
2018-08-03,11.640000343322754,VIX
2018-08-06,11.270000457763672,VIX
2018-08-07,10.930000305175781,VIX
2018-08-08,10.850000381469727,VIX
2018-08-09,11.270000457763672,VIX
2018-08-10,13.15999984741211,VIX
2018-08-13,14.779999732971191,VIX
2018-08-14,13.3100004196167,VIX
2018-08-15,14.640000343322754,VIX
2018-08-16,13.449999809265137,VIX
2018-08-17,12.640000343322754,VIX
2018-08-20,12.489999771118164,VIX
2018-08-21,12.859999656677246,VIX
2018-08-22,12.25,VIX
2018-08-23,12.40999984741211,VIX
2018-08-24,11.989999771118164,VIX
2018-08-27,12.15999984741211,VIX
2018-08-28,12.5,VIX
2018-08-29,12.25,VIX
2018-08-30,13.529999732971191,VIX
2018-08-31,12.859999656677246,VIX
2018-09-04,13.15999984741211,VIX
2018-09-05,13.90999984741211,VIX
2018-09-06,14.649999618530273,VIX
2018-09-07,14.880000114440918,VIX
2018-09-10,14.15999984741211,VIX
2018-09-11,13.220000267028809,VIX
2018-09-12,13.140000343322754,VIX
2018-09-13,12.369999885559082,VIX
2018-09-14,12.069999694824219,VIX
2018-09-17,13.680000305175781,VIX
2018-09-18,12.789999961853027,VIX
2018-09-19,11.75,VIX
2018-09-20,11.800000190734863,VIX
2018-09-21,11.680000305175781,VIX
2018-09-24,12.199999809265137,VIX
2018-09-25,12.420000076293945,VIX
2018-09-26,12.890000343322754,VIX
2018-09-27,12.40999984741211,VIX
2018-09-28,12.119999885559082,VIX
2018-10-01,12.0,VIX
2018-10-02,12.050000190734863,VIX
2018-10-03,11.609999656677246,VIX
2018-10-04,14.220000267028809,VIX
2018-10-05,14.819999694824219,VIX
2018-10-08,15.6899995803833,VIX
2018-10-09,15.949999809265137,VIX
2018-10-10,22.959999084472656,VIX
2018-10-11,24.979999542236328,VIX
2018-10-12,21.309999465942383,VIX
2018-10-15,21.299999237060547,VIX
2018-10-16,17.6200008392334,VIX
2018-10-17,17.399999618530273,VIX
2018-10-18,20.059999465942383,VIX
2018-10-19,19.889999389648438,VIX
2018-10-22,19.639999389648438,VIX
2018-10-23,20.709999084472656,VIX
2018-10-24,25.229999542236328,VIX
2018-10-25,24.219999313354492,VIX
2018-10-26,24.15999984741211,VIX
2018-10-29,24.700000762939453,VIX
2018-10-30,23.350000381469727,VIX
2018-10-31,21.229999542236328,VIX
2018-11-01,19.34000015258789,VIX
2018-11-02,19.510000228881836,VIX
2018-11-05,19.959999084472656,VIX
2018-11-06,19.90999984741211,VIX
2018-11-07,16.360000610351562,VIX
2018-11-08,16.719999313354492,VIX
2018-11-09,17.360000610351562,VIX
2018-11-12,20.450000762939453,VIX
2018-11-13,20.020000457763672,VIX
2018-11-14,21.25,VIX
2018-11-15,19.979999542236328,VIX
2018-11-16,18.139999389648438,VIX
2018-11-19,20.100000381469727,VIX
2018-11-20,22.479999542236328,VIX
2018-11-21,20.799999237060547,VIX
2018-11-23,21.520000457763672,VIX
2018-11-26,18.899999618530273,VIX
2018-11-27,19.020000457763672,VIX
2018-11-28,18.489999771118164,VIX
2018-11-29,18.790000915527344,VIX
2018-11-30,18.06999969482422,VIX
2018-12-03,16.440000534057617,VIX
2018-12-04,20.739999771118164,VIX
2018-12-06,21.190000534057617,VIX
2018-12-07,23.229999542236328,VIX
2018-12-10,22.639999389648438,VIX
2018-12-11,21.760000228881836,VIX
2018-12-12,21.459999084472656,VIX
2018-12-13,20.649999618530273,VIX
2018-12-14,21.6299991607666,VIX
2018-12-17,24.520000457763672,VIX
2018-12-18,25.579999923706055,VIX
2018-12-19,25.579999923706055,VIX
2018-12-20,28.3799991607666,VIX
2018-12-21,30.110000610351562,VIX
2018-12-24,36.06999969482422,VIX
2018-12-26,30.40999984741211,VIX
2018-12-27,29.959999084472656,VIX
2018-12-28,28.34000015258789,VIX
2018-12-31,25.420000076293945,VIX
2019-01-02,23.219999313354492,VIX
2019-01-03,25.450000762939453,VIX
2019-01-04,21.3799991607666,VIX
2019-01-07,21.399999618530273,VIX
2019-01-08,20.469999313354492,VIX
2019-01-09,19.979999542236328,VIX
2019-01-10,19.5,VIX
2019-01-11,18.190000534057617,VIX
2019-01-14,19.06999969482422,VIX
2019-01-15,18.600000381469727,VIX
2019-01-16,19.040000915527344,VIX
2019-01-17,18.059999465942383,VIX
2019-01-18,17.799999237060547,VIX
2019-01-22,20.799999237060547,VIX
2019-01-23,19.520000457763672,VIX
2019-01-24,18.889999389648438,VIX
2019-01-25,17.420000076293945,VIX
2019-01-28,18.8700008392334,VIX
2019-01-29,19.1299991607666,VIX
2019-01-30,17.65999984741211,VIX
2019-01-31,16.56999969482422,VIX
2019-02-01,16.139999389648438,VIX
2019-02-04,15.729999542236328,VIX
2019-02-05,15.569999694824219,VIX
2019-02-06,15.380000114440918,VIX
2019-02-07,16.3700008392334,VIX
2019-02-08,15.720000267028809,VIX
2019-02-11,15.970000267028809,VIX
2019-02-12,15.430000305175781,VIX
2019-02-13,15.649999618530273,VIX
2019-02-14,16.219999313354492,VIX
2019-02-15,14.90999984741211,VIX
2019-02-19,14.880000114440918,VIX
2019-02-20,14.020000457763672,VIX
2019-02-21,14.460000038146973,VIX
2019-02-22,13.510000228881836,VIX
2019-02-25,14.850000381469727,VIX
2019-02-26,15.170000076293945,VIX
2019-02-27,14.699999809265137,VIX
2019-02-28,14.779999732971191,VIX
2019-03-01,13.569999694824219,VIX
2019-03-04,14.630000114440918,VIX
2019-03-05,14.739999771118164,VIX
2019-03-06,15.739999771118164,VIX
2019-03-07,16.59000015258789,VIX
2019-03-08,16.049999237060547,VIX
2019-03-11,14.329999923706055,VIX
2019-03-12,13.770000457763672,VIX
2019-03-13,13.40999984741211,VIX
2019-03-14,13.5,VIX
2019-03-15,12.880000114440918,VIX
2019-03-18,13.100000381469727,VIX
2019-03-19,13.5600004196167,VIX
2019-03-20,13.90999984741211,VIX
2019-03-21,13.630000114440918,VIX
2019-03-22,16.479999542236328,VIX
2019-03-25,16.329999923706055,VIX
2019-03-26,14.680000305175781,VIX
2019-03-27,15.149999618530273,VIX
2019-03-28,14.430000305175781,VIX
2019-03-29,13.710000038146973,VIX
2019-04-01,13.399999618530273,VIX
2019-04-02,13.359999656677246,VIX
2019-04-03,13.739999771118164,VIX
2019-04-04,13.579999923706055,VIX
2019-04-05,12.819999694824219,VIX
2019-04-08,13.180000305175781,VIX
2019-04-09,14.279999732971191,VIX
2019-04-10,13.300000190734863,VIX
2019-04-11,13.020000457763672,VIX
2019-04-12,12.010000228881836,VIX
2019-04-15,12.319999694824219,VIX
2019-04-16,12.180000305175781,VIX
2019-04-17,12.600000381469727,VIX
2019-04-18,12.09000015258789,VIX
2019-04-22,12.420000076293945,VIX
2019-04-23,12.279999732971191,VIX
2019-04-24,13.140000343322754,VIX
2019-04-25,13.25,VIX
2019-04-26,12.729999542236328,VIX
2019-04-29,13.109999656677246,VIX
2019-04-30,13.119999885559082,VIX
2019-05-01,14.800000190734863,VIX
2019-05-02,14.420000076293945,VIX
2019-05-03,12.869999885559082,VIX
2019-05-06,15.4399995803833,VIX
2019-05-07,19.31999969482422,VIX
2019-05-08,19.399999618530273,VIX
2019-05-09,19.100000381469727,VIX
2019-05-10,16.040000915527344,VIX
2019-05-13,20.549999237060547,VIX
2019-05-14,18.059999465942383,VIX
2019-05-15,16.440000534057617,VIX
2019-05-16,15.289999961853027,VIX
2019-05-17,15.960000038146973,VIX
2019-05-20,16.309999465942383,VIX
2019-05-21,14.949999809265137,VIX
2019-05-22,14.75,VIX
2019-05-23,16.920000076293945,VIX
2019-05-24,15.850000381469727,VIX
2019-05-28,17.5,VIX
2019-05-29,17.899999618530273,VIX
2019-05-30,17.299999237060547,VIX
2019-05-31,18.709999084472656,VIX
2019-06-03,18.860000610351562,VIX
2019-06-04,16.969999313354492,VIX
2019-06-05,16.09000015258789,VIX
2019-06-06,15.930000305175781,VIX
2019-06-07,16.299999237060547,VIX
2019-06-10,15.9399995803833,VIX
2019-06-11,15.989999771118164,VIX
2019-06-12,15.90999984741211,VIX
2019-06-13,15.819999694824219,VIX
2019-06-14,15.279999732971191,VIX
2019-06-17,15.350000381469727,VIX
2019-06-18,15.149999618530273,VIX
2019-06-19,14.329999923706055,VIX
2019-06-20,14.75,VIX
2019-06-21,15.399999618530273,VIX
2019-06-24,15.260000228881836,VIX
2019-06-25,16.280000686645508,VIX
2019-06-26,16.209999084472656,VIX
2019-06-27,15.819999694824219,VIX
2019-06-28,15.079999923706055,VIX
2019-07-01,14.0600004196167,VIX
2019-07-02,12.930000305175781,VIX
2019-07-03,12.569999694824219,VIX
2019-07-05,13.279999732971191,VIX
2019-07-08,13.960000038146973,VIX
2019-07-09,14.09000015258789,VIX
2019-07-10,13.029999732971191,VIX
2019-07-11,12.930000305175781,VIX
2019-07-12,12.390000343322754,VIX
2019-07-15,12.680000305175781,VIX
2019-07-16,12.859999656677246,VIX
2019-07-17,13.970000267028809,VIX
2019-07-18,13.529999732971191,VIX
2019-07-19,14.449999809265137,VIX
2019-07-22,13.529999732971191,VIX
2019-07-23,12.609999656677246,VIX
2019-07-24,12.069999694824219,VIX
2019-07-25,12.739999771118164,VIX
2019-07-26,12.15999984741211,VIX
2019-07-29,12.829999923706055,VIX
2019-07-30,13.9399995803833,VIX
2019-07-31,16.1200008392334,VIX
2019-08-01,17.8700008392334,VIX
2019-08-02,17.610000610351562,VIX
2019-08-05,24.59000015258789,VIX
2019-08-06,20.170000076293945,VIX
2019-08-07,19.489999771118164,VIX
2019-08-08,16.90999984741211,VIX
2019-08-09,17.969999313354492,VIX
2019-08-12,21.09000015258789,VIX
2019-08-13,17.520000457763672,VIX
2019-08-14,22.100000381469727,VIX
2019-08-15,21.18000030517578,VIX
2019-08-16,18.469999313354492,VIX
2019-08-19,16.8799991607666,VIX
2019-08-20,17.5,VIX
2019-08-21,15.800000190734863,VIX
2019-08-22,16.68000030517578,VIX
2019-08-23,19.8700008392334,VIX
2019-08-26,19.31999969482422,VIX
2019-08-27,20.309999465942383,VIX
2019-08-28,19.350000381469727,VIX
2019-08-29,17.8799991607666,VIX
2019-08-30,18.979999542236328,VIX
2019-09-03,19.65999984741211,VIX
2019-09-04,17.329999923706055,VIX
2019-09-05,16.270000457763672,VIX
2019-09-06,15.0,VIX
2019-09-09,15.270000457763672,VIX
2019-09-10,15.199999809265137,VIX
2019-09-11,14.609999656677246,VIX
2019-09-12,14.220000267028809,VIX
2019-09-13,13.739999771118164,VIX
2019-09-16,14.670000076293945,VIX
2019-09-17,14.4399995803833,VIX
2019-09-18,13.949999809265137,VIX
2019-09-19,14.050000190734863,VIX
2019-09-20,15.319999694824219,VIX
2019-09-23,14.90999984741211,VIX
2019-09-24,17.049999237060547,VIX
2019-09-25,15.960000038146973,VIX
2019-09-26,16.06999969482422,VIX
2019-09-27,17.219999313354492,VIX
2019-09-30,16.239999771118164,VIX
2019-10-01,18.559999465942383,VIX
2019-10-02,20.559999465942383,VIX
2019-10-03,19.1200008392334,VIX
2019-10-04,17.040000915527344,VIX
2019-10-07,17.860000610351562,VIX
2019-10-08,20.280000686645508,VIX
2019-10-09,18.639999389648438,VIX
2019-10-10,17.56999969482422,VIX
2019-10-11,15.579999923706055,VIX
2019-10-14,14.569999694824219,VIX
2019-10-15,13.539999961853027,VIX
2019-10-16,13.680000305175781,VIX
2019-10-17,13.789999961853027,VIX
2019-10-18,14.25,VIX
2019-10-21,14.0,VIX
2019-10-22,14.460000038146973,VIX
2019-10-23,14.010000228881836,VIX
2019-10-24,13.710000038146973,VIX
2019-10-25,12.649999618530273,VIX
2019-10-28,13.109999656677246,VIX
2019-10-29,13.199999809265137,VIX
2019-10-30,12.329999923706055,VIX
2019-10-31,13.220000267028809,VIX
2019-11-01,12.300000190734863,VIX
2019-11-04,12.829999923706055,VIX
2019-11-05,13.100000381469727,VIX
2019-11-06,12.619999885559082,VIX
2019-11-07,12.729999542236328,VIX
2019-11-08,12.069999694824219,VIX
2019-11-11,12.6899995803833,VIX
2019-11-12,12.680000305175781,VIX
2019-11-13,13.0,VIX
2019-11-14,13.050000190734863,VIX
2019-11-15,12.050000190734863,VIX
2019-11-18,12.460000038146973,VIX
2019-11-19,12.859999656677246,VIX
2019-11-20,12.779999732971191,VIX
2019-11-21,13.130000114440918,VIX
2019-11-22,12.34000015258789,VIX
2019-11-25,11.869999885559082,VIX
2019-11-26,11.539999961853027,VIX
2019-11-27,11.75,VIX
2019-11-29,12.619999885559082,VIX
2019-12-02,14.90999984741211,VIX
2019-12-03,15.960000038146973,VIX
2019-12-04,14.800000190734863,VIX
2019-12-05,14.520000457763672,VIX
2019-12-06,13.619999885559082,VIX
2019-12-09,15.859999656677246,VIX
2019-12-10,15.680000305175781,VIX
2019-12-11,14.989999771118164,VIX
2019-12-12,13.9399995803833,VIX
2019-12-13,12.630000114440918,VIX
2019-12-16,12.140000343322754,VIX
2019-12-17,12.289999961853027,VIX
2019-12-18,12.579999923706055,VIX
2019-12-19,12.5,VIX
2019-12-20,12.510000228881836,VIX
2019-12-23,12.609999656677246,VIX
2019-12-24,12.670000076293945,VIX
2019-12-26,12.649999618530273,VIX
2019-12-27,13.430000305175781,VIX
2019-12-30,14.819999694824219,VIX
2019-12-31,13.779999732971191,VIX
2020-01-02,12.470000267028809,VIX
2020-01-03,14.020000457763672,VIX
2020-01-06,13.850000381469727,VIX
2020-01-07,13.789999961853027,VIX
2020-01-08,13.449999809265137,VIX
2020-01-09,12.539999961853027,VIX
2020-01-10,12.5600004196167,VIX
2020-01-13,12.319999694824219,VIX
2020-01-14,12.390000343322754,VIX
2020-01-15,12.420000076293945,VIX
2020-01-16,12.319999694824219,VIX
2020-01-17,12.100000381469727,VIX
2020-01-21,12.850000381469727,VIX
2020-01-22,12.90999984741211,VIX
2020-01-23,12.979999542236328,VIX
2020-01-24,14.5600004196167,VIX
2020-01-27,18.229999542236328,VIX
2020-01-28,16.280000686645508,VIX
2020-01-29,16.389999389648438,VIX
2020-01-30,15.489999771118164,VIX
2020-01-31,18.84000015258789,VIX
2020-02-03,17.969999313354492,VIX
2020-02-04,16.049999237060547,VIX
2020-02-05,15.149999618530273,VIX
2020-02-06,14.960000038146973,VIX
2020-02-07,15.470000267028809,VIX
2020-02-10,15.039999961853027,VIX
2020-02-11,15.180000305175781,VIX
2020-02-12,13.739999771118164,VIX
2020-02-13,14.149999618530273,VIX
2020-02-14,13.680000305175781,VIX
2020-02-18,14.829999923706055,VIX
2020-02-19,14.380000114440918,VIX
2020-02-20,15.5600004196167,VIX
2020-02-21,17.079999923706055,VIX
2020-02-24,25.030000686645508,VIX
2020-02-25,27.850000381469727,VIX
2020-02-26,27.559999465942383,VIX
2020-02-27,39.15999984741211,VIX
2020-02-28,40.11000061035156,VIX
2020-03-02,33.41999816894531,VIX
2020-03-03,36.81999969482422,VIX
2020-03-04,31.989999771118164,VIX
2020-03-05,39.619998931884766,VIX
2020-03-06,41.939998626708984,VIX
2020-03-09,54.459999084472656,VIX
2020-03-10,47.29999923706055,VIX
2020-03-11,53.900001525878906,VIX
2020-03-12,75.47000122070312,VIX
2020-03-13,57.83000183105469,VIX
2020-03-16,82.69000244140625,VIX
2020-03-17,75.91000366210938,VIX
2020-03-18,76.44999694824219,VIX
2020-03-19,72.0,VIX
2020-03-20,66.04000091552734,VIX
2020-03-23,61.59000015258789,VIX
2020-03-24,61.66999816894531,VIX
2020-03-25,63.95000076293945,VIX
2020-03-26,61.0,VIX
2020-03-27,65.54000091552734,VIX
2020-03-30,57.08000183105469,VIX
2020-03-31,53.540000915527344,VIX
2020-04-01,57.060001373291016,VIX
2020-04-02,50.90999984741211,VIX
2020-04-03,46.79999923706055,VIX
2020-04-06,45.2400016784668,VIX
2020-04-07,46.70000076293945,VIX
2020-04-08,43.349998474121094,VIX
2020-04-09,41.66999816894531,VIX
2020-04-13,41.16999816894531,VIX
2020-04-14,37.7599983215332,VIX
2020-04-15,40.84000015258789,VIX
2020-04-16,40.11000061035156,VIX
2020-04-17,38.150001525878906,VIX
2020-04-20,43.83000183105469,VIX
2020-04-21,45.40999984741211,VIX
2020-04-22,41.97999954223633,VIX
2020-04-23,41.380001068115234,VIX
2020-04-24,35.93000030517578,VIX
2020-04-27,33.290000915527344,VIX
2020-04-28,33.56999969482422,VIX
2020-04-29,31.229999542236328,VIX
2020-04-30,34.150001525878906,VIX
2020-05-01,37.189998626708984,VIX
2020-05-04,35.970001220703125,VIX
2020-05-05,33.61000061035156,VIX
2020-05-06,34.119998931884766,VIX
2020-05-07,31.440000534057617,VIX
2020-05-08,27.979999542236328,VIX
2020-05-11,27.56999969482422,VIX
2020-05-12,33.040000915527344,VIX
2020-05-13,35.279998779296875,VIX
2020-05-14,32.61000061035156,VIX
2020-05-15,31.889999389648438,VIX
2020-05-18,29.299999237060547,VIX
2020-05-19,30.530000686645508,VIX
2020-05-20,27.989999771118164,VIX
2020-05-21,29.530000686645508,VIX
2020-05-22,28.15999984741211,VIX
2020-05-26,28.010000228881836,VIX
2020-05-27,27.6200008392334,VIX
2020-05-28,28.59000015258789,VIX
2020-05-29,27.510000228881836,VIX
2020-06-01,28.229999542236328,VIX
2020-06-02,26.84000015258789,VIX
2020-06-03,25.65999984741211,VIX
2020-06-04,25.809999465942383,VIX
2020-06-05,24.520000457763672,VIX
2020-06-08,25.809999465942383,VIX
2020-06-09,27.56999969482422,VIX
2020-06-10,27.56999969482422,VIX
2020-06-11,40.790000915527344,VIX
2020-06-12,36.09000015258789,VIX
2020-06-15,34.400001525878906,VIX
2020-06-16,33.66999816894531,VIX
2020-06-17,33.470001220703125,VIX
2020-06-18,32.939998626708984,VIX
2020-06-19,35.119998931884766,VIX
2020-06-22,31.770000457763672,VIX
2020-06-23,31.3700008392334,VIX
2020-06-24,33.84000015258789,VIX
2020-06-25,32.220001220703125,VIX
2020-06-26,34.72999954223633,VIX
2020-06-29,31.780000686645508,VIX
2020-06-30,30.43000030517578,VIX
2020-07-01,28.6200008392334,VIX
2020-07-02,27.68000030517578,VIX
2020-07-06,27.940000534057617,VIX
2020-07-07,29.43000030517578,VIX
2020-07-08,28.079999923706055,VIX
2020-07-09,29.260000228881836,VIX
2020-07-10,27.290000915527344,VIX
2020-07-13,32.189998626708984,VIX
2020-07-14,29.520000457763672,VIX
2020-07-15,27.760000228881836,VIX
2020-07-16,28.0,VIX
2020-07-17,25.68000030517578,VIX
2020-07-20,24.459999084472656,VIX
2020-07-21,24.84000015258789,VIX
2020-07-22,24.31999969482422,VIX
2020-07-23,26.079999923706055,VIX
2020-07-24,25.84000015258789,VIX
2020-07-27,24.739999771118164,VIX
2020-07-28,25.440000534057617,VIX
2020-07-29,24.100000381469727,VIX
2020-07-30,24.760000228881836,VIX
2020-07-31,24.459999084472656,VIX
2020-08-03,24.280000686645508,VIX
2020-08-04,23.760000228881836,VIX
2020-08-05,22.989999771118164,VIX
2020-08-06,22.649999618530273,VIX
2020-08-07,22.209999084472656,VIX
2020-08-10,22.1299991607666,VIX
2020-08-11,24.030000686645508,VIX
2020-08-12,22.280000686645508,VIX
2020-08-13,22.1299991607666,VIX
2020-08-14,22.049999237060547,VIX
2020-08-17,21.350000381469727,VIX
2020-08-18,21.510000228881836,VIX
2020-08-19,22.540000915527344,VIX
2020-08-20,22.719999313354492,VIX
2020-08-21,22.540000915527344,VIX
2020-08-24,22.3700008392334,VIX
2020-08-25,22.030000686645508,VIX
2020-08-26,23.270000457763672,VIX
2020-08-27,24.469999313354492,VIX
2020-08-28,22.959999084472656,VIX
2020-08-31,26.40999984741211,VIX
2020-09-01,26.1200008392334,VIX
2020-09-02,26.56999969482422,VIX
2020-09-03,33.599998474121094,VIX
2020-09-04,30.75,VIX
2020-09-08,31.459999084472656,VIX
2020-09-09,28.809999465942383,VIX
2020-09-10,29.709999084472656,VIX
2020-09-11,26.8700008392334,VIX
2020-09-14,25.850000381469727,VIX
2020-09-15,25.59000015258789,VIX
2020-09-16,26.040000915527344,VIX
2020-09-17,26.459999084472656,VIX
2020-09-18,25.829999923706055,VIX
2020-09-21,27.780000686645508,VIX
2020-09-22,26.860000610351562,VIX
2020-09-23,28.579999923706055,VIX
2020-09-24,28.510000228881836,VIX
2020-09-25,26.3799991607666,VIX
2020-09-28,26.190000534057617,VIX
2020-09-29,26.270000457763672,VIX
2020-09-30,26.3700008392334,VIX
2020-10-01,26.700000762939453,VIX
2020-10-02,27.6299991607666,VIX
2020-10-05,27.959999084472656,VIX
2020-10-06,29.479999542236328,VIX
2020-10-07,28.059999465942383,VIX
2020-10-08,26.360000610351562,VIX
2020-10-09,25.0,VIX
2020-10-12,25.06999969482422,VIX
2020-10-13,26.06999969482422,VIX
2020-10-14,26.399999618530273,VIX
2020-10-15,26.969999313354492,VIX
2020-10-16,27.40999984741211,VIX
2020-10-19,29.18000030517578,VIX
2020-10-20,29.350000381469727,VIX
2020-10-21,28.649999618530273,VIX
2020-10-22,28.110000610351562,VIX
2020-10-23,27.549999237060547,VIX
2020-10-26,32.459999084472656,VIX
2020-10-27,33.349998474121094,VIX
2020-10-28,40.279998779296875,VIX
2020-10-29,37.59000015258789,VIX
2020-10-30,38.02000045776367,VIX
2020-11-02,37.130001068115234,VIX
2020-11-03,35.54999923706055,VIX
2020-11-04,29.56999969482422,VIX
2020-11-05,27.579999923706055,VIX
2020-11-06,24.860000610351562,VIX
2020-11-09,25.75,VIX
2020-11-10,24.799999237060547,VIX
2020-11-11,23.450000762939453,VIX
2020-11-12,25.350000381469727,VIX
2020-11-13,23.100000381469727,VIX
2020-11-16,22.450000762939453,VIX
2020-11-17,22.709999084472656,VIX
2020-11-18,23.84000015258789,VIX
2020-11-19,23.110000610351562,VIX
2020-11-20,23.700000762939453,VIX
2020-11-23,22.65999984741211,VIX
2020-11-24,21.639999389648438,VIX
2020-11-25,21.25,VIX
2020-11-27,20.84000015258789,VIX
2020-11-30,20.56999969482422,VIX
2020-12-01,20.770000457763672,VIX
2020-12-02,21.170000076293945,VIX
2020-12-03,21.280000686645508,VIX
2020-12-04,20.790000915527344,VIX
2020-12-07,21.299999237060547,VIX
2020-12-08,20.68000030517578,VIX
2020-12-09,22.270000457763672,VIX
2020-12-10,22.520000457763672,VIX
2020-12-11,23.309999465942383,VIX
2020-12-14,24.719999313354492,VIX
2020-12-15,22.889999389648438,VIX
2020-12-16,22.5,VIX
2020-12-17,21.93000030517578,VIX
2020-12-18,21.56999969482422,VIX
2020-12-21,25.15999984741211,VIX
2020-12-22,24.229999542236328,VIX
2020-12-23,23.309999465942383,VIX
2020-12-24,21.530000686645508,VIX
2020-12-28,21.700000762939453,VIX
2020-12-29,23.079999923706055,VIX
2020-12-30,22.770000457763672,VIX
2020-12-31,22.75,VIX
2021-01-04,26.969999313354492,VIX
2021-01-05,25.34000015258789,VIX
2021-01-06,25.06999969482422,VIX
2021-01-07,22.3700008392334,VIX
2021-01-08,21.559999465942383,VIX
2021-01-11,24.079999923706055,VIX
2021-01-12,23.329999923706055,VIX
2021-01-13,22.209999084472656,VIX
2021-01-14,23.25,VIX
2021-01-15,24.34000015258789,VIX
2021-01-19,23.239999771118164,VIX
2021-01-20,21.579999923706055,VIX
2021-01-21,21.31999969482422,VIX
2021-01-22,21.90999984741211,VIX
2021-01-25,23.190000534057617,VIX
2021-01-26,23.020000457763672,VIX
2021-01-27,37.209999084472656,VIX
2021-01-28,30.209999084472656,VIX
2021-01-29,33.09000015258789,VIX
2021-02-01,30.239999771118164,VIX
2021-02-02,25.559999465942383,VIX
2021-02-03,22.90999984741211,VIX
2021-02-04,21.770000457763672,VIX
2021-02-05,20.8700008392334,VIX
2021-02-08,21.239999771118164,VIX
2021-02-09,21.6299991607666,VIX
2021-02-10,21.989999771118164,VIX
2021-02-11,21.25,VIX
2021-02-12,19.969999313354492,VIX
2021-02-16,21.459999084472656,VIX
2021-02-17,21.5,VIX
2021-02-18,22.489999771118164,VIX
2021-02-19,22.049999237060547,VIX
2021-02-22,23.450000762939453,VIX
2021-02-23,23.110000610351562,VIX
2021-02-24,21.34000015258789,VIX
2021-02-25,28.889999389648438,VIX
2021-02-26,27.950000762939453,VIX
2021-03-01,23.350000381469727,VIX
2021-03-02,24.100000381469727,VIX
2021-03-03,26.670000076293945,VIX
2021-03-04,28.56999969482422,VIX
2021-03-05,24.65999984741211,VIX
2021-03-08,25.469999313354492,VIX
2021-03-09,24.030000686645508,VIX
2021-03-10,22.559999465942383,VIX
2021-03-11,21.90999984741211,VIX
2021-03-12,20.690000534057617,VIX
2021-03-15,20.030000686645508,VIX
2021-03-16,19.790000915527344,VIX
2021-03-17,19.229999542236328,VIX
2021-03-18,21.579999923706055,VIX
2021-03-19,20.950000762939453,VIX
2021-03-22,18.8799991607666,VIX
2021-03-23,20.299999237060547,VIX
2021-03-24,21.200000762939453,VIX
2021-03-25,19.809999465942383,VIX
2021-03-26,18.860000610351562,VIX
2021-03-29,20.739999771118164,VIX
2021-03-30,19.610000610351562,VIX
2021-03-31,19.399999618530273,VIX
2021-04-01,17.329999923706055,VIX
2021-04-05,17.90999984741211,VIX
2021-04-06,18.1200008392334,VIX
2021-04-07,17.15999984741211,VIX
2021-04-08,16.950000762939453,VIX
2021-04-09,16.690000534057617,VIX
2021-04-12,16.90999984741211,VIX
2021-04-13,16.649999618530273,VIX
2021-04-14,16.989999771118164,VIX
2021-04-15,16.56999969482422,VIX
2021-04-16,16.25,VIX
2021-04-19,17.290000915527344,VIX
2021-04-20,18.68000030517578,VIX
2021-04-21,17.5,VIX
2021-04-22,18.709999084472656,VIX
2021-04-23,17.329999923706055,VIX
2021-04-26,17.639999389648438,VIX
2021-04-27,17.559999465942383,VIX
2021-04-28,17.280000686645508,VIX
2021-04-29,17.610000610351562,VIX
2021-04-30,18.610000610351562,VIX
2021-05-03,18.309999465942383,VIX
2021-05-04,19.479999542236328,VIX
2021-05-05,19.149999618530273,VIX
2021-05-06,18.389999389648438,VIX
2021-05-07,16.690000534057617,VIX
2021-05-10,19.65999984741211,VIX
2021-05-11,21.84000015258789,VIX
2021-05-12,27.59000015258789,VIX
2021-05-13,23.1299991607666,VIX
2021-05-14,18.809999465942383,VIX
2021-05-17,19.719999313354492,VIX
2021-05-18,21.34000015258789,VIX
2021-05-19,22.18000030517578,VIX
2021-05-20,20.670000076293945,VIX
2021-05-21,20.149999618530273,VIX
2021-05-24,18.399999618530273,VIX
2021-05-25,18.84000015258789,VIX
2021-05-26,17.360000610351562,VIX
2021-05-27,16.739999771118164,VIX
2021-05-28,16.760000228881836,VIX
2021-06-01,17.899999618530273,VIX
2021-06-02,17.479999542236328,VIX
2021-06-03,18.040000915527344,VIX
2021-06-04,16.420000076293945,VIX
2021-06-07,16.420000076293945,VIX
2021-06-08,17.06999969482422,VIX
2021-06-09,17.889999389648438,VIX
2021-06-10,16.100000381469727,VIX
2021-06-11,15.649999618530273,VIX
2021-06-14,16.389999389648438,VIX
2021-06-15,17.020000457763672,VIX
2021-06-16,18.149999618530273,VIX
2021-06-17,17.75,VIX
2021-06-18,20.700000762939453,VIX
2021-06-21,17.889999389648438,VIX
2021-06-22,16.65999984741211,VIX
2021-06-23,16.31999969482422,VIX
2021-06-24,15.970000267028809,VIX
2021-06-25,15.619999885559082,VIX
2021-06-28,15.760000228881836,VIX
2021-06-29,16.020000457763672,VIX
2021-06-30,15.829999923706055,VIX
2021-07-01,15.479999542236328,VIX
2021-07-02,15.069999694824219,VIX
2021-07-06,16.440000534057617,VIX
2021-07-07,16.200000762939453,VIX
2021-07-08,19.0,VIX
2021-07-09,16.18000030517578,VIX
2021-07-12,16.170000076293945,VIX
2021-07-13,17.1200008392334,VIX
2021-07-14,16.329999923706055,VIX
2021-07-15,17.010000228881836,VIX
2021-07-16,18.450000762939453,VIX
2021-07-19,22.5,VIX
2021-07-20,19.729999542236328,VIX
2021-07-21,17.90999984741211,VIX
2021-07-22,17.690000534057617,VIX
2021-07-23,17.200000762939453,VIX
2021-07-26,17.579999923706055,VIX
2021-07-27,19.360000610351562,VIX
2021-07-28,18.309999465942383,VIX
2021-07-29,17.700000762939453,VIX
2021-07-30,18.239999771118164,VIX
2021-08-02,19.459999084472656,VIX
2021-08-03,18.040000915527344,VIX
2021-08-04,17.969999313354492,VIX
2021-08-05,17.280000686645508,VIX
2021-08-06,16.149999618530273,VIX
2021-08-09,16.719999313354492,VIX
2021-08-10,16.790000915527344,VIX
2021-08-11,16.170000076293945,VIX
2021-08-12,15.59000015258789,VIX
2021-08-13,15.449999809265137,VIX
2021-08-16,16.1200008392334,VIX
2021-08-17,17.90999984741211,VIX
2021-08-18,21.56999969482422,VIX
2021-08-19,21.670000076293945,VIX
2021-08-20,18.559999465942383,VIX
2021-08-23,17.149999618530273,VIX
2021-08-24,17.219999313354492,VIX
2021-08-25,16.790000915527344,VIX
2021-08-26,18.84000015258789,VIX
2021-08-27,16.389999389648438,VIX
2021-08-30,16.190000534057617,VIX
2021-08-31,16.479999542236328,VIX
2021-09-01,16.110000610351562,VIX
2021-09-02,16.40999984741211,VIX
2021-09-03,16.40999984741211,VIX
2021-09-07,18.139999389648438,VIX
2021-09-08,17.959999084472656,VIX
2021-09-09,18.799999237060547,VIX
2021-09-10,20.950000762939453,VIX
2021-09-13,19.3700008392334,VIX
2021-09-14,19.459999084472656,VIX
2021-09-15,18.18000030517578,VIX
2021-09-16,18.690000534057617,VIX
2021-09-17,20.809999465942383,VIX
2021-09-20,25.709999084472656,VIX
2021-09-21,24.360000610351562,VIX
2021-09-22,20.8700008392334,VIX
2021-09-23,18.6299991607666,VIX
2021-09-24,17.75,VIX
2021-09-27,18.760000228881836,VIX
2021-09-28,23.25,VIX
2021-09-29,22.559999465942383,VIX
2021-09-30,23.139999389648438,VIX
2021-10-01,21.100000381469727,VIX
2021-10-04,22.959999084472656,VIX
2021-10-05,21.299999237060547,VIX
2021-10-06,21.0,VIX
2021-10-07,19.540000915527344,VIX
2021-10-08,18.770000457763672,VIX
2021-10-11,20.0,VIX
2021-10-12,19.850000381469727,VIX
2021-10-13,18.639999389648438,VIX
2021-10-14,16.860000610351562,VIX
2021-10-15,16.299999237060547,VIX
2021-10-18,16.309999465942383,VIX
2021-10-19,15.699999809265137,VIX
2021-10-20,15.489999771118164,VIX
2021-10-21,15.010000228881836,VIX
2021-10-22,15.430000305175781,VIX
2021-10-25,15.239999771118164,VIX
2021-10-26,15.979999542236328,VIX
2021-10-27,16.979999542236328,VIX
2021-10-28,16.530000686645508,VIX
2021-10-29,16.260000228881836,VIX
2021-11-01,16.40999984741211,VIX
2021-11-02,16.030000686645508,VIX
2021-11-03,15.100000381469727,VIX
2021-11-04,15.4399995803833,VIX
2021-11-05,16.479999542236328,VIX
2021-11-08,17.219999313354492,VIX
2021-11-09,17.780000686645508,VIX
2021-11-10,18.729999542236328,VIX
2021-11-11,17.65999984741211,VIX
2021-11-12,16.290000915527344,VIX
2021-11-15,16.489999771118164,VIX
2021-11-16,16.3700008392334,VIX
2021-11-17,17.110000610351562,VIX
2021-11-18,17.59000015258789,VIX
2021-11-19,17.90999984741211,VIX
2021-11-22,19.170000076293945,VIX
2021-11-23,19.3799991607666,VIX
2021-11-24,18.579999923706055,VIX
2021-11-26,28.6200008392334,VIX
2021-11-29,22.959999084472656,VIX
2021-11-30,27.190000534057617,VIX
2021-12-01,31.1200008392334,VIX
2021-12-02,27.950000762939453,VIX
2021-12-03,30.670000076293945,VIX
2021-12-06,27.18000030517578,VIX
2021-12-07,21.889999389648438,VIX
2021-12-08,19.899999618530273,VIX
2021-12-09,21.579999923706055,VIX
2021-12-10,18.690000534057617,VIX
2021-12-13,20.309999465942383,VIX
2021-12-14,21.889999389648438,VIX
2021-12-15,19.290000915527344,VIX
2021-12-16,20.56999969482422,VIX
2021-12-17,21.56999969482422,VIX
2021-12-20,22.8700008392334,VIX
2021-12-21,21.010000228881836,VIX
2021-12-22,18.6299991607666,VIX
2021-12-23,17.959999084472656,VIX
2021-12-27,17.68000030517578,VIX
2021-12-28,17.540000915527344,VIX
2021-12-29,16.950000762939453,VIX
2021-12-30,17.329999923706055,VIX
2021-12-31,17.219999313354492,VIX
2022-01-03,16.600000381469727,VIX
2022-01-04,16.90999984741211,VIX
2022-01-05,19.729999542236328,VIX
2022-01-06,19.610000610351562,VIX
2022-01-07,18.760000228881836,VIX
2022-01-10,19.399999618530273,VIX
2022-01-11,18.40999984741211,VIX
2022-01-12,17.6200008392334,VIX
2022-01-13,20.309999465942383,VIX
2022-01-14,19.190000534057617,VIX
2022-01-18,22.790000915527344,VIX
2022-01-19,23.850000381469727,VIX
2022-01-20,25.59000015258789,VIX
2022-01-21,28.850000381469727,VIX
2022-01-24,29.899999618530273,VIX
2022-01-25,31.15999984741211,VIX
2022-01-26,31.959999084472656,VIX
2022-01-27,30.489999771118164,VIX
2022-01-28,27.65999984741211,VIX
2022-01-31,24.829999923706055,VIX
2022-02-01,21.959999084472656,VIX
2022-02-02,22.09000015258789,VIX
2022-02-03,24.350000381469727,VIX
2022-02-04,23.219999313354492,VIX
2022-02-07,22.860000610351562,VIX
2022-02-08,21.440000534057617,VIX
2022-02-09,19.959999084472656,VIX
2022-02-10,23.90999984741211,VIX
2022-02-11,27.360000610351562,VIX
2022-02-14,28.329999923706055,VIX
2022-02-15,25.700000762939453,VIX
2022-02-16,24.290000915527344,VIX
2022-02-17,28.110000610351562,VIX
2022-02-18,27.75,VIX
2022-02-22,28.809999465942383,VIX
2022-02-23,31.020000457763672,VIX
2022-02-24,30.31999969482422,VIX
2022-02-25,27.59000015258789,VIX
2022-02-28,30.149999618530273,VIX
2022-03-01,33.31999969482422,VIX
2022-03-02,30.739999771118164,VIX
2022-03-03,30.479999542236328,VIX
2022-03-04,31.979999542236328,VIX
2022-03-07,36.45000076293945,VIX
2022-03-08,35.130001068115234,VIX
2022-03-09,32.45000076293945,VIX
2022-03-10,30.229999542236328,VIX
2022-03-11,30.75,VIX
2022-03-14,31.770000457763672,VIX
2022-03-15,29.829999923706055,VIX
2022-03-16,26.670000076293945,VIX
2022-03-17,25.670000076293945,VIX
2022-03-18,23.8700008392334,VIX
2022-03-21,23.530000686645508,VIX
2022-03-22,22.940000534057617,VIX
2022-03-23,23.56999969482422,VIX
2022-03-24,21.670000076293945,VIX
2022-03-25,20.809999465942383,VIX
2022-03-28,19.6299991607666,VIX
2022-03-29,18.899999618530273,VIX
2022-03-30,19.329999923706055,VIX
2022-03-31,20.559999465942383,VIX
2022-04-01,19.6299991607666,VIX
2022-04-04,18.56999969482422,VIX
2022-04-05,21.030000686645508,VIX
2022-04-06,22.100000381469727,VIX
2022-04-07,21.549999237060547,VIX
2022-04-08,21.15999984741211,VIX
2022-04-11,24.3700008392334,VIX
2022-04-12,24.260000228881836,VIX
2022-04-13,21.81999969482422,VIX
2022-04-14,22.700000762939453,VIX
2022-04-18,22.170000076293945,VIX
2022-04-19,21.3700008392334,VIX
2022-04-20,20.31999969482422,VIX
2022-04-21,22.68000030517578,VIX
2022-04-22,28.209999084472656,VIX
2022-04-25,27.020000457763672,VIX
2022-04-26,33.52000045776367,VIX
2022-04-27,31.600000381469727,VIX
2022-04-28,29.989999771118164,VIX
2022-04-29,33.400001525878906,VIX
2022-05-02,32.34000015258789,VIX
2022-05-03,29.25,VIX
2022-05-04,25.420000076293945,VIX
2022-05-05,31.200000762939453,VIX
2022-05-06,30.190000534057617,VIX
2022-05-09,34.75,VIX
2022-05-10,32.9900016784668,VIX
2022-05-11,32.560001373291016,VIX
2022-05-12,31.770000457763672,VIX
2022-05-13,28.8700008392334,VIX
2022-05-16,27.469999313354492,VIX
2022-05-17,26.100000381469727,VIX
2022-05-18,30.959999084472656,VIX
2022-05-19,29.350000381469727,VIX
2022-05-20,29.43000030517578,VIX
2022-05-23,28.479999542236328,VIX
2022-05-24,29.450000762939453,VIX
2022-05-25,28.3700008392334,VIX
2022-05-26,27.5,VIX
2022-05-27,25.719999313354492,VIX
2022-05-31,26.190000534057617,VIX
2022-06-01,25.690000534057617,VIX
2022-06-02,24.719999313354492,VIX
2022-06-03,24.790000915527344,VIX
2022-06-06,25.06999969482422,VIX
2022-06-07,24.020000457763672,VIX
2022-06-08,23.959999084472656,VIX
2022-06-09,26.09000015258789,VIX
2022-06-10,27.75,VIX
2022-06-13,34.02000045776367,VIX
2022-06-14,32.689998626708984,VIX
2022-06-15,29.6200008392334,VIX
2022-06-16,32.95000076293945,VIX
2022-06-17,31.1299991607666,VIX
2022-06-21,30.190000534057617,VIX
2022-06-22,28.950000762939453,VIX
2022-06-23,29.049999237060547,VIX
2022-06-24,27.229999542236328,VIX
2022-06-27,26.950000762939453,VIX
2022-06-28,28.360000610351562,VIX
2022-06-29,28.15999984741211,VIX
2022-06-30,28.709999084472656,VIX
2022-07-01,26.700000762939453,VIX
2022-07-05,27.540000915527344,VIX
2022-07-06,26.729999542236328,VIX
2022-07-07,26.079999923706055,VIX
2022-07-08,24.639999389648438,VIX
2022-07-11,26.170000076293945,VIX
2022-07-12,27.290000915527344,VIX
2022-07-13,26.81999969482422,VIX
2022-07-14,26.399999618530273,VIX
2022-07-15,24.229999542236328,VIX
2022-07-18,25.299999237060547,VIX
2022-07-19,24.5,VIX
2022-07-20,23.8799991607666,VIX
2022-07-21,23.110000610351562,VIX
2022-07-22,23.030000686645508,VIX
2022-07-25,23.360000610351562,VIX
2022-07-26,24.690000534057617,VIX
2022-07-27,23.239999771118164,VIX
2022-07-28,22.329999923706055,VIX
2022-07-29,21.329999923706055,VIX
2022-08-01,22.84000015258789,VIX
2022-08-02,23.93000030517578,VIX
2022-08-03,21.950000762939453,VIX
2022-08-04,21.440000534057617,VIX
2022-08-05,21.149999618530273,VIX
2022-08-08,21.290000915527344,VIX
2022-08-09,21.770000457763672,VIX
2022-08-10,19.739999771118164,VIX
2022-08-11,20.200000762939453,VIX
2022-08-12,19.530000686645508,VIX
2022-08-15,19.950000762939453,VIX
2022-08-16,19.690000534057617,VIX
2022-08-17,19.899999618530273,VIX
2022-08-18,19.559999465942383,VIX
2022-08-19,20.600000381469727,VIX
2022-08-22,23.799999237060547,VIX
2022-08-23,24.110000610351562,VIX
2022-08-24,22.81999969482422,VIX
2022-08-25,21.780000686645508,VIX
2022-08-26,25.559999465942383,VIX
2022-08-29,26.209999084472656,VIX
2022-08-30,26.209999084472656,VIX
2022-08-31,25.8700008392334,VIX
2022-09-01,25.559999465942383,VIX
2022-09-02,25.469999313354492,VIX
2022-09-06,26.90999984741211,VIX
2022-09-07,24.639999389648438,VIX
2022-09-08,23.610000610351562,VIX
2022-09-09,22.790000915527344,VIX
2022-09-12,23.8700008392334,VIX
2022-09-13,27.270000457763672,VIX
2022-09-14,26.15999984741211,VIX
2022-09-15,26.270000457763672,VIX
2022-09-16,26.299999237060547,VIX
2022-09-19,25.760000228881836,VIX
2022-09-20,27.15999984741211,VIX
2022-09-21,27.989999771118164,VIX
2022-09-22,27.350000381469727,VIX
2022-09-23,29.920000076293945,VIX
2022-09-26,32.2599983215332,VIX
2022-09-27,32.599998474121094,VIX
2022-09-28,30.18000030517578,VIX
2022-09-29,31.84000015258789,VIX
2022-09-30,31.6200008392334,VIX
2022-10-03,30.100000381469727,VIX
2022-10-04,29.06999969482422,VIX
2022-10-05,28.549999237060547,VIX
2022-10-06,30.520000457763672,VIX
2022-10-07,31.360000610351562,VIX
2022-10-10,32.45000076293945,VIX
2022-10-11,33.630001068115234,VIX
2022-10-12,33.56999969482422,VIX
2022-10-13,31.940000534057617,VIX
2022-10-14,32.02000045776367,VIX
2022-10-17,31.3700008392334,VIX
2022-10-18,30.5,VIX
2022-10-19,30.760000228881836,VIX
2022-10-20,29.979999542236328,VIX
2022-10-21,29.690000534057617,VIX
2022-10-24,29.850000381469727,VIX
2022-10-25,28.459999084472656,VIX
2022-10-26,27.280000686645508,VIX
2022-10-27,27.389999389648438,VIX
2022-10-28,25.75,VIX
2022-10-31,25.8799991607666,VIX
2022-11-01,25.809999465942383,VIX
2022-11-02,25.860000610351562,VIX
2022-11-03,25.299999237060547,VIX
2022-11-04,24.549999237060547,VIX
2022-11-07,24.350000381469727,VIX
2022-11-08,25.540000915527344,VIX
2022-11-09,26.09000015258789,VIX
2022-11-10,23.530000686645508,VIX
2022-11-11,22.520000457763672,VIX
2022-11-14,23.729999542236328,VIX
2022-11-15,24.540000915527344,VIX
2022-11-16,24.110000610351562,VIX
2022-11-17,23.93000030517578,VIX
2022-11-18,23.1200008392334,VIX
2022-11-21,22.360000610351562,VIX
2022-11-22,21.290000915527344,VIX
2022-11-23,20.350000381469727,VIX
2022-11-25,20.5,VIX
2022-11-28,22.209999084472656,VIX
2022-11-29,21.889999389648438,VIX
2022-11-30,20.579999923706055,VIX
2022-12-01,19.84000015258789,VIX
2022-12-02,19.059999465942383,VIX
2022-12-05,20.75,VIX
2022-12-06,22.170000076293945,VIX
2022-12-07,22.68000030517578,VIX
2022-12-08,22.290000915527344,VIX
2022-12-09,22.829999923706055,VIX
2022-12-12,25.0,VIX
2022-12-13,22.549999237060547,VIX
2022-12-14,21.139999389648438,VIX
2022-12-15,22.829999923706055,VIX
2022-12-16,22.6200008392334,VIX
2022-12-19,22.420000076293945,VIX
2022-12-20,21.479999542236328,VIX
2022-12-21,20.06999969482422,VIX
2022-12-22,21.969999313354492,VIX
2022-12-23,20.8700008392334,VIX
2022-12-27,21.649999618530273,VIX
2022-12-28,22.139999389648438,VIX
2022-12-29,21.440000534057617,VIX
2022-12-30,21.670000076293945,VIX
2023-01-03,22.899999618530273,VIX
2023-01-04,22.010000228881836,VIX
2023-01-05,22.459999084472656,VIX
2023-01-06,21.1299991607666,VIX
2023-01-09,21.969999313354492,VIX
2023-01-10,20.579999923706055,VIX
2023-01-11,21.09000015258789,VIX
2023-01-12,18.829999923706055,VIX
2023-01-13,18.350000381469727,VIX
2023-01-17,19.360000610351562,VIX
2023-01-18,20.34000015258789,VIX
2023-01-19,20.520000457763672,VIX
2023-01-20,19.850000381469727,VIX
2023-01-23,19.809999465942383,VIX
2023-01-24,19.200000762939453,VIX
2023-01-25,19.079999923706055,VIX
2023-01-26,18.729999542236328,VIX
2023-01-27,18.510000228881836,VIX
2023-01-30,19.940000534057617,VIX
2023-01-31,19.399999618530273,VIX
2023-02-01,17.8700008392334,VIX
2023-02-02,18.729999542236328,VIX
2023-02-03,18.329999923706055,VIX
2023-02-06,19.43000030517578,VIX
2023-02-07,18.65999984741211,VIX
2023-02-08,19.6299991607666,VIX
2023-02-09,20.709999084472656,VIX
2023-02-10,20.530000686645508,VIX
2023-02-13,20.34000015258789,VIX
2023-02-14,18.90999984741211,VIX
2023-02-15,18.229999542236328,VIX
2023-02-16,20.170000076293945,VIX
2023-02-17,20.020000457763672,VIX
2023-02-21,22.8700008392334,VIX
2023-02-22,22.290000915527344,VIX
2023-02-23,21.139999389648438,VIX
2023-02-24,21.670000076293945,VIX
2023-02-27,20.950000762939453,VIX
2023-02-28,20.700000762939453,VIX
2023-03-01,20.579999923706055,VIX
2023-03-02,19.59000015258789,VIX
2023-03-03,18.489999771118164,VIX
2023-03-06,18.610000610351562,VIX
2023-03-07,19.59000015258789,VIX
2023-03-08,19.110000610351562,VIX
2023-03-09,22.610000610351562,VIX
2023-03-10,24.799999237060547,VIX
2023-03-13,26.520000457763672,VIX
2023-03-14,23.729999542236328,VIX
2023-03-15,26.139999389648438,VIX
2023-03-16,22.989999771118164,VIX
2023-03-17,25.510000228881836,VIX
2023-03-20,24.149999618530273,VIX
2023-03-21,21.3799991607666,VIX
2023-03-22,22.260000228881836,VIX
2023-03-23,22.610000610351562,VIX
2023-03-24,21.739999771118164,VIX
2023-03-27,20.600000381469727,VIX
2023-03-28,19.969999313354492,VIX
2023-03-29,19.1200008392334,VIX
2023-03-30,19.020000457763672,VIX
2023-03-31,18.700000762939453,VIX
2023-04-03,18.549999237060547,VIX
2023-04-04,19.0,VIX
2023-04-05,19.079999923706055,VIX
2023-04-06,18.399999618530273,VIX
2023-04-10,18.969999313354492,VIX
2023-04-11,19.100000381469727,VIX
2023-04-12,19.09000015258789,VIX
2023-04-13,17.799999237060547,VIX
2023-04-14,17.06999969482422,VIX
2023-04-17,16.950000762939453,VIX
2023-04-18,16.829999923706055,VIX
2023-04-19,16.459999084472656,VIX
2023-04-20,17.170000076293945,VIX
2023-04-21,16.770000457763672,VIX
2023-04-24,16.889999389648438,VIX
2023-04-25,18.760000228881836,VIX
2023-04-26,18.84000015258789,VIX
2023-04-27,17.030000686645508,VIX
2023-04-28,15.779999732971191,VIX
2023-05-01,16.079999923706055,VIX
2023-05-02,17.780000686645508,VIX
2023-05-03,18.34000015258789,VIX
2023-05-04,20.09000015258789,VIX
2023-05-05,17.190000534057617,VIX
2023-05-08,16.979999542236328,VIX
2023-05-09,17.709999084472656,VIX
2023-05-10,16.940000534057617,VIX
2023-05-11,16.93000030517578,VIX
2023-05-12,17.030000686645508,VIX
2023-05-15,17.1200008392334,VIX
2023-05-16,17.989999771118164,VIX
2023-05-17,16.8700008392334,VIX
2023-05-18,16.049999237060547,VIX
2023-05-19,16.809999465942383,VIX
2023-05-22,17.209999084472656,VIX
2023-05-23,18.530000686645508,VIX
2023-05-24,20.030000686645508,VIX
2023-05-25,19.139999389648438,VIX
2023-05-26,17.950000762939453,VIX
2023-05-30,17.459999084472656,VIX
2023-05-31,17.940000534057617,VIX
2023-06-01,15.649999618530273,VIX
2023-06-02,14.600000381469727,VIX
2023-06-05,14.729999542236328,VIX
2023-06-06,13.960000038146973,VIX
2023-06-07,13.9399995803833,VIX
2023-06-08,13.649999618530273,VIX
2023-06-09,13.829999923706055,VIX
2023-06-12,15.010000228881836,VIX
2023-06-13,14.609999656677246,VIX
2023-06-14,13.880000114440918,VIX
2023-06-15,14.5,VIX
2023-06-16,13.539999961853027,VIX
2023-06-20,13.880000114440918,VIX
2023-06-21,13.199999809265137,VIX
2023-06-22,12.90999984741211,VIX
2023-06-23,13.4399995803833,VIX
2023-06-26,14.25,VIX
2023-06-27,13.739999771118164,VIX
2023-06-28,13.430000305175781,VIX
2023-06-29,13.539999961853027,VIX
2023-06-30,13.59000015258789,VIX
2023-07-03,13.569999694824219,VIX
2023-07-05,14.180000305175781,VIX
2023-07-06,15.4399995803833,VIX
2023-07-07,14.829999923706055,VIX
2023-07-10,15.069999694824219,VIX
2023-07-11,14.84000015258789,VIX
2023-07-12,13.539999961853027,VIX
2023-07-13,13.609999656677246,VIX
2023-07-14,13.34000015258789,VIX
2023-07-17,13.479999542236328,VIX
2023-07-18,13.300000190734863,VIX
2023-07-19,13.760000228881836,VIX
2023-07-20,13.989999771118164,VIX
2023-07-21,13.600000381469727,VIX
2023-07-24,13.90999984741211,VIX
2023-07-25,13.859999656677246,VIX
2023-07-26,13.1899995803833,VIX
2023-07-27,14.40999984741211,VIX
2023-07-28,13.329999923706055,VIX
2023-07-31,13.630000114440918,VIX
2023-08-01,13.930000305175781,VIX
2023-08-02,16.09000015258789,VIX
2023-08-03,15.920000076293945,VIX
2023-08-04,17.100000381469727,VIX
2023-08-07,15.770000457763672,VIX
2023-08-08,15.989999771118164,VIX
2023-08-09,15.960000038146973,VIX
2023-08-10,15.850000381469727,VIX
2023-08-11,14.84000015258789,VIX
2023-08-14,14.819999694824219,VIX
2023-08-15,16.459999084472656,VIX
2023-08-16,16.780000686645508,VIX
2023-08-17,17.889999389648438,VIX
2023-08-18,17.299999237060547,VIX
2023-08-21,17.1299991607666,VIX
2023-08-22,16.969999313354492,VIX
2023-08-23,15.979999542236328,VIX
2023-08-24,17.200000762939453,VIX
2023-08-25,15.680000305175781,VIX
2023-08-28,15.079999923706055,VIX
2023-08-29,14.449999809265137,VIX
2023-08-30,13.880000114440918,VIX
2023-08-31,13.569999694824219,VIX
2023-09-01,13.09000015258789,VIX
2023-09-05,14.010000228881836,VIX
2023-09-06,14.449999809265137,VIX
2023-09-07,14.399999618530273,VIX
2023-09-08,13.84000015258789,VIX
2023-09-11,13.800000190734863,VIX
2023-09-12,14.229999542236328,VIX
2023-09-13,13.479999542236328,VIX
2023-09-14,12.819999694824219,VIX
2023-09-15,13.789999961853027,VIX
2023-09-18,14.0,VIX
2023-09-19,14.109999656677246,VIX
2023-09-20,15.140000343322754,VIX
2023-09-21,17.540000915527344,VIX
2023-09-22,17.200000762939453,VIX
2023-09-25,16.899999618530273,VIX
2023-09-26,18.940000534057617,VIX
2023-09-27,18.219999313354492,VIX
2023-09-28,17.34000015258789,VIX
2023-09-29,17.520000457763672,VIX
2023-10-02,17.610000610351562,VIX
2023-10-03,19.780000686645508,VIX
2023-10-04,18.579999923706055,VIX
2023-10-05,18.489999771118164,VIX
2023-10-06,17.450000762939453,VIX
2023-10-09,17.700000762939453,VIX
2023-10-10,17.030000686645508,VIX
2023-10-11,16.09000015258789,VIX
2023-10-12,16.690000534057617,VIX
2023-10-13,19.31999969482422,VIX
2023-10-16,17.209999084472656,VIX
2023-10-17,17.8799991607666,VIX
2023-10-18,19.219999313354492,VIX
2023-10-19,21.399999618530273,VIX
2023-10-20,21.709999084472656,VIX
2023-10-23,20.3700008392334,VIX
2023-10-24,18.969999313354492,VIX
2023-10-25,20.190000534057617,VIX
2023-10-26,20.68000030517578,VIX
2023-10-27,21.270000457763672,VIX
2023-10-30,19.75,VIX
2023-10-31,18.139999389648438,VIX
2023-11-01,16.8700008392334,VIX
2023-11-02,15.65999984741211,VIX
2023-11-03,14.90999984741211,VIX
2023-11-06,14.890000343322754,VIX
2023-11-07,14.8100004196167,VIX
2023-11-08,14.449999809265137,VIX
2023-11-09,15.289999961853027,VIX
2023-11-10,14.170000076293945,VIX
2023-11-13,14.760000228881836,VIX
2023-11-14,14.15999984741211,VIX
2023-11-15,14.180000305175781,VIX
2023-11-16,14.319999694824219,VIX
2023-11-17,13.800000190734863,VIX
2023-11-20,13.40999984741211,VIX
2023-11-21,13.350000381469727,VIX
2023-11-22,12.850000381469727,VIX
2023-11-24,12.460000038146973,VIX
2023-11-27,12.6899995803833,VIX
2023-11-28,12.6899995803833,VIX
2023-11-29,12.979999542236328,VIX
2023-11-30,12.920000076293945,VIX
2023-12-01,12.630000114440918,VIX
2023-12-04,13.079999923706055,VIX
2023-12-05,12.850000381469727,VIX
2023-12-06,12.970000267028809,VIX
2023-12-07,13.0600004196167,VIX
2023-12-08,12.350000381469727,VIX
2023-12-11,12.630000114440918,VIX
2023-12-12,12.069999694824219,VIX
2023-12-13,12.1899995803833,VIX
2023-12-14,12.479999542236328,VIX
2023-12-15,12.279999732971191,VIX
2023-12-18,12.5600004196167,VIX
2023-12-19,12.529999732971191,VIX
2023-12-20,13.670000076293945,VIX
2023-12-21,13.649999618530273,VIX
2023-12-22,13.029999732971191,VIX
2023-12-26,12.989999771118164,VIX
2023-12-27,12.430000305175781,VIX
2023-12-28,12.470000267028809,VIX
2023-12-29,12.449999809265137,VIX
2024-01-02,13.199999809265137,VIX
2024-01-03,14.039999961853027,VIX
2024-01-04,14.130000114440918,VIX
2024-01-05,13.350000381469727,VIX
2024-01-08,13.079999923706055,VIX
2024-01-09,12.760000228881836,VIX
2024-01-10,12.6899995803833,VIX
2024-01-11,12.4399995803833,VIX
2024-01-12,12.699999809265137,VIX
2024-01-16,13.84000015258789,VIX
2024-01-17,14.789999961853027,VIX
2024-01-18,14.130000114440918,VIX
2024-01-19,13.300000190734863,VIX
2024-01-22,13.1899995803833,VIX
2024-01-23,12.550000190734863,VIX
2024-01-24,13.140000343322754,VIX
2024-01-25,13.449999809265137,VIX
2024-01-26,13.260000228881836,VIX
2024-01-29,13.600000381469727,VIX
2024-01-30,13.3100004196167,VIX
2024-01-31,14.350000381469727,VIX
2024-02-01,13.880000114440918,VIX
2024-02-02,13.850000381469727,VIX
2024-02-05,13.670000076293945,VIX
2024-02-06,13.0600004196167,VIX
2024-02-07,12.829999923706055,VIX
2024-02-08,12.789999961853027,VIX
2024-02-09,12.930000305175781,VIX
2024-02-12,13.930000305175781,VIX
2024-02-13,15.850000381469727,VIX
2024-02-14,14.380000114440918,VIX
2024-02-15,14.010000228881836,VIX
2024-02-16,14.239999771118164,VIX
2024-02-20,15.420000076293945,VIX
2024-02-21,15.34000015258789,VIX
2024-02-22,14.539999961853027,VIX
2024-02-23,13.75,VIX
2024-02-26,13.739999771118164,VIX
2024-02-27,13.430000305175781,VIX
2024-02-28,13.84000015258789,VIX
2024-02-29,13.399999618530273,VIX
2024-03-01,13.109999656677246,VIX
2024-03-04,13.489999771118164,VIX
2024-03-05,14.460000038146973,VIX
2024-03-06,14.5,VIX
2024-03-07,14.4399995803833,VIX
2024-03-08,14.739999771118164,VIX
2024-03-11,15.220000267028809,VIX
2024-03-12,13.84000015258789,VIX
2024-03-13,13.75,VIX
2024-03-14,14.399999618530273,VIX
2024-03-15,14.40999984741211,VIX
2024-03-18,14.329999923706055,VIX
2024-03-19,13.819999694824219,VIX
2024-03-20,13.039999961853027,VIX
2024-03-21,12.920000076293945,VIX
2024-03-22,13.0600004196167,VIX
2024-03-25,13.1899995803833,VIX
2024-03-26,13.239999771118164,VIX
2024-03-27,12.779999732971191,VIX
2024-03-28,13.010000228881836,VIX
2024-04-01,13.649999618530273,VIX
2024-04-02,14.609999656677246,VIX
2024-04-03,14.329999923706055,VIX
2024-04-04,16.350000381469727,VIX
2024-04-05,16.030000686645508,VIX
2024-04-08,15.1899995803833,VIX
2024-04-09,14.979999542236328,VIX
2024-04-10,15.800000190734863,VIX
2024-04-11,14.90999984741211,VIX
2024-04-12,17.309999465942383,VIX
2024-04-15,19.229999542236328,VIX
2024-04-16,18.399999618530273,VIX
2024-04-17,18.209999084472656,VIX
2024-04-18,18.0,VIX
2024-04-19,18.709999084472656,VIX
2024-04-22,16.940000534057617,VIX
2024-04-23,15.6899995803833,VIX
2024-04-24,15.970000267028809,VIX
2024-04-25,15.369999885559082,VIX
2024-04-26,15.029999732971191,VIX
2024-04-29,14.670000076293945,VIX
2024-04-30,15.649999618530273,VIX
2024-05-01,15.390000343322754,VIX
2024-05-02,14.680000305175781,VIX
2024-05-03,13.489999771118164,VIX
2024-05-06,13.489999771118164,VIX
2024-05-07,13.229999542236328,VIX
2024-05-08,13.0,VIX
2024-05-09,12.6899995803833,VIX
2024-05-10,12.550000190734863,VIX
2024-05-13,13.600000381469727,VIX
2024-05-14,13.420000076293945,VIX
2024-05-15,12.449999809265137,VIX
2024-05-16,12.420000076293945,VIX
2024-05-17,11.989999771118164,VIX
2024-05-20,12.149999618530273,VIX
2024-05-21,11.859999656677246,VIX
2024-05-22,12.289999961853027,VIX
2024-05-23,12.770000457763672,VIX
2024-05-24,11.930000305175781,VIX
2024-05-28,12.920000076293945,VIX
2024-05-29,14.279999732971191,VIX
2024-05-30,14.470000267028809,VIX
2024-05-31,12.920000076293945,VIX
2024-06-03,13.109999656677246,VIX
2024-06-04,13.15999984741211,VIX
2024-06-05,12.630000114440918,VIX
2024-06-06,12.579999923706055,VIX
2024-06-07,12.220000267028809,VIX
2024-06-10,12.739999771118164,VIX
2024-06-11,12.850000381469727,VIX
2024-06-12,12.039999961853027,VIX
2024-06-13,11.9399995803833,VIX
2024-06-14,12.65999984741211,VIX
2024-06-17,12.75,VIX
2024-06-18,12.300000190734863,VIX
2024-06-20,13.279999732971191,VIX
2024-06-21,13.199999809265137,VIX
2024-06-24,13.329999923706055,VIX
2024-06-25,12.84000015258789,VIX
2024-06-26,12.550000190734863,VIX
2024-06-27,12.239999771118164,VIX
2024-06-28,12.4399995803833,VIX
2024-07-01,12.220000267028809,VIX
2024-07-02,12.029999732971191,VIX
2024-07-03,12.09000015258789,VIX
2024-07-05,12.479999542236328,VIX
2024-07-08,12.369999885559082,VIX
2024-07-09,12.510000228881836,VIX
2024-07-10,12.850000381469727,VIX
2024-07-11,12.920000076293945,VIX
2024-07-12,12.460000038146973,VIX
2024-07-15,13.119999885559082,VIX
2024-07-16,13.1899995803833,VIX
2024-07-17,14.479999542236328,VIX
2024-07-18,15.930000305175781,VIX
2024-07-19,16.520000457763672,VIX
2024-07-22,14.90999984741211,VIX
2024-07-23,14.720000267028809,VIX
2024-07-24,18.040000915527344,VIX
2024-07-25,18.459999084472656,VIX
2024-07-26,16.389999389648438,VIX
2024-07-29,16.600000381469727,VIX
2024-07-30,17.690000534057617,VIX
2024-07-31,16.360000610351562,VIX
2024-08-01,18.59000015258789,VIX
2024-08-02,23.389999389648438,VIX
2024-08-05,38.56999969482422,VIX
2024-08-06,27.709999084472656,VIX
2024-08-07,27.850000381469727,VIX
2024-08-08,23.790000915527344,VIX
2024-08-09,20.3700008392334,VIX
2024-08-12,20.709999084472656,VIX
2024-08-13,18.1200008392334,VIX
2024-08-14,16.190000534057617,VIX
2024-08-15,15.229999542236328,VIX
2024-08-16,14.800000190734863,VIX
2024-08-19,14.649999618530273,VIX
2024-08-20,15.880000114440918,VIX
2024-08-21,16.270000457763672,VIX
2024-08-22,17.549999237060547,VIX
2024-08-23,15.859999656677246,VIX
2024-08-26,16.149999618530273,VIX
2024-08-27,15.430000305175781,VIX
2024-08-28,17.110000610351562,VIX
2024-08-29,15.649999618530273,VIX
2024-08-30,15.0,VIX
2024-09-03,20.719999313354492,VIX
2024-09-04,21.31999969482422,VIX
2024-09-05,19.899999618530273,VIX
2024-09-06,22.3799991607666,VIX
2024-09-09,19.450000762939453,VIX
2024-09-10,19.079999923706055,VIX
2024-09-11,17.690000534057617,VIX
2024-09-12,17.06999969482422,VIX
2024-09-13,16.559999465942383,VIX
2024-09-16,17.139999389648438,VIX
2024-09-17,17.610000610351562,VIX
2024-09-18,18.229999542236328,VIX
2024-09-19,16.329999923706055,VIX
2024-09-20,16.149999618530273,VIX
2024-09-23,15.890000343322754,VIX
2024-09-24,15.390000343322754,VIX
2024-09-25,15.40999984741211,VIX
2024-09-26,15.369999885559082,VIX
2024-09-27,16.959999084472656,VIX
2024-09-30,16.729999542236328,VIX
2024-10-01,19.260000228881836,VIX
2024-10-02,18.899999618530273,VIX
2024-10-03,20.489999771118164,VIX
2024-10-04,19.209999084472656,VIX
2024-10-07,22.639999389648438,VIX
2024-10-08,21.420000076293945,VIX
2024-10-09,20.860000610351562,VIX
2024-10-10,20.93000030517578,VIX
2024-10-11,20.459999084472656,VIX
2024-10-14,19.700000762939453,VIX
2024-10-15,20.639999389648438,VIX
2024-10-16,19.579999923706055,VIX
2024-10-17,19.110000610351562,VIX
2024-10-18,18.030000686645508,VIX
2024-10-21,18.3700008392334,VIX
2024-10-22,18.200000762939453,VIX
2024-10-23,19.239999771118164,VIX
2024-10-24,19.079999923706055,VIX
2024-10-25,20.329999923706055,VIX
2024-10-28,19.799999237060547,VIX
2024-10-29,19.34000015258789,VIX
2024-10-30,20.350000381469727,VIX
2024-10-31,23.15999984741211,VIX
2024-11-01,21.8799991607666,VIX
2024-11-04,21.979999542236328,VIX
2024-11-05,20.489999771118164,VIX
2024-11-06,16.270000457763672,VIX
2024-11-07,15.199999809265137,VIX
2024-11-08,14.9399995803833,VIX
2024-11-11,14.970000267028809,VIX
2024-11-12,14.710000038146973,VIX
2024-11-13,14.020000457763672,VIX
2024-11-14,14.3100004196167,VIX
2024-11-15,16.139999389648438,VIX
2024-11-18,15.579999923706055,VIX
2024-11-19,16.350000381469727,VIX
2024-11-20,17.15999984741211,VIX
2024-11-21,16.8700008392334,VIX
2024-11-22,15.239999771118164,VIX
2024-11-25,14.600000381469727,VIX
2024-11-26,14.100000381469727,VIX
2024-11-27,14.100000381469727,VIX
2024-11-29,13.510000228881836,VIX
2024-12-02,13.34000015258789,VIX
2024-12-03,13.300000190734863,VIX
2024-12-04,13.449999809265137,VIX
2024-12-05,13.539999961853027,VIX
2024-12-06,12.770000457763672,VIX
2024-12-09,14.1899995803833,VIX
2024-12-10,14.180000305175781,VIX
2024-12-11,13.579999923706055,VIX
2024-12-12,13.920000076293945,VIX
2024-12-13,13.8100004196167,VIX
2024-12-16,14.6899995803833,VIX
2024-12-17,15.869999885559082,VIX
2024-12-18,27.6200008392334,VIX
2024-12-19,24.09000015258789,VIX
2024-12-20,18.360000610351562,VIX
2024-12-23,16.780000686645508,VIX
2024-12-24,14.270000457763672,VIX
2024-12-26,14.729999542236328,VIX
2024-12-27,15.949999809265137,VIX
2024-12-30,17.399999618530273,VIX
2024-12-31,17.350000381469727,VIX
2025-01-02,17.93000030517578,VIX
2025-01-03,16.1299991607666,VIX
2025-01-06,16.040000915527344,VIX
2025-01-07,17.81999969482422,VIX
2025-01-08,17.700000762939453,VIX
2025-01-10,19.540000915527344,VIX
2025-01-13,19.190000534057617,VIX
2025-01-14,18.709999084472656,VIX
2025-01-15,16.1200008392334,VIX
2025-01-16,16.600000381469727,VIX
2025-01-17,15.970000267028809,VIX
2025-01-21,15.0600004196167,VIX
2025-01-22,15.100000381469727,VIX
2025-01-23,15.020000457763672,VIX
2025-01-24,14.850000381469727,VIX
2025-01-27,17.899999618530273,VIX
2025-01-28,16.40999984741211,VIX
2025-01-29,16.559999465942383,VIX
2025-01-30,15.84000015258789,VIX
2025-01-31,16.43000030517578,VIX
2025-02-03,18.6200008392334,VIX
2025-02-04,17.209999084472656,VIX
2025-02-05,15.770000457763672,VIX
2025-02-06,15.5,VIX
2025-02-07,16.540000915527344,VIX
2025-02-10,15.8100004196167,VIX
2025-02-11,16.020000457763672,VIX
2025-02-12,15.890000343322754,VIX
2025-02-13,15.100000381469727,VIX
2025-02-14,14.770000457763672,VIX
2025-02-18,15.350000381469727,VIX
2025-02-19,15.270000457763672,VIX
2025-02-20,15.65999984741211,VIX
2025-02-21,18.209999084472656,VIX
2025-02-24,18.979999542236328,VIX
2025-02-25,19.43000030517578,VIX
2025-02-26,19.100000381469727,VIX
2025-02-27,21.1299991607666,VIX
2025-02-28,19.6299991607666,VIX
2025-03-03,22.780000686645508,VIX
2025-03-04,23.510000228881836,VIX
2025-03-05,21.93000030517578,VIX
2025-03-06,24.8700008392334,VIX
2025-03-07,23.3700008392334,VIX
2025-03-10,27.860000610351562,VIX
2025-03-11,26.920000076293945,VIX
2025-03-12,24.229999542236328,VIX
2025-03-13,24.65999984741211,VIX
2025-03-14,21.770000457763672,VIX
2025-03-17,20.510000228881836,VIX
2025-03-18,21.700000762939453,VIX
2025-03-19,19.899999618530273,VIX
2025-03-20,19.799999237060547,VIX
2025-03-21,19.280000686645508,VIX
2025-03-24,17.479999542236328,VIX
2025-03-25,17.149999618530273,VIX
2025-03-26,18.329999923706055,VIX
2025-03-27,18.690000534057617,VIX
2025-03-28,21.649999618530273,VIX
2025-03-31,22.280000686645508,VIX
2025-04-01,21.770000457763672,VIX
2025-04-02,21.510000228881836,VIX
2025-04-03,30.020000457763672,VIX
2025-04-04,45.310001373291016,VIX
2025-04-07,46.97999954223633,VIX
2025-04-08,52.33000183105469,VIX
2025-04-09,33.619998931884766,VIX
2025-04-10,40.720001220703125,VIX
2025-04-11,37.560001373291016,VIX
2025-04-14,30.889999389648438,VIX
2025-04-15,30.1200008392334,VIX
2025-04-16,32.63999938964844,VIX
2025-04-17,29.649999618530273,VIX
2025-04-21,33.81999969482422,VIX
2025-04-22,30.56999969482422,VIX
2025-04-23,28.450000762939453,VIX
2025-04-24,26.469999313354492,VIX
2025-04-25,24.84000015258789,VIX
2025-04-28,25.149999618530273,VIX
2025-04-29,24.170000076293945,VIX
2025-04-30,24.700000762939453,VIX
2025-05-01,24.600000381469727,VIX
2025-05-02,22.68000030517578,VIX
2025-05-05,23.639999389648438,VIX
2025-05-06,24.760000228881836,VIX
2025-05-07,23.549999237060547,VIX
2025-05-08,22.479999542236328,VIX
2025-05-09,21.899999618530273,VIX
2025-05-12,18.389999389648438,VIX
2025-05-13,18.219999313354492,VIX
2025-05-14,18.6200008392334,VIX
2025-05-15,17.829999923706055,VIX
2025-05-16,17.239999771118164,VIX
2025-05-19,18.139999389648438,VIX
2025-05-20,18.09000015258789,VIX
2025-05-21,20.8700008392334,VIX
2025-05-22,20.280000686645508,VIX
2025-05-23,22.290000915527344,VIX
2025-05-27,18.959999084472656,VIX
2025-05-28,19.309999465942383,VIX
2025-05-29,19.18000030517578,VIX
2025-05-30,18.56999969482422,VIX
2025-06-02,18.360000610351562,VIX
2025-06-03,17.690000534057617,VIX
2025-06-04,17.610000610351562,VIX
2025-06-05,18.479999542236328,VIX
2025-06-06,16.770000457763672,VIX
2025-06-09,17.15999984741211,VIX
2025-06-10,16.950000762939453,VIX
2025-06-11,17.260000228881836,VIX
2025-06-12,18.020000457763672,VIX
2025-06-13,20.81999969482422,VIX
2025-06-16,19.110000610351562,VIX
2025-06-17,21.600000381469727,VIX
2025-06-18,20.139999389648438,VIX
2025-06-20,20.6200008392334,VIX
2025-06-23,19.829999923706055,VIX
2025-06-24,17.479999542236328,VIX
2025-06-25,16.760000228881836,VIX
2025-06-26,16.59000015258789,VIX
2025-06-27,16.31999969482422,VIX
2025-06-30,16.729999542236328,VIX
2025-07-01,16.829999923706055,VIX
2025-07-02,16.639999389648438,VIX
2025-07-03,16.3799991607666,VIX
2025-07-07,17.790000915527344,VIX
2025-07-08,16.809999465942383,VIX
2025-07-09,15.9399995803833,VIX
2025-07-10,15.779999732971191,VIX
2025-07-11,16.399999618530273,VIX
2025-07-14,17.200000762939453,VIX
2025-07-15,17.3799991607666,VIX
2025-07-16,17.15999984741211,VIX
2025-07-17,16.520000457763672,VIX
2025-07-18,16.40999984741211,VIX
2025-07-21,16.649999618530273,VIX
2025-07-22,16.5,VIX
2025-07-23,15.369999885559082,VIX
2025-07-24,15.390000343322754,VIX
2025-07-25,14.930000305175781,VIX
2025-07-28,15.029999732971191,VIX
2025-07-29,15.979999542236328,VIX
2025-07-30,15.479999542236328,VIX
2025-07-31,16.719999313354492,VIX
2025-08-01,20.3799991607666,VIX
2025-08-04,17.520000457763672,VIX
2025-08-05,17.850000381469727,VIX
2025-08-06,16.770000457763672,VIX
2025-08-07,16.56999969482422,VIX
2025-08-08,15.149999618530273,VIX
2025-08-11,16.25,VIX
2025-08-12,14.729999542236328,VIX
2025-08-13,14.489999771118164,VIX
2025-08-14,14.829999923706055,VIX
2025-08-15,15.09000015258789,VIX
2025-08-18,14.989999771118164,VIX
2025-08-19,15.569999694824219,VIX
2025-08-20,15.6899995803833,VIX
2025-08-21,16.600000381469727,VIX
2025-08-22,14.220000267028809,VIX
2025-08-25,14.789999961853027,VIX
2025-08-26,14.619999885559082,VIX
2025-08-27,14.850000381469727,VIX
2025-08-28,14.430000305175781,VIX
2025-08-29,15.359999656677246,VIX
2025-09-02,17.170000076293945,VIX
2025-09-03,16.350000381469727,VIX
2025-09-04,15.300000190734863,VIX
2025-09-05,15.180000305175781,VIX
2025-09-08,15.109999656677246,VIX
2025-09-09,15.039999961853027,VIX
2025-09-10,15.350000381469727,VIX
2025-09-11,14.710000038146973,VIX
2025-09-12,14.760000228881836,VIX
2025-09-15,15.6899995803833,VIX
2025-09-16,16.360000610351562,VIX
2025-09-17,15.720000267028809,VIX
2025-09-18,15.699999809265137,VIX
2025-09-19,15.449999809265137,VIX
2025-09-22,16.100000381469727,VIX
2025-09-23,16.639999389648438,VIX
2025-09-24,16.18000030517578,VIX
2025-09-25,16.739999771118164,VIX
2025-09-26,15.289999961853027,VIX
2025-09-29,16.1200008392334,VIX
2025-09-30,16.280000686645508,VIX
2025-10-01,16.290000915527344,VIX
2025-10-02,16.6299991607666,VIX
2025-10-03,16.649999618530273,VIX
2025-10-06,16.3700008392334,VIX
2025-10-07,17.239999771118164,VIX
2025-10-08,16.299999237060547,VIX
2025-10-09,16.43000030517578,VIX
2025-10-10,21.65999984741211,VIX
2025-10-13,19.030000686645508,VIX
2025-10-14,20.809999465942383,VIX
2025-10-15,20.639999389648438,VIX
2025-10-16,25.309999465942383,VIX
2025-10-17,20.780000686645508,VIX
2025-10-20,18.229999542236328,VIX
2025-10-21,17.8700008392334,VIX
2025-10-22,18.600000381469727,VIX
2025-10-23,17.299999237060547,VIX
2025-10-24,16.3700008392334,VIX
2025-10-27,15.789999961853027,VIX
2025-10-28,16.420000076293945,VIX
2025-10-29,16.920000076293945,VIX
2025-10-30,16.90999984741211,VIX
2025-10-31,17.440000534057617,VIX
2025-11-03,17.170000076293945,VIX
2025-11-04,19.0,VIX
2025-11-05,18.010000228881836,VIX
2025-11-06,19.5,VIX
2025-11-07,19.079999923706055,VIX
2025-11-10,17.600000381469727,VIX
2025-11-11,17.280000686645508,VIX
2025-11-12,17.510000228881836,VIX
2025-11-13,20.0,VIX
2025-11-14,19.829999923706055,VIX
2025-11-17,22.3799991607666,VIX
2025-11-18,24.690000534057617,VIX
2025-11-19,23.65999984741211,VIX
2025-11-20,26.420000076293945,VIX
2025-11-21,23.43000030517578,VIX
2025-11-24,20.520000457763672,VIX
2025-11-25,18.559999465942383,VIX
2025-11-26,17.190000534057617,VIX
2025-11-28,16.350000381469727,VIX
2025-12-01,17.239999771118164,VIX
2025-12-02,16.59000015258789,VIX
2025-12-03,16.079999923706055,VIX
2025-12-04,15.779999732971191,VIX
2025-12-05,15.40999984741211,VIX
2025-12-08,16.65999984741211,VIX
2025-12-09,16.93000030517578,VIX
2025-12-10,15.770000457763672,VIX
2025-12-11,14.850000381469727,VIX
2025-12-12,15.739999771118164,VIX
2025-12-15,16.5,VIX
2025-12-16,16.479999542236328,VIX
2025-12-17,17.6200008392334,VIX
2025-12-18,16.8700008392334,VIX
2025-12-19,14.90999984741211,VIX
2025-12-22,14.079999923706055,VIX
2025-12-23,14.0,VIX
2025-12-24,13.470000267028809,VIX
2025-12-26,13.600000381469727,VIX
2025-12-29,14.199999809265137,VIX
2025-12-30,14.329999923706055,VIX
2025-12-31,14.949999809265137,VIX
2026-01-02,14.510000228881836,VIX
2026-01-05,14.899999618530273,VIX
2026-01-06,14.75,VIX
2026-01-07,15.380000114440918,VIX
2026-01-08,15.449999809265137,VIX
2026-01-09,14.489999771118164,VIX
2026-01-12,15.119999885559082,VIX
2026-01-13,15.979999542236328,VIX
2026-01-14,16.75,VIX
2026-01-15,15.84000015258789,VIX
2026-01-16,15.859999656677246,VIX
2026-01-20,20.09000015258789,VIX
2026-01-21,16.899999618530273,VIX
2026-01-22,15.640000343322754,VIX
2026-01-23,16.09000015258789,VIX
2026-01-26,16.149999618530273,VIX
2026-01-27,16.350000381469727,VIX
2026-01-28,16.350000381469727,VIX
2026-01-29,16.8799991607666,VIX
2026-01-30,17.440000534057617,VIX
2026-02-02,16.34000015258789,VIX
2026-02-03,18.0,VIX
2026-02-04,18.639999389648438,VIX
2026-02-05,21.770000457763672,VIX
2026-02-06,20.3700008392334,VIX
2026-02-09,17.360000610351562,VIX
2026-02-10,17.790000915527344,VIX
2026-02-11,17.649999618530273,VIX
2026-02-12,20.81999969482422,VIX
2026-02-13,20.600000381469727,VIX
2026-02-17,20.290000915527344,VIX
2026-02-18,19.6200008392334,VIX
2026-02-19,20.229999542236328,VIX
2026-02-20,19.09000015258789,VIX
2026-02-23,21.010000228881836,VIX
2026-02-24,19.549999237060547,VIX
2026-02-25,17.93000030517578,VIX
2026-02-26,18.6299991607666,VIX
2026-02-27,19.860000610351562,VIX
2026-03-02,21.440000534057617,VIX
2026-03-03,23.56999969482422,VIX
2026-03-04,21.149999618530273,VIX
2026-03-05,23.75,VIX
2026-03-06,29.489999771118164,VIX
2026-03-09,25.5,VIX
2026-03-10,24.93000030517578,VIX
2026-03-11,24.229999542236328,VIX
2026-03-12,27.290000915527344,VIX
2026-03-13,27.190000534057617,VIX
2026-03-16,23.510000228881836,VIX
2026-03-17,22.3700008392334,VIX
2026-03-18,25.09000015258789,VIX
2026-03-19,24.059999465942383,VIX
2026-03-20,26.780000686645508,VIX
2026-03-23,26.149999618530273,VIX
2026-03-24,26.950000762939453,VIX
2026-03-25,25.329999923706055,VIX
2026-03-26,27.440000534057617,VIX
2026-03-27,31.049999237060547,VIX
2026-03-30,30.610000610351562,VIX
2026-03-31,25.25,VIX
2026-04-01,24.540000915527344,VIX
2026-04-02,23.8700008392334,VIX
2026-04-06,24.170000076293945,VIX
2026-04-07,25.780000686645508,VIX
2026-04-08,21.040000915527344,VIX
2026-04-09,19.489999771118164,VIX
2026-04-10,19.229999542236328,VIX
2026-04-13,19.1200008392334,VIX
2026-04-14,18.360000610351562,VIX
2026-04-15,18.170000076293945,VIX
2026-04-16,17.940000534057617,VIX
2026-04-17,17.479999542236328,VIX
2026-04-20,18.8700008392334,VIX
2026-04-21,19.5,VIX
2026-04-22,18.920000076293945,VIX
2026-04-23,19.309999465942383,VIX
2026-04-24,18.709999084472656,VIX
2026-04-27,18.020000457763672,VIX
2026-04-28,17.829999923706055,VIX
2026-04-29,18.809999465942383,VIX
2026-04-30,16.889999389648438,VIX
2026-05-01,16.989999771118164,VIX
2026-05-04,18.290000915527344,VIX
2026-05-05,17.3799991607666,VIX
2026-05-06,17.389999389648438,VIX
2026-05-07,17.079999923706055,VIX
2026-05-08,17.190000534057617,VIX
2026-05-11,18.3799991607666,VIX
2026-05-12,17.989999771118164,VIX
2026-05-13,17.8700008392334,VIX
2026-05-14,17.260000228881836,VIX
2026-05-15,18.43000030517578,VIX
2026-05-18,17.81999969482422,VIX
2026-05-19,18.059999465942383,VIX
2026-05-20,17.440000534057617,VIX
2026-05-21,16.760000228881836,VIX
2026-05-22,16.700000762939453,VIX
2026-05-25,16.59000015258789,VIX
2026-05-26,17.010000228881836,VIX
2026-05-27,16.290000915527344,VIX
2026-05-28,15.739999771118164,VIX
2026-05-29,15.319999694824219,VIX
2026-06-01,16.049999237060547,VIX
2026-06-02,15.770000457763672,VIX
2026-06-03,16.059999465942383,VIX
2026-06-04,15.399999618530273,VIX
2026-06-05,21.510000228881836,VIX
2026-06-08,18.920000076293945,VIX
2026-06-09,19.8700008392334,VIX
2026-06-10,22.219999313354492,VIX
2026-06-11,19.440000534057617,VIX
2026-06-12,17.68000030517578,VIX
2026-06-15,16.200000762939453,VIX
2026-06-16,16.40999984741211,VIX
2026-06-17,18.440000534057617,VIX
2026-06-18,16.399999618530273,VIX
2026-06-22,17.280000686645508,VIX
2026-06-23,19.489999771118164,VIX
2026-06-24,18.6299991607666,VIX
2026-06-25,18.889999389648438,VIX
2026-06-26,18.40999984741211,VIX
2026-06-29,17.649999618530273,VIX
2026-06-30,16.450000762939453,VIX
2026-07-01,16.59000015258789,VIX
2026-07-02,16.149999618530273,VIX
2026-07-06,15.569999694824219,VIX
2026-07-07,16.1299991607666,VIX
2026-07-08,16.899999618530273,VIX
2026-07-09,15.84000015258789,VIX
2026-07-10,15.029999732971191,VIX
2026-07-13,17.15999984741211,VIX
2026-07-14,16.5,VIX
2026-07-15,15.670000076293945,VIX
2026-07-16,16.729999542236328,VIX
2026-07-17,18.770000457763672,VIX
2026-07-20,18.649999618530273,VIX
2026-07-21,17.049999237060547,VIX
2026-07-22,16.639999389648438,VIX
2026-07-23,18.700000762939453,VIX
2026-07-24,18.579999923706055,VIX
2026-07-27,18.670000076293945,VIX
2026-07-28,18.209999084472656,VIX
2026-07-29,20.65999984741211,VIX
2026-07-30,17.09000015258789,VIX
2026-07-31,15.989999771118164,VIX
2026-08-03,15.859999656677246,VIX
2026-08-04,16.5,VIX
2026-08-05,15.8100004196167,VIX
2026-08-06,15.149999618530273,VIX
2026-08-07,14.899999618530273,VIX
2026-08-10,15.460000038146973,VIX
2026-08-11,15.279999732971191,VIX
2026-08-12,14.550000190734863,VIX
2026-08-13,14.630000114440918,VIX
2026-08-14,14.25,VIX
2026-08-17,15.1899995803833,VIX
2026-08-18,15.84000015258789,VIX
2026-08-19,14.890000343322754,VIX
2026-08-20,16.010000228881836,VIX
2026-08-21,15.130000114440918,VIX
2026-08-24,15.850000381469727,VIX
2026-08-25,15.449999809265137,VIX
2026-08-26,15.210000038146973,VIX
2026-08-27,14.510000228881836,VIX
2026-08-28,14.430000305175781,VIX
2026-08-31,14.920000076293945,VIX
2026-09-01,16.34000015258789,VIX
2026-09-02,15.199999809265137,VIX
2026-09-03,14.319999694824219,VIX
2026-09-04,14.529999732971191,VIX
2026-09-07,15.300000190734863,VIX
2026-09-08,15.720000267028809,VIX
2026-09-09,16.459999084472656,VIX
2026-09-10,17.84000015258789,VIX
2026-09-11,15.84000015258789,VIX
2026-09-14,17.100000381469727,VIX
2026-09-15,17.200000762939453,VIX
2026-09-16,17.709999084472656,VIX
2026-09-17,15.4399995803833,VIX
2026-09-18,15.390000343322754,VIX
